# decimated from body_3d.obj (Moraes reconstruction)
v -4.288932 24.178820 -76.834803
v -2.836904 24.679874 -76.383263
v -2.128285 24.586191 -77.544305
v -1.948174 25.240849 -77.957583
v -1.716701 24.746111 -77.642880
v -3.237497 25.535687 -78.458548
v -0.550380 25.572088 -77.802464
v -1.662283 24.858786 -77.246221
v -4.678234 24.691116 -78.190643
v -2.177350 25.197010 -74.647362
v -5.381770 23.636755 -77.863946
v -1.625799 25.317462 -73.037264
v -4.268462 25.536801 -79.360063
v -1.051813 26.199756 -79.022786
v -2.230230 25.997208 -80.537767
v -6.261967 22.876076 -78.617351
v -0.035410 28.058922 -72.429393
v 0.370915 26.598900 -71.992229
v -1.120193 25.848498 -72.593851
v -0.779208 26.323056 -72.981307
v -1.985858 25.601674 -70.794599
v -1.393167 26.505184 -72.954683
v -0.675064 27.036148 -72.641662
v -1.306679 25.976328 -70.026488
v -0.828138 25.871492 -70.376841
v 0.082928 26.330339 -69.734786
v -0.095892 26.337470 -70.284843
v -0.903013 26.735157 -70.745635
v -1.064170 25.895138 -70.353358
v -0.138009 25.826670 -70.368089
v -1.379551 25.373419 -70.507845
v -1.907423 25.209319 -72.292777
v -3.166983 22.838580 -70.014827
v -0.472809 25.709245 -69.421526
v -1.963338 24.402019 -68.935752
v -0.783646 23.579400 -74.170745
v -2.333401 23.209171 -68.482381
v -0.007162 25.768697 -71.789840
v -0.006191 23.904796 -67.349150
v -3.795085 19.973088 -71.338173
v -2.892520 20.906606 -73.803687
v -1.145388 21.072352 -74.684357
v -0.078213 20.982704 -66.825099
v -0.000497 22.372823 -74.064009
v -2.624571 18.686974 -73.485092
v -2.995937 18.999810 -68.754751
v -0.009026 17.115264 -65.412066
v -2.322517 17.408853 -67.279047
v -0.009446 18.739898 -73.692188
v -3.455843 16.255579 -71.339792
v -2.491980 16.700436 -72.527656
v -1.968425 15.740782 -68.418131
v -0.259137 16.761627 -72.782090
v -1.382651 15.667523 -71.690092
v -2.413544 15.453919 -70.719746
v -0.315288 15.565098 -69.813399
v -2.086810 25.127369 -69.841754
v -4.030120 24.622091 -82.046632
v -5.063422 23.867553 -81.227805
v -0.921559 25.687353 -68.972066
v -0.183027 24.852814 -65.969785
v -5.216256 16.307454 -70.236526
v -5.563472 13.413713 -69.342311
v -4.591597 15.384058 -66.437882
v -4.805699 14.503367 -63.661614
v -5.711987 13.151777 -62.218675
v -5.593806 15.733343 -60.522312
v -0.970318 22.733592 -65.370091
v -0.858434 19.523597 -63.654903
v 0.001100 19.651536 -61.928441
v -2.720525 17.944279 -59.948054
v -2.218458 18.855010 -63.960831
v -0.644881 18.294899 -58.751667
v -4.991226 10.781187 -64.237700
v -3.514829 9.842435 -68.783550
v -4.637285 10.478284 -65.635463
v -5.869123 9.068418 -62.039600
v -3.220134 9.020664 -65.816490
v -1.023845 8.248936 -66.742910
v -0.458529 7.607182 -61.044056
v -7.247906 12.545076 -79.940492
v -3.907720 10.038070 -86.329715
v -6.550570 11.489127 -74.811287
v -6.458771 11.603009 -84.365855
v -4.774283 13.432853 -86.725925
v -1.638746 13.311831 -87.921656
v -1.980036 8.665418 -70.700872
v -4.666364 19.122642 -67.683850
v -2.352174 24.443249 -68.092782
v -1.257142 25.766194 -75.709317
v -5.356769 19.115744 -70.700220
v -3.164426 22.952572 -66.789174
v -1.784171 20.102964 -64.744019
v -3.984025 16.978954 -62.443980
v -0.247378 6.765688 -73.724691
v -5.527492 8.216226 -80.232282
v -3.094446 6.175861 -79.190774
v -0.000011 5.492274 -76.788434
v -3.818393 7.337895 -83.336418
v -4.312289 17.934749 -86.890428
v -6.832569 15.358630 -83.171533
v 0.464839 24.056167 -85.239215
v -5.654465 17.225468 -85.662052
v 0.543615 17.884529 -88.072117
v -3.852138 17.501998 -66.430778
v -3.157757 8.216368 -62.972870
v -2.553635 20.448563 -86.995796
v -3.771046 24.938063 -77.744060
v -2.086393 24.903720 -77.617306
v -4.609647 23.870800 -77.756166
v -3.406206 24.733547 -77.253190
v -2.749936 24.793360 -76.763460
v -2.088676 24.798967 -78.432615
v -3.837070 24.740584 -78.541961
v -4.672797 23.660280 -78.370791
v -1.989959 23.803061 -76.649751
v -1.771618 24.414546 -77.421893
v -2.375794 23.758739 -79.161510
v -4.292537 24.148340 -76.879353
v -3.168122 23.524538 -76.143157
v -4.649470 23.146432 -77.592297
v -1.427987 23.688778 -78.157703
v -3.994506 22.492693 -76.923186
v -4.087354 23.505665 -79.044265
v -3.282435 22.700782 -79.070776
v -2.131907 22.465588 -78.565839
v -1.656225 22.733146 -77.431213
v -4.163514 22.396461 -78.316207
v -3.461076 21.993103 -77.992644
v -13.789183 19.955476 -49.061326
v -17.322244 17.818372 -52.266800
v -11.091030 20.287117 -51.037897
v -7.811658 22.676456 -47.613853
v -11.034770 15.492221 -57.832607
v -15.519796 11.756906 -59.887261
v 0.013729 22.625754 -48.319359
v -22.279356 15.729438 -49.906207
v -16.694999 18.292810 -48.091280
v -15.247080 17.771312 -45.467217
v -23.943056 14.026995 -49.181608
v -15.198527 19.352159 -47.931571
v -18.047990 14.709610 -45.582570
v -16.702441 15.121594 -46.552492
v -20.575918 16.315905 -54.384928
v -18.355889 15.845087 -57.126956
v -23.053184 14.890725 -45.046410
v -8.471498 15.954699 -57.927385
v -4.310193 7.460097 -61.184158
v -12.386129 5.831494 -58.670034
v -3.242544 22.326595 -50.365819
v -3.628300 17.629176 -57.280452
v -8.037211 12.494076 -61.451406
v -13.732168 10.092373 -60.697402
v 0.011862 6.796432 -59.595081
v -6.327253 10.860147 -62.297355
v -6.902151 18.833315 -54.847187
v 0.009081 18.726265 -55.493726
v -8.325427 4.254008 -57.374228
v -18.141093 6.512170 -56.020792
v -20.463792 9.615077 -57.330658
v -20.744498 13.731916 -57.006701
v -12.135420 2.620556 -51.840691
v -12.108116 3.157101 -43.926448
v -10.922320 1.630434 -48.559109
v -7.598263 0.527364 -50.831968
v -6.721423 0.933278 -43.563979
v -2.545181 3.984856 -54.451242
v -21.924651 11.076704 -55.938680
v -13.580923 4.835135 -43.652400
v -23.344057 8.891092 -52.534463
v -24.010606 10.792901 -51.970434
v -19.123123 5.256062 -51.105913
v -17.571580 4.720643 -49.614630
v -14.921327 8.015305 -43.647389
v -24.690047 9.076565 -47.815892
v -15.963027 8.572974 -45.968689
v -15.296683 11.744221 -41.351621
v -21.710896 7.001418 -44.882435
v -16.615710 12.646820 -46.073037
v -25.282943 11.272659 -46.816760
v -24.087406 8.766661 -38.454825
v -16.903426 8.336930 -43.453599
v -15.278022 5.775226 -46.175902
v -23.432310 13.457038 -52.727391
v -22.707128 7.175773 -51.041584
v -20.238324 16.166974 -47.417124
v -19.132267 7.006333 -42.114292
v -11.806654 4.642575 -37.345131
v -17.829386 13.031415 -41.260979
v -21.847370 7.238768 -39.803416
v -17.213323 9.429967 -39.622610
v -17.755783 12.196950 -38.098382
v -21.618991 15.506342 -45.164576
v -19.291182 14.790641 -40.797634
v -23.844252 16.134369 -34.731315
v -24.875679 10.033485 -41.316246
v -24.542945 13.447406 -41.213163
v -25.443585 14.211396 -32.967619
v -20.130624 15.047225 -30.268268
v -22.135585 9.096812 -28.906851
v -9.009989 23.030220 -42.972214
v -9.881816 22.678086 -43.959988
v -8.406263 22.967757 -44.783850
v -8.197104 22.986549 -41.469814
v -11.238207 21.437927 -45.190658
v -3.696908 23.855315 -44.019428
v -7.424297 21.925943 -37.856181
v -12.217168 20.499144 -41.753293
v 0.020744 23.230231 -42.573426
v 6.617115 26.250890 -1.810384
v 7.094147 23.508694 -1.207265
v 6.489615 24.918335 -1.245563
v 7.079342 25.113842 -1.958700
v 6.532144 23.691900 -0.788794
v 5.009598 28.552204 -3.099322
v 2.759850 27.665325 -3.808831
v 4.007630 27.140702 -2.901053
v 3.880692 27.272193 -5.853226
v 3.267611 28.511717 -4.489833
v 4.195131 27.829556 -2.651050
v 4.701078 26.549212 -4.025258
v 5.640929 28.151452 -3.923958
v 5.521615 25.831163 -1.496088
v 5.976163 23.473130 -1.716035
v 6.606148 23.581206 -2.408161
v 5.673932 25.291325 -3.027464
v 4.152012 26.780168 -3.318154
v 6.845530 26.035351 -2.986118
v 5.227780 25.449187 -2.297382
v 2.234821 28.680736 -2.425076
v 1.171297 26.691688 -1.720177
v 3.135633 27.205165 -0.136743
v 2.495582 27.508306 -3.465028
v 5.868047 24.518520 1.579637
v 6.497542 24.818478 0.839051
v 6.200889 23.597541 1.979524
v 4.288258 28.417549 -0.427314
v 5.709042 26.119281 0.611754
v 3.870502 25.735812 -0.657171
v 5.740875 25.697883 -0.789628
v 4.094552 25.509819 0.294356
v 3.498603 27.862815 0.054414
v 6.625342 24.788763 0.452881
v 4.691466 24.687689 0.216500
v 7.189415 23.390647 0.890664
v 4.572948 27.238896 -1.760444
v 6.331968 22.854745 0.740150
v 3.447034 26.549692 -1.027771
v 6.841249 23.214341 1.749220
v 0.902248 28.143229 -1.127411
v 2.747837 25.324538 2.168289
v 1.125678 27.258554 -1.517488
v 3.086127 25.487063 2.576781
v 5.339161 23.414201 2.050478
v 4.007337 23.985739 1.264986
v 4.590110 24.990955 2.256916
v 3.988285 25.536079 0.955520
v 2.006994 28.277142 0.919052
v 1.763296 26.500618 0.165674
v 2.597342 27.918998 -0.033768
v 1.310948 27.532716 1.408209
v 3.844930 26.091017 2.368839
v 4.059590 24.633457 2.752255
v 0.485518 26.464855 -1.457661
v 3.132654 25.150713 1.304545
v -0.107221 26.222892 -0.648587
v 1.133533 26.728279 0.932759
v 4.684562 23.240485 2.963282
v 0.115259 25.687995 2.762710
v 0.485839 26.392570 2.722630
v -2.151316 27.873623 0.378004
v -2.686956 26.229946 0.654305
v 1.280613 25.190354 3.024947
v 2.096951 24.564002 2.815814
v -0.810707 27.438510 1.591208
v -0.268820 27.034165 0.664036
v 0.298776 25.389749 1.868871
v 0.812635 25.798677 1.446349
v 1.077734 26.420107 2.522604
v 1.145743 24.055465 2.550452
v 1.584764 24.507620 3.356444
v 4.134161 24.717179 -7.333908
v 4.785790 24.365788 -6.554358
v 4.054322 23.869794 -6.276167
v 3.122620 24.180954 -9.151192
v 1.733034 23.786354 -7.618708
v 2.484791 25.090814 -7.845409
v 1.246028 23.258705 -9.278153
v 2.834619 23.389247 -9.156148
v 2.117380 24.795590 -7.493353
v 4.981496 23.017927 -6.897789
v 3.365558 22.660734 -7.162528
v 3.816827 23.691191 -8.051474
v 3.150589 24.703479 -8.251612
v 7.327255 23.607876 -1.935065
v 4.686068 28.074317 -1.266610
v 4.233095 25.976297 1.403826
v 5.281364 23.863546 2.147963
v -2.021385 28.005079 -0.402319
v 1.254685 26.200931 1.925892
v 5.509878 27.238900 -4.466552
v 2.091179 26.308563 -3.800111
v 3.138737 26.435446 -4.420272
v 6.487016 25.503013 -3.300086
v 5.851678 22.955767 1.506176
v 5.410435 24.994003 -0.671321
v 2.437519 27.210025 -0.274494
v 3.854038 23.331817 2.204233
v 2.053590 24.646044 2.465798
v 0.975429 24.931736 3.284738
v -0.823841 26.097738 2.080753
v 2.926153 26.480161 -5.431998
v 1.343893 28.790204 -2.178187
v 1.050085 25.833981 -3.005359
v -0.887707 28.861244 -1.108507
v -2.420530 25.939919 0.270948
v -1.317349 23.829681 -10.967346
v 1.581702 28.520756 -4.500293
v 3.568742 28.304573 -5.517221
v 0.587180 26.936297 -8.115342
v -2.158126 26.136099 -4.532080
v -2.987192 27.039541 0.619213
v -3.366417 24.282150 -10.779982
v -2.889619 27.739866 0.255457
v -0.355013 28.531203 -2.261709
v -3.560110 28.518293 -9.263664
v -5.610399 24.814056 -2.657886
v -0.825380 26.520486 -10.006494
v -0.261737 29.152615 -4.094334
v 1.964295 28.848806 -5.724387
v 4.300103 26.618733 -5.005447
v 3.013571 26.684813 -2.689221
v -0.094760 28.550940 -0.403080
v -0.946511 26.917033 -0.164500
v -1.770238 26.166147 -0.138849
v -24.486677 15.353763 -31.059261
v -22.056502 16.598279 -32.832065
v -25.952443 11.429528 -27.930252
v -25.203113 10.846089 -31.842151
v -25.996831 13.184507 -29.861940
v -22.507176 8.381137 -34.568159
v -19.128439 9.959435 -31.277612
v -18.623717 12.070992 -31.680093
v -19.343475 12.072379 -29.240447
v -22.988100 15.668802 -30.037895
v -25.929649 14.710533 -27.498274
v -24.365035 9.889996 -27.336452
v -19.228782 13.194751 -26.822983
v -25.767926 14.022040 -25.090566
v -25.365821 11.760944 -24.616158
v -21.903740 15.689207 -28.500106
v -20.200357 14.848011 -28.078419
v -22.108549 16.813859 -27.514667
v -23.912663 16.871825 -26.514180
v -19.858788 11.223688 -25.751773
v -23.964628 10.459738 -23.348428
v -18.359957 14.789477 -26.409918
v -18.112538 12.064975 -26.027731
v -23.862281 13.497699 -21.633615
v -24.177181 16.738361 -23.764432
v -20.977620 10.415926 -23.778759
v -19.434550 10.720303 -24.573438
v -18.362831 17.438348 -24.989151
v -15.439914 16.185860 -22.307705
v -16.333571 21.732855 -18.770800
v -21.113076 17.294565 -18.474811
v -16.012431 14.374372 -19.681165
v -11.300635 24.398405 -15.076054
v -12.793926 20.777590 -17.729189
v -14.090711 16.964471 -19.079928
v -11.736762 21.523376 -11.392173
v -14.928972 23.479050 -13.991113
v -15.216013 22.344228 -13.119710
v -14.217238 21.748345 -11.734892
v -8.218869 24.520504 -10.062784
v -9.328494 23.411753 -12.792756
v -14.912192 23.419727 -15.397929
v -8.943116 24.947781 -7.798320
v -9.470157 28.226808 -7.285119
v -11.081268 27.111233 -8.355267
v -3.046782 27.321126 -10.671169
v -6.692318 27.172578 -10.663774
v -4.853033 29.086620 -6.505109
v -5.879540 28.446381 -9.398208
v 1.391729 23.278266 -8.438989
v 0.220870 25.635637 -8.544185
v 0.492993 25.458403 -9.622198
v -0.092658 25.037625 -8.108215
v 0.148509 25.942860 -8.074980
v -1.364625 25.142858 -11.358305
v -0.687754 24.100794 -8.417325
v -2.303117 23.399353 -9.248392
v -1.797407 24.881233 -6.964606
v -3.006616 28.786484 -2.856842
v -6.788473 25.443392 -2.735553
v -7.533034 24.426966 -6.075750
v -6.400272 25.023848 -8.574323
v -2.733241 23.139975 -73.055628
v -2.051428 24.622987 -70.144763
v -1.876651 25.207834 -70.230072
v -13.344035 17.388455 -54.523990
v -18.207290 17.985273 -49.388100
v -20.101997 15.586433 -43.668224
v -3.762423 1.641357 -46.716591
v 0.010217 3.005070 -47.549771
v -18.986389 5.838664 -47.546401
v -17.140456 5.258376 -47.969294
v -15.214978 4.094701 -48.130698
v -20.237929 9.179579 -31.131282
v -23.322582 9.070763 -25.711470
v -22.267498 9.760304 -24.067060
v -19.086678 14.903330 -17.803606
v -13.918357 20.073278 -12.239633
v -10.916331 25.597514 -8.077743
v -0.750580 25.850948 -2.066297
v 0.807275 25.761679 -6.610621
v -5.804534 24.505728 -7.697183
v -7.434068 0.575413 -47.581293
v -16.976863 7.060120 -46.121272
v -21.208380 9.390343 -27.428065
v -17.389444 14.043845 -18.669696
v -7.165103 27.260446 -3.359480
v -9.382727 27.617202 -10.942017
v -6.512557 25.814417 -10.502357
v -9.346284 28.447661 -8.778655
v -9.248065 25.671712 -6.378091
v -5.031964 25.829078 -10.426360
v -0.000191 2.823377 -38.830235
v -14.987765 15.821428 -39.926612
v -9.033765 2.657459 -38.063206
v -5.972500 1.316873 -38.156856
v -1.841111 2.628736 -36.002227
v -13.463686 10.953030 -32.352392
v -11.420310 5.976227 -31.951304
v -13.859750 15.085334 -35.444697
v -8.891176 3.748145 -29.776124
v -3.831620 3.124550 -28.035463
v -0.000130 4.423043 -24.788641
v -12.614078 11.984342 -26.078307
v -12.622952 15.550537 -25.426023
v -6.583436 2.678104 -29.815581
v -4.562237 4.606624 -21.686704
v -10.511728 6.359850 -24.805626
v -9.075114 6.278392 -20.137806
v -2.180277 4.853213 -22.222284
v -11.568383 8.353627 -25.096642
v -0.000673 5.652052 -22.707037
v -0.007704 22.826250 -22.832889
v -0.012922 5.533994 -18.200605
v -12.032823 18.546545 -37.907928
v -12.616671 16.994762 -33.425556
v -6.283047 22.169274 -28.365691
v -10.310413 19.442662 -28.853898
v -3.812717 23.305738 -30.934903
v -3.686882 23.494145 -38.790941
v -10.629317 19.382177 -23.143175
v -1.402753 23.443374 -15.960379
v 0.000049 22.621534 -17.189937
v -5.336079 23.533457 -16.070239
v -13.602178 12.849017 -21.109157
v -13.859548 11.400229 -18.026262
v -12.404794 17.328384 -22.448312
v -11.955634 8.162241 -18.517053
v -0.360851 23.173418 -27.522067
v -3.685503 23.141334 -21.597267
v -15.248353 11.126906 -13.108681
v -14.319838 8.277859 -12.924555
v -13.829598 17.220420 -17.167806
v -12.341319 20.056217 -14.956700
v -6.387634 5.647742 -17.340789
v -9.273881 6.156596 -17.427342
v -2.904745 5.027430 -17.550756
v -3.626573 4.744362 -15.164598
v -12.580135 6.195684 -13.067231
v -3.699727 2.808025 -9.009646
v -7.567884 2.189607 -5.506569
v -3.568539 1.808554 -4.003691
v -1.705640 2.620631 -3.679364
v 0.055266 4.823845 -3.048186
v -11.629238 3.841244 -5.027871
v -7.142964 2.184114 -0.594616
v -2.802607 3.401344 1.438986
v -0.841890 4.740273 0.722632
v -10.915050 3.420518 -2.156870
v -5.425541 2.981683 2.634037
v -0.145152 6.257758 0.407213
v -8.744807 3.712989 4.789606
v -9.732923 3.495981 0.790871
v -3.051366 6.420608 5.207908
v -0.521515 8.488439 3.122633
v -11.637378 5.204119 7.028751
v -6.185001 4.704564 6.278302
v -4.177337 6.889234 8.698757
v -16.221754 14.959549 -6.035271
v -14.134566 6.352988 -4.605487
v -15.720564 16.640229 -0.218618
v -14.443954 19.575497 -5.097336
v -13.517986 5.936385 0.637449
v -16.321073 13.958622 1.673433
v -15.048265 8.341427 -0.473946
v -15.968149 17.099580 9.128407
v -14.365794 19.321593 1.504878
v -15.413852 8.848322 7.245546
v -11.958288 21.445063 -8.424088
v -8.345864 22.701885 -8.458285
v -5.186162 23.546078 -9.300400
v -9.730092 22.244024 -8.654146
v -12.758200 20.783913 -0.689607
v -6.394791 21.805200 -5.519418
v -10.405970 21.869370 -3.940027
v -5.398584 20.232413 -1.711972
v -10.100922 21.812166 1.847235
v -7.398716 21.505233 2.422498
v -0.326763 20.225192 0.716046
v -3.118408 19.170606 1.830308
v -2.538187 22.276562 -3.627413
v -0.044665 23.734120 -12.263378
v 0.036393 17.813506 3.021369
v 0.026072 10.600492 3.572361
v -1.791076 18.370209 2.678926
v -0.749491 16.104289 3.268059
v -1.183930 8.728137 4.032013
v -15.850627 17.116154 -5.051057
v -9.332242 6.153200 11.703275
v -5.418706 20.182711 4.029236
v -14.391258 19.985876 9.297261
v -12.470547 21.951581 10.378294
v -2.394412 19.062706 7.609364
v -0.373194 11.605202 7.593241
v -2.453920 8.056046 6.419896
v -11.573246 6.637671 11.503709
v -13.663138 6.761203 7.496355
v -16.513603 14.477057 9.743832
v -16.548790 11.665231 8.160324
v -4.673604 20.826704 8.192701
v -1.333727 9.613237 5.288714
v -7.112480 23.504999 16.290502
v -0.545914 16.584761 12.614055
v -3.941046 7.444654 18.566036
v -11.688107 8.892897 20.382201
v -14.932671 14.050042 18.253212
v -9.495939 23.277567 21.464572
v -4.519296 22.594181 21.694143
v -13.517568 20.239487 16.530699
v 0.266686 12.938082 17.910188
v -0.204582 10.908490 18.691697
v -1.445697 9.274018 24.011587
v -7.040485 23.341912 25.031887
v -11.486776 20.410368 27.074148
v -2.102248 21.001731 28.466475
v -5.626379 8.747289 29.735491
v -10.760025 12.016169 29.492056
v 0.491206 14.214355 31.512431
v -12.680967 16.899941 26.372965
v -3.397947 9.153860 30.034420
v -7.483178 9.120189 29.526213
v -7.997414 20.389791 39.318602
v -5.832106 10.651878 36.476586
v -7.237576 22.046583 34.015662
v -7.458701 11.921947 38.733961
v -10.464761 16.082437 34.638535
v -9.993892 14.592774 36.801944
v -2.149810 21.586785 38.483683
v 1.032310 15.287045 39.620515
v -1.525241 11.102353 35.723334
v -4.764515 22.505836 32.504511
v -0.354701 19.533877 34.398411
v -5.575766 21.746210 39.383766
v -9.504968 14.378428 45.006292
v -9.681858 16.295199 42.446627
v -9.466414 18.651199 37.524920
v -0.413477 20.032901 39.872169
v 0.265143 12.982444 34.482307
v -1.150884 11.729854 42.102897
v -3.306979 10.554007 41.852434
v -6.634306 20.231815 46.192182
v -2.064363 21.002422 43.382528
v -5.738886 21.477166 44.234981
v -5.156689 10.639815 40.987435
v -9.296000 15.711067 46.186687
v -4.028517 21.765754 44.032887
v -3.086117 9.958761 45.252458
v -5.742704 9.788417 44.759341
v -8.467506 12.030023 44.853569
v -3.320100 18.518370 49.944626
v -0.489760 12.126752 45.716858
v -5.099465 19.394487 49.684263
v -6.108000 18.169146 52.078138
v -7.939586 18.066512 48.812208
v -0.192874 13.762704 50.823274
v -0.152590 11.777012 48.648493
v -3.025225 6.550555 52.156814
v -8.924895 9.021366 51.452921
v -10.262750 11.859077 53.275061
v 0.637351 9.854469 55.341182
v -9.178196 14.908351 56.009020
v -0.534664 8.322855 52.726898
v -2.999658 16.279828 58.747090
v -5.332780 6.751980 50.987535
v -5.642794 16.942572 58.933962
v -8.180343 16.736762 53.582518
v -0.857868 14.698031 53.269516
v -3.241751 5.534204 58.886916
v -0.508564 6.439513 58.720587
v -8.617340 8.282686 60.040300
v -9.674260 10.356360 59.644880
v 1.270800 10.840630 61.325045
v -6.836602 6.611233 59.393434
v -9.252285 12.842208 60.737900
v -7.758226 10.354216 68.239245
v -4.252201 16.804578 59.582075
v -3.793091 14.308471 70.629760
v -6.179964 15.561072 64.445096
v 0.136051 12.773965 62.525516
v 0.910026 8.672532 60.466645
v -6.234123 13.440920 69.483195
v -1.165918 6.230327 68.602472
v -1.213523 12.143270 75.783662
v -3.692534 5.853602 71.413545
v -5.445812 7.217382 76.390967
v -4.613830 10.471975 81.640643
v -3.257401 13.128164 76.484931
v -0.340516 10.846537 74.353234
v 3.758771 7.707342 92.217767
v 4.665703 11.145830 93.697339
v -3.581982 5.524195 79.219347
v -2.132398 4.833745 81.145924
v 0.216052 6.782451 78.748462
v -4.466923 7.133006 83.818346
v -4.267306 11.702180 80.992351
v -1.687639 12.563487 81.460564
v -0.275392 11.435145 81.238438
v -0.847600 13.015585 84.865699
v -2.759805 12.604908 83.935412
v -4.137406 25.262335 -77.351502
v -4.473512 24.149114 -77.633825
v -3.581574 25.096441 -77.245280
v -1.156211 24.924303 -77.865087
v -3.026662 25.630438 -77.170087
v 8.163066 20.822698 98.547347
v 8.635560 19.645143 98.349090
v 9.496723 20.022138 99.492424
v 6.490923 20.690390 99.575222
v 8.790939 22.319330 100.818063
v 8.043991 20.895581 101.775392
v 8.343419 21.393440 99.448873
v 7.845345 18.854313 100.372095
v 7.151905 20.993726 101.421793
v 9.117326 20.763561 101.172334
v 6.639134 19.541094 100.426700
v 6.486404 21.779382 100.830042
v 5.352627 21.851018 101.326394
v 6.601493 22.357388 101.743367
v 5.534851 20.745463 102.323018
v 6.978486 21.079140 101.913952
v -0.876205 27.803408 -72.795706
v -1.271913 25.772958 -74.245311
v -0.282783 26.316014 -76.749408
v -2.556468 22.679716 -76.445267
v -3.248184 24.347988 -69.790941
v -1.348205 25.070753 -66.448911
v -0.297247 25.891506 -66.908622
v -5.773437 22.670992 -73.337328
v -5.634062 23.313955 -76.052665
v -0.030792 25.303046 -83.116537
v -4.898736 22.538176 -70.897485
v -2.458668 24.903051 -83.513489
v -0.436256 27.199691 -74.790262
v -1.999425 7.419273 -73.330083
v -4.551324 10.608868 -71.560060
v -6.243266 12.391102 -72.917885
v -4.196106 21.760816 -67.386234
v -1.272386 24.988534 -76.834671
v -2.600193 22.030823 -77.113177
v -2.262875 25.328698 -71.706757
v -6.364758 21.465836 -74.793734
v -3.446750 24.794290 -72.791387
v -0.533861 26.531275 -71.727917
v -0.701334 25.706327 -72.219687
v -1.014101 18.764356 -74.080387
v -0.217728 15.706830 -71.433423
v -0.000000 9.905300 -86.978320
v -7.110268 14.049365 -76.873028
v -2.623274 6.991265 -84.020247
v -6.663138 17.446050 -77.162576
v -6.862074 16.420192 -77.437133
v -6.074145 14.497334 -72.325138
v -8.099759 13.997143 -76.984194
v -7.313100 16.049928 -76.262325
v -7.433356 15.385202 -72.058475
v -8.106174 14.870902 -77.412422
v -8.440968 13.572454 -75.383527
v -6.828131 16.111789 -73.107040
v -7.918888 14.395698 -76.382156
v -7.981780 14.661422 -72.983497
v -6.825217 16.236790 -75.102634
v -6.955016 15.519514 -76.280603
v -8.229618 13.954083 -74.161219
v -6.738576 15.775443 -74.772025
v -6.383440 15.734574 -73.700699
v -8.274270 14.324811 -74.711385
v -7.604141 15.036830 -75.522526
v -5.424570 21.539596 -83.749499
v -4.160816 22.314469 -85.242840
v -5.892906 21.915181 -80.756822
v -4.482486 8.366536 -74.629969
v -6.936513 13.572721 -74.857621
v -6.644309 14.798283 -73.990919
v -6.895657 14.696375 -74.814549
v -7.022633 15.448246 -75.370572
v -6.763989 15.975530 -73.614509
v -6.755966 14.828331 -75.156462
v -6.432395 15.396143 -74.486341
v -7.026278 15.808078 -74.368311
v -7.364259 15.626923 -73.564651
v -7.702334 14.889717 -76.730208
v -7.792469 14.766527 -74.036322
v -6.663270 17.454161 -75.231804
v -7.753025 14.003177 -76.448495
v -7.067636 16.016658 -76.932951
v -7.761798 13.673622 -74.762086
v -6.016242 16.588298 -72.092926
v -6.802859 15.107281 -72.574411
v 6.368500 19.661423 98.259354
v 6.412777 18.449766 99.029620
v 8.244008 16.837497 98.384927
v 7.319253 17.854444 99.426644
v 6.868271 18.636001 95.609111
v 8.431242 17.672163 96.415497
v 8.431920 15.630678 96.803892
v 6.246327 19.490808 100.030836
v 4.630081 19.911924 100.571016
v 4.720988 18.044310 100.016536
v 4.734729 20.770029 99.488872
v -0.712778 0.043197 88.157060
v 5.547447 18.917316 100.741719
v 5.180993 17.442961 100.166017
v 6.513532 17.226571 99.671657
v 4.238626 18.963163 98.245493
v 5.232149 18.926168 97.776818
v 4.737356 21.723270 101.836740
v 3.762835 21.212095 101.594363
v 3.604031 20.709454 102.267887
v 4.691887 21.122124 102.622037
v 4.045819 21.740427 102.073105
v 4.656306 21.136586 101.233242
v 5.200690 20.501042 101.823539
v 3.358373 19.037506 101.408452
v 4.111951 18.640566 101.173363
v 4.537671 19.091288 100.792367
v 3.983786 20.164802 99.835101
v 2.984420 20.108594 100.498081
v 2.897073 17.205512 100.574380
v 2.700236 17.905487 100.227202
v 3.089482 18.542553 98.532754
v 4.091976 18.733692 99.507261
v 4.307123 17.272455 100.438326
v 3.307814 16.385286 100.510709
v 2.653675 18.382658 99.255116
v 2.077272 20.028769 101.622664
v 3.206773 18.735237 102.081863
v 2.371203 20.389218 102.061034
v 3.429149 19.678397 101.909462
v 1.900241 19.645391 102.105118
v 2.240263 18.991071 99.825883
v 1.533090 18.199363 101.265752
v 1.449750 19.086778 100.445983
v 1.005970 17.377169 100.146393
v 1.583741 16.554579 100.922371
v 2.518438 19.349625 102.776532
v 2.528189 17.836215 101.557225
v 2.877730 18.055102 100.920193
v 1.934034 18.003862 99.103180
v -0.183452 16.524062 101.146003
v 0.321943 17.257469 99.282249
v -0.616023 17.120843 99.554316
v 8.563813 18.830312 100.168577
v 7.030276 20.142809 97.838964
v 7.012804 21.245261 99.914300
v 7.501895 22.287693 101.321486
v 5.608783 16.948823 94.326390
v 3.523173 17.272191 95.840426
v 1.600807 16.511234 96.492929
v -0.843288 15.172335 97.969388
v -1.486460 14.638546 99.179846
v -0.614940 14.138322 94.927940
v -1.539993 13.533641 99.400197
v 3.322006 16.055718 92.885840
v 1.408286 14.769017 90.581171
v -1.758960 12.708465 91.736669
v -3.592065 11.404156 88.155123
v -0.947366 13.685203 90.142320
v -3.714910 7.198679 90.077139
v 3.059236 14.052740 90.476351
v 7.314892 14.605366 94.843679
v 6.012194 12.759423 94.860525
v 4.453843 11.835627 91.202664
v -1.041821 13.240094 99.853283
v -0.394478 10.864212 98.026647
v -1.813676 8.737292 95.555861
v -1.165722 5.868191 94.266483
v 6.760540 14.476179 98.217704
v 4.986206 14.975727 99.083273
v 2.634694 13.929165 99.242997
v 2.501731 9.394002 94.636721
v 2.995301 12.322624 96.994018
v 3.502065 4.360670 90.260086
v 1.313360 0.049242 88.725572
v -1.988278 1.542116 90.614883
v 3.602329 11.569714 89.739748
v -1.700456 3.718833 84.530104
v 0.504384 8.027162 82.422638
v -2.644353 2.015207 87.265269
v 0.039285 12.931000 3.654264
v -3.595086 5.146477 88.182178
v 2.741813 8.771451 87.681941
v 1.419147 9.257634 84.911253
v 2.803791 1.412941 88.886127
v -0.531358 4.572264 84.611724
v 0.756681 1.238561 86.487034
v -0.748687 5.122660 82.420364
v -1.699259 4.196852 83.981387
v -1.487792 1.255731 86.353840
v -4.912651 6.734337 87.070767
v 1.174862 6.172228 85.792993
v -0.643031 13.537522 3.678082
v 0.000434 14.375271 10.433676
v 0.045300 16.192631 25.940155
v 0.751516 16.814231 36.845077
v -0.163286 14.401216 48.908299
v 0.321282 8.495679 71.752905
v -2.301840 3.150200 91.820970
v 0.449916 12.280513 85.559914
v -2.739521 9.776984 93.295034
v 0.619841 9.957722 96.883271
v -1.880120 12.023281 94.380508
v -0.625361 0.410784 90.325825
v -1.407839 2.363204 92.126875
v 2.758480 2.889011 91.420608
v 0.171151 4.175701 93.256014
v 4.489179 19.731867 102.434343
v 6.620529 21.031989 102.513257
v 1.302307 17.833185 98.945748
v 1.809192 19.277475 100.094113
v 5.473666 20.616660 99.040989
v 0.934045 16.534192 101.161216
v 3.035904 20.394687 101.721917
v 3.675179 20.622637 100.267878
v 5.805438 22.396563 102.094455
v 2.975004 20.026784 101.298148
v 0.181671 18.031691 99.993150
v 1.998941 17.282012 101.241876
v 0.546556 19.021032 101.850444
v 0.186552 18.643653 101.062697
v 1.306480 19.285600 102.417594
v 1.698968 18.465266 101.643146
v 1.407009 19.274144 101.877166
v 0.438790 18.262591 102.360363
v -0.059821 18.171350 101.282300
v 0.871814 18.603652 100.513025
v 1.170799 17.379311 101.077837
v 0.945707 17.063369 101.604910
v -0.052817 17.550178 101.607602
v 1.195099 17.549401 102.169136
v 1.350390 18.784592 101.285180
v 6.867934 15.759266 94.425232
v 5.607415 18.794731 96.985297
v 8.135637 14.498902 96.811728
v 0.432221 13.137859 99.907107
v -1.989558 19.519906 17.869272
v -7.046863 6.070481 11.197257
v -14.542742 10.593763 16.043250
v -14.321250 18.004950 18.373518
v -11.802587 22.224819 17.320570
v -9.880400 23.381111 13.190122
v 3.002925 25.649042 -77.160047
v 4.235912 25.135642 -77.374803
v 3.851094 24.924991 -77.263880
v 2.776863 25.045884 -77.229309
v 3.062988 25.557328 -78.414961
v 0.247664 25.746153 -77.619643
v 4.705167 24.724186 -78.313974
v 1.159347 24.900740 -77.866607
v 1.563262 25.358732 -75.190449
v 4.225069 24.206387 -76.748428
v 2.680930 26.120821 -79.831041
v 4.892625 24.980163 -79.310814
v 1.372184 26.219454 -79.258585
v 5.394887 23.667082 -77.905537
v 4.998861 24.099488 -80.850573
v 4.032701 24.624562 -82.036394
v 6.016552 20.898364 -80.380915
v 0.398404 26.923455 -75.338359
v 0.374656 27.215606 -72.321453
v 1.043506 26.786324 -72.802324
v 1.384555 25.615712 -74.079543
v 0.920958 27.743929 -72.861983
v 1.102653 25.858003 -72.581499
v 0.772710 26.455722 -73.000481
v 2.072124 25.138687 -70.123387
v -0.621327 26.835588 -70.917475
v 1.225157 25.940498 -70.082951
v 0.868521 25.911094 -70.362563
v 1.409280 25.319986 -70.487030
v 1.933384 24.485260 -69.248729
v 0.673479 25.674188 -70.723867
v 0.889206 25.751668 -70.395595
v 0.854782 25.265129 -68.886952
v 2.164982 23.822109 -68.628744
v 2.869639 21.491975 -73.822695
v 3.285294 22.641781 -71.168200
v 0.873835 23.187678 -74.342130
v 1.144542 21.076438 -74.684722
v 1.744587 20.235753 -67.445192
v 2.665460 18.688960 -73.483628
v 3.023351 18.786105 -68.748726
v 2.335111 17.082179 -67.494397
v 2.522289 16.700936 -72.529053
v 2.990983 15.559137 -70.993250
v 0.728766 15.831298 -67.260730
v 0.551366 16.824327 -72.929997
v 0.972047 15.586297 -71.515018
v 1.267230 15.476614 -69.624354
v 0.999788 25.500466 -68.264228
v 4.533069 20.644940 -67.669138
v 1.544943 24.602704 -66.211530
v 5.486710 14.023597 -68.770185
v 6.586268 11.538286 -62.359999
v 4.993251 14.551132 -63.477377
v 5.170765 15.522277 -61.611861
v 6.840362 13.091684 -61.580700
v 4.097982 16.866460 -65.337330
v 1.124040 20.254698 -64.696968
v 1.872992 19.075862 -63.717289
v 1.397752 18.482082 -60.132156
v 1.404776 18.208083 -57.042820
v 5.108572 11.689147 -65.501902
v 5.148337 12.270055 -69.097235
v 5.721070 12.146370 -63.236755
v 4.643740 9.954141 -64.785357
v 5.785793 9.547760 -62.544357
v 3.137348 9.373355 -68.160829
v 2.676154 8.698816 -65.931270
v 3.480684 8.275012 -63.026540
v 6.333306 11.317428 -84.358951
v 6.358561 18.705255 -78.734860
v 3.994456 13.248672 -87.328619
v 4.415370 10.508561 -71.596699
v 2.250947 24.590831 -68.238734
v 5.420723 18.249144 -69.977288
v 2.451459 20.096898 -65.500774
v 3.589560 17.423248 -60.903538
v 6.338371 15.486759 -60.094562
v 6.089512 16.789069 -72.013458
v 4.130311 8.267927 -74.310056
v 6.980501 13.534717 -75.088234
v 6.523218 11.324512 -75.071036
v 4.674718 17.985482 -86.564340
v 5.538699 22.737855 -81.813006
v 6.001706 16.136697 -85.401323
v 2.466401 24.986471 -83.349685
v 5.456069 16.311085 -70.697169
v 4.490237 16.592844 -67.555198
v 3.772749 17.980230 -66.350170
v 4.792342 22.070918 -84.802931
v 6.831787 15.358229 -83.171993
v -0.249710 8.134806 -70.887079
v 3.097746 6.177108 -79.188857
v 2.553635 20.448563 -86.995796
v 1.477475 7.588273 -61.266661
v 2.753583 7.722587 -84.865218
v 1.025608 8.392151 -68.821642
v 3.723706 24.975826 -77.691976
v 4.510685 23.916714 -77.768521
v 3.405709 24.733756 -77.253178
v 2.165526 24.774101 -77.685418
v 2.752488 24.793004 -76.765220
v 2.157822 24.788342 -78.510931
v 1.746983 24.400805 -77.500442
v 3.834949 24.715921 -78.576309
v 4.702227 23.807845 -77.560476
v 4.143658 24.275895 -76.855480
v 3.173279 23.519819 -76.147448
v 3.614034 23.894759 -79.186278
v 4.668457 23.630258 -78.359034
v 1.454992 23.364872 -77.712917
v 1.565988 23.885841 -78.488402
v 2.662789 22.383801 -76.617338
v 4.177163 22.810290 -78.784237
v 1.683515 23.130629 -78.567661
v 4.570538 22.908970 -77.813713
v 1.903259 22.423229 -77.551058
v 2.522469 23.546598 -79.214866
v 2.454704 22.069224 -78.072077
v 3.313834 22.121740 -76.909391
v 3.734119 22.008017 -77.783918
v 13.860261 19.943379 -48.687113
v 20.663926 16.355335 -54.214142
v 12.662585 20.224989 -50.237896
v 17.665902 16.461916 -56.386947
v 9.947430 18.282516 -55.040728
v 10.613946 20.814654 -50.937494
v 17.191334 15.134976 -57.978256
v 7.836308 21.430715 -50.421448
v 10.672627 14.641609 -58.851439
v 19.071674 16.169265 -47.342544
v 15.781787 15.279505 -46.867436
v 14.960447 18.058585 -45.984585
v 18.106307 15.470314 -43.370690
v 22.999049 13.339600 -43.520836
v 21.230005 16.046452 -50.066450
v 20.797662 15.278134 -45.325083
v 16.633271 14.751093 -45.633647
v 20.168273 15.068175 -56.840584
v 21.803473 14.866839 -43.179716
v 4.726066 17.031935 -58.539631
v 13.270516 11.763758 -60.841975
v 13.519193 10.101627 -61.009648
v 4.958718 7.546055 -61.140140
v 7.560400 9.865755 -61.928844
v 2.650737 18.882563 -55.528813
v 9.704220 16.033798 -57.713973
v 3.556109 23.493310 -47.221202
v 3.407594 22.181553 -50.664565
v 0.006147 5.335613 -56.482373
v 11.198587 6.173781 -59.207653
v 20.138288 12.452569 -58.118676
v 7.808179 3.924644 -57.224149
v 13.024863 4.745540 -56.739065
v 15.057507 7.486658 -58.966930
v 18.817530 9.505096 -58.565527
v 12.197868 2.552560 -51.652101
v 9.746397 4.488619 -57.072864
v 10.790618 2.909699 -42.445570
v 7.753083 0.535921 -50.742973
v 7.439480 0.577313 -47.678999
v 2.578902 3.988025 -54.502167
v 3.915379 1.589767 -46.400349
v 0.004270 2.481833 -44.051114
v 21.719084 9.769857 -56.199424
v 22.196149 13.679193 -55.116486
v 19.315863 7.413378 -56.189558
v 12.431554 6.909826 -36.992174
v 22.621178 8.942416 -53.484381
v 23.560102 12.425123 -49.336304
v 19.830111 5.833871 -48.942295
v 15.418555 13.366065 -44.540102
v 23.173010 8.335119 -49.747694
v 14.981683 9.759791 -45.862605
v 21.967002 8.220374 -44.379179
v 23.831062 10.616593 -46.783217
v 15.447122 12.779584 -46.032035
v 13.976415 6.872826 -43.869042
v 23.389652 11.255619 -52.781449
v 21.370449 6.982213 -52.625418
v 19.059177 5.405046 -51.433551
v 22.809068 14.458834 -51.526833
v 15.815225 18.275101 -48.285186
v 18.007309 5.039473 -50.003450
v 13.248923 4.637982 -43.391542
v 23.239986 10.010521 -41.560323
v 19.537878 6.855578 -43.909694
v 20.855263 7.484564 -39.483295
v 15.808274 9.262670 -39.206323
v 23.304327 13.298722 -40.349924
v 16.321760 12.565299 -38.567285
v 22.148036 16.681479 -35.164920
v 18.146196 14.255447 -36.071103
v 24.350957 15.345324 -33.432156
v 23.507537 9.601363 -34.224602
v 24.986232 13.434830 -33.279733
v 9.737678 22.727238 -44.144795
v 8.494185 23.109306 -43.665975
v 3.507633 23.679837 -44.062938
v 9.262447 22.841586 -42.910606
v 12.147756 20.816132 -42.964712
v 9.326344 22.283721 -47.386284
v 7.437245 21.915900 -37.972483
v 11.672576 19.016288 -37.821135
v 13.969436 19.645343 -45.271111
v 11.620756 21.335503 -46.091578
v -4.225616 24.482368 -0.230410
v -4.906970 25.342848 -0.502513
v -4.695224 24.249894 -3.224784
v -4.929096 23.344281 -0.945536
v -3.560281 23.532276 -3.037354
v -8.249964 22.005061 2.310135
v -7.106291 24.424292 0.879411
v -6.119655 23.306511 1.627151
v -6.928125 24.328919 1.463937
v -6.947513 22.814784 0.441270
v -4.299265 23.804781 -0.436624
v -9.021889 22.898160 2.494713
v -5.652185 23.587751 -1.489360
v -5.822518 22.748225 -0.096792
v -7.335255 23.355136 2.709820
v -8.090282 22.906923 3.320129
v -8.650477 22.965207 3.078888
v -8.112502 23.737035 1.642558
v -4.455197 24.786691 0.847440
v -7.673093 22.678760 5.682537
v -8.249540 22.863740 4.901363
v -4.086691 24.955807 1.579301
v -8.280809 22.191214 4.707403
v -5.037208 22.506758 3.410859
v -4.909017 24.069346 0.702887
v -3.737456 23.581993 2.548297
v -6.472302 23.216921 4.772268
v -3.780589 22.955890 1.148018
v -6.565558 23.685580 4.029398
v -6.155293 22.428250 2.741054
v -5.825868 22.237157 3.237937
v -7.107797 22.356321 5.600044
v -7.052518 21.795529 4.834983
v -2.708910 22.624588 4.469840
v -0.992787 23.585732 0.373887
v -4.246805 22.744901 5.254800
v -5.154432 22.150042 6.139150
v -5.843290 21.937844 4.869376
v -3.488184 23.439209 4.325221
v 0.108970 25.004982 1.176426
v -0.646986 23.731169 2.933324
v -4.708284 21.500834 4.472078
v -3.973875 22.419759 3.144341
v -0.263262 23.123062 -0.097932
v -1.377602 22.809607 1.795660
v -4.796376 21.428718 5.466312
v -3.089232 22.009601 3.892823
v -5.742505 22.053288 5.799511
v -5.817343 22.487731 5.139258
v -2.253329 23.717671 1.574289
v -0.656101 23.087003 3.660514
v -1.921965 22.469724 3.785711
v -1.661345 21.592555 4.028646
v 0.224036 22.089443 2.807640
v 1.764793 23.856257 2.488356
v 1.299331 23.528195 0.945447
v 1.225248 22.886814 3.071784
v -0.812181 21.579346 3.898460
v -1.700093 22.335210 4.568641
v -1.054669 22.300083 4.583461
v -1.434768 22.749381 3.552315
v -6.024252 22.131999 -2.573274
v -5.646480 23.052939 -3.037429
v -5.052948 21.158219 -4.296420
v -5.467011 22.260820 -4.587788
v -4.152669 23.781781 -4.403913
v -4.803712 21.759893 -5.351450
v -6.208583 21.213823 -3.323679
v -3.426109 22.153700 -4.783431
v -4.425308 21.384493 -3.770455
v -3.734181 23.330287 -4.134677
v -6.239730 21.971397 -3.257427
v -5.449937 22.978862 -3.995138
v -7.861344 23.385199 0.541170
v -5.850373 25.152318 -1.088270
v -7.479907 23.287048 3.999315
v -3.480739 24.722834 1.924727
v 1.321736 25.248675 0.569190
v -0.998079 23.812558 0.090307
v -1.314810 24.531646 2.702650
v -1.878954 24.500120 1.848344
v -4.945876 22.878903 4.539468
v 0.340043 23.583282 2.417451
v 0.261378 23.199312 3.515888
v 1.220446 24.146631 1.992887
v -5.616391 24.456055 -2.193906
v -7.201167 22.622054 2.631049
v -6.267729 22.810691 1.232657
v -2.394613 23.283988 -2.059864
v -3.263406 24.078561 -0.951513
v -6.450770 23.007452 2.412251
v -4.504936 23.470104 0.587209
v -3.274056 23.239803 1.793035
v -0.709257 22.949570 2.570439
v -0.503965 22.693254 2.433217
v 1.524764 22.670929 1.334713
v -2.125312 25.406041 -0.424598
v -1.126935 22.701623 -1.788740
v 0.434106 22.752652 0.467518
v 3.263214 22.397331 0.497722
v -3.193126 25.583995 -2.536423
v 1.775692 25.633042 -0.726949
v 1.922929 22.538963 -1.032532
v 3.527500 22.784576 1.109110
v -4.322736 25.420092 -2.796294
v -1.121602 23.366996 -5.350283
v 1.051496 25.600865 -1.406078
v 5.630343 22.371301 -3.159291
v -1.626090 25.303205 -6.079427
v -1.481874 22.664597 -5.819513
v -2.311071 26.197772 -3.726327
v 1.253598 22.590746 -8.428552
v 1.903448 22.826775 -6.879003
v 2.535986 24.499870 0.555285
v 3.641302 23.512268 1.261655
v 1.289863 26.985849 -7.479548
v 7.029830 23.051274 -4.221375
v -0.084762 26.242595 -2.274472
v -3.284271 24.902953 -1.553365
v -3.229386 23.755953 -2.006712
v -1.307620 23.099352 -0.335508
v 3.329344 24.524104 0.825849
v -2.465680 22.964272 -0.646945
v 0.553531 23.037462 1.121309
v -0.264844 24.772701 0.066430
v 0.447772 23.992932 1.827483
v 2.022358 22.922435 0.590642
v -1.273841 25.408628 -0.177728
v 1.845629 22.563195 2.162322
v 22.841343 16.026058 -29.760419
v 17.915606 13.005616 -32.772082
v 25.670036 14.825336 -28.769465
v 21.508172 8.417670 -34.131924
v 20.441169 16.174807 -31.405597
v 25.853968 13.203776 -29.391376
v 18.037757 11.998613 -31.086834
v 20.200019 8.957595 -30.845790
v 24.637982 15.471873 -30.651776
v 19.488317 14.568093 -29.117906
v 25.627971 11.366367 -27.612045
v 24.018578 9.898383 -27.198679
v 21.907243 16.841047 -27.539920
v 23.327388 16.716324 -28.021577
v 26.051120 13.838303 -26.101690
v 23.355384 9.416655 -25.782892
v 19.142414 11.960991 -28.527956
v 24.295120 16.748959 -25.307508
v 20.452617 15.447317 -28.035367
v 19.111601 14.496451 -27.676321
v 24.613401 11.017334 -24.563483
v 22.898681 9.925101 -23.704793
v 18.955826 12.592183 -26.453402
v 24.974129 13.474420 -23.637502
v 24.101932 15.932546 -22.865443
v 18.436252 11.181503 -25.556350
v 17.991129 12.645761 -26.867313
v 19.369824 19.288261 -22.289430
v 21.182998 16.319256 -19.320771
v 22.775953 12.032363 -21.838898
v 21.770286 9.587650 -24.411707
v 19.911988 15.419251 -18.407793
v 16.715484 15.094959 -17.381836
v 15.055867 16.025099 -23.397255
v 11.055092 20.193289 -17.048767
v 17.361150 20.694575 -18.519557
v 13.433367 22.989590 -13.392686
v 8.174319 26.700471 -12.096643
v 12.105140 23.205909 -16.762566
v 9.561677 23.386943 -15.355436
v 9.265109 26.451294 -11.760101
v 11.909681 19.428727 -12.355735
v 12.088641 17.876055 -17.573400
v 13.853006 21.069002 -13.088974
v 5.453524 25.918385 -11.674243
v 7.412628 23.193329 -11.875709
v 6.374971 27.748149 -8.900601
v 6.098582 24.219232 -9.907317
v 0.643250 23.911007 -9.811018
v 7.207345 27.206013 -7.287930
v -2.719011 24.363717 -1.567133
v 3.945528 24.820729 -0.577293
v -4.524937 23.713526 -5.272557
v -5.085378 22.966622 -5.777045
v -2.733707 23.686055 -4.493198
v -2.658525 22.499433 -6.315263
v -2.125518 24.387344 -7.052814
v -1.891834 23.440104 -7.162978
v -2.093256 24.645922 -5.262879
v -1.447825 23.989986 -5.586750
v -0.249427 23.452737 -4.578981
v 1.868678 23.701842 -3.918784
v 4.671273 24.072841 -9.275515
v 5.736641 23.187046 -1.849621
v 3.334293 27.180280 -5.333880
v 7.800922 24.560286 -7.203345
v 2.042789 24.584649 -70.138152
v 3.413619 20.906340 -69.343860
v 2.199703 15.744283 -69.163754
v 3.778250 19.529234 -71.984806
v 1.853560 25.187151 -72.334175
v 1.784738 25.165556 -70.246396
v 6.534280 21.106138 -76.880892
v 6.118957 23.156167 -78.958770
v 15.993797 17.592398 -53.855393
v 15.765965 18.832041 -49.494628
v 19.200951 15.778651 -42.776892
v 21.415185 16.731839 -32.346592
v 4.639620 25.252649 -10.788951
v 10.581080 1.571111 -48.912048
v 6.370793 1.095381 -51.503626
v 16.800505 6.015028 -47.819547
v 18.094208 7.326711 -39.309975
v 22.061768 9.113010 -27.178278
v 16.419885 13.557335 -19.548968
v 9.705564 22.486379 -10.039515
v 7.646043 26.270036 -6.496329
v -0.105644 22.720840 -1.523944
v -1.737157 25.697036 -5.863724
v -2.638746 24.188740 -5.414300
v 0.457632 25.845932 -9.424710
v 6.716507 22.832907 -6.812936
v 3.019937 23.294926 -9.443867
v 4.610484 23.098024 -8.345747
v 12.613646 2.824453 -45.729522
v 15.591894 4.541680 -47.915898
v 15.026350 7.869251 -45.376743
v 16.491906 7.862927 -39.909832
v 14.851580 7.698847 -46.184286
v 18.482846 10.017218 -30.810842
v 20.856360 9.542697 -27.859140
v 20.331553 10.231006 -24.766552
v 10.841126 19.519616 -13.065801
v 8.124682 22.879534 -9.939822
v 6.896423 24.981365 -3.608813
v 15.042558 4.017860 -48.401441
v 13.781696 21.119391 -19.500331
v 18.508953 16.558475 -26.171996
v 8.785936 26.875364 -9.360507
v 4.920468 27.290102 -10.266447
v 9.226122 25.906944 -8.250957
v 7.491919 25.909798 -13.099900
v 8.226945 25.320226 -7.308545
v 6.997345 23.958174 -7.972138
v 3.589681 26.253329 -10.589722
v 14.934199 16.699518 -42.344427
v 8.950806 2.522540 -38.768651
v 6.725278 0.987905 -42.987557
v 14.415071 8.982217 -40.860545
v 14.942642 14.461889 -38.770262
v 12.849977 9.165354 -32.828892
v 11.965064 4.619251 -37.862116
v 13.477882 16.139857 -34.685375
v 2.430029 2.492530 -36.187005
v 13.627967 11.626507 -32.837648
v 11.090796 7.035624 -26.026314
v 10.456534 4.894828 -31.138847
v 5.220661 1.716753 -35.067253
v 3.831481 3.124548 -28.035517
v 12.645461 12.167836 -25.848818
v 10.308569 19.444333 -28.856205
v 12.195338 17.459438 -24.105469
v 10.582972 7.006177 -21.078029
v 7.821640 2.970683 -30.506228
v 14.234378 13.948677 -17.434367
v 12.621889 15.549295 -25.435491
v 12.341163 9.236236 -22.579063
v 12.918187 11.601779 -23.418440
v 6.401030 3.736104 -25.148315
v 8.925857 6.287640 -19.858077
v 4.486118 4.563405 -21.863711
v -0.075721 23.831291 -33.021617
v 3.813116 23.305659 -31.037349
v 6.581360 22.004584 -27.156643
v 3.551965 23.548329 -39.454497
v 3.783260 23.099153 -21.582439
v 8.805428 20.460998 -33.604314
v 1.425297 23.458122 -15.939288
v 4.382756 23.563934 -17.980691
v 10.628375 19.381421 -23.146701
v 14.420132 16.396580 -14.262572
v 13.657635 11.144542 -18.419258
v 12.362473 19.914515 -15.401789
v 13.405715 17.548087 -18.032678
v 5.796899 23.706182 -13.769276
v 14.720705 9.419689 -13.619191
v 12.305753 8.239265 -17.768377
v 10.340498 6.603037 -17.344621
v 2.902558 5.074428 -16.317471
v 2.178607 4.853277 -22.222571
v 6.801865 5.722633 -17.380093
v 8.608067 4.836816 -14.082368
v 4.116671 2.613123 -8.683725
v 2.361148 3.609930 -10.341019
v 12.772353 6.272681 -12.865334
v 7.623896 2.217559 -5.697585
v -0.017822 4.531702 -6.433443
v 7.312644 2.186208 -0.834706
v 3.795528 1.786887 -4.047088
v 1.569716 2.754383 -3.636076
v 11.241813 3.364250 -3.921950
v 9.956302 3.491543 0.407754
v 5.758032 2.976840 2.400037
v 0.877686 4.620067 0.112911
v 2.918535 3.458564 1.348899
v 6.687146 4.700530 5.979303
v 2.432560 6.797207 4.424619
v 0.454421 6.882928 1.465017
v 4.791120 6.886515 8.513696
v 0.047921 7.697747 2.679870
v 9.179674 3.713646 4.398054
v 15.222496 8.372181 -1.556482
v 16.168994 14.515742 -6.750937
v 14.447911 19.573557 -5.340128
v 14.115712 6.286182 -4.737275
v 16.454898 13.730997 -0.015850
v 15.862879 16.973323 -5.390792
v 14.647922 19.317658 0.898749
v 17.141309 11.650341 7.345415
v 13.737163 5.932182 0.049159
v 17.299134 14.179434 7.887145
v 10.979162 21.497233 -10.953388
v 7.334817 23.081309 -9.915383
v 3.943996 23.318774 -7.551998
v 12.247697 21.365356 -6.652345
v 6.133861 20.498540 -3.015213
v 10.597621 21.949275 -4.695841
v 7.970659 22.343940 -6.633818
v 12.807767 20.848162 -0.666425
v 10.398539 21.807360 1.370515
v 2.389358 18.593005 2.942531
v 5.795727 20.187142 3.778806
v 3.094731 22.389875 -4.194542
v 2.573436 19.840385 0.685743
v 0.980386 18.230683 2.461771
v 0.588427 8.775512 3.203264
v 12.167167 5.197796 6.486668
v 15.961255 8.839298 6.528683
v 14.224258 6.768322 6.895878
v 1.138870 11.517135 3.827460
v 1.821336 9.322329 5.051793
v 5.263547 20.834547 8.139693
v 7.781913 6.072567 10.862357
v 7.985902 21.882201 3.804718
v 9.727758 5.996796 10.749931
v 1.403055 16.615205 12.774406
v 10.773738 23.382079 12.758976
v 15.115394 20.100947 11.255140
v 2.959592 19.072851 7.555687
v 12.006710 6.494183 10.956842
v 15.546240 10.580023 15.332556
v 12.894158 8.974103 20.272036
v 13.199900 21.944752 9.782250
v 16.638775 17.043995 8.212076
v 9.386539 8.881181 27.777969
v 12.934457 22.214886 16.729141
v 3.157471 19.528657 17.682936
v 15.506925 17.983358 17.553545
v 7.424455 8.552482 28.274324
v 8.616684 23.348574 24.658046
v 14.518914 16.774911 24.486656
v 10.869198 23.272769 20.981219
v 5.911200 22.602068 21.627499
v 5.017269 8.061857 23.720801
v 11.414729 11.679578 31.867053
v 13.111499 20.390602 26.868417
v 3.155982 19.946321 24.942831
v 2.934139 9.849108 27.336577
v 9.314444 22.089144 33.470207
v 12.960713 13.360117 28.798549
v 6.802394 22.523619 32.472723
v 1.246335 13.885914 28.645574
v 7.943532 10.667969 36.230003
v 12.230177 14.748754 37.317904
v 11.763294 19.279697 35.900673
v 4.053523 21.400196 31.400154
v 12.613972 16.076675 33.734347
v 10.783610 20.850910 35.399685
v 11.838525 17.404881 39.420423
v 1.821955 13.322824 37.446180
v 3.255130 11.684651 36.444588
v 5.023360 11.025397 37.373861
v 9.740548 20.913409 39.519062
v 9.945470 11.816550 36.943670
v 7.787129 10.700527 40.559700
v 4.536764 21.694784 38.824643
v 8.373001 21.483559 43.968766
v 12.344700 14.672445 41.776430
v 6.672379 21.865929 41.126397
v 4.658182 21.045248 43.253685
v 2.834059 18.697873 42.208202
v 3.751707 11.699894 42.200646
v 12.039040 13.578298 45.507619
v 10.155930 11.954244 41.562967
v 6.349520 21.124357 45.379119
v 1.397088 15.399251 39.607630
v 3.200845 11.912992 46.662556
v 6.371752 9.983263 44.522207
v 4.417036 10.549340 45.941458
v 7.335675 20.107758 47.996332
v 9.625238 10.457835 44.802098
v 12.068331 15.875659 44.763414
v 7.894851 9.733275 44.584741
v 9.423017 19.876413 47.000906
v 10.699657 18.016136 48.482731
v 6.538306 17.379440 54.413000
v 6.531253 6.950919 50.097433
v 9.525040 7.872561 49.675277
v 12.709481 12.814359 56.400492
v 12.739063 11.356088 52.401054
v 2.748697 12.545449 48.896353
v 4.769795 6.326774 54.495909
v 7.362167 5.882160 55.186165
v 11.748355 9.152929 51.416006
v 7.952868 17.778098 53.586196
v 10.904331 16.753676 52.788896
v 3.316332 14.282350 54.213708
v 2.060764 9.791821 55.237001
v 3.192218 8.262360 52.711311
v 12.347493 10.686384 59.533350
v 5.999323 16.239088 62.326466
v 9.029837 15.633248 65.122117
v 2.578711 12.979298 62.411725
v 11.824304 14.995231 55.696745
v 5.158139 5.905957 58.947161
v 3.138915 6.717938 59.298947
v 11.254051 8.493162 59.765039
v 9.355521 6.757981 59.329753
v 10.477382 12.033159 68.926913
v 1.587349 9.379859 60.847060
v 3.867122 6.783000 71.979675
v 6.816487 6.269625 71.057047
v 9.334255 7.988217 71.649503
v 7.643747 16.739834 61.460224
v 4.058429 12.312630 76.514307
v 2.960442 10.698447 71.148963
v 4.260589 7.121898 95.718259
v 8.356930 7.696051 83.606058
v 5.969097 5.506465 77.931837
v 8.493576 7.798948 80.969090
v 8.124325 11.634300 81.628760
v 6.381160 13.614382 77.714742
v 4.381744 5.567816 82.299723
v 5.754850 4.932203 83.560439
v 6.371017 12.930241 83.689619
v 3.480246 6.969788 78.035996
v 5.172509 13.039758 83.446277
v 1.767269 24.761143 -77.614805
v 1.957090 25.251359 -77.997054
v -0.921645 15.333421 106.072705
v -2.293161 13.959978 103.150557
v -2.192279 12.661794 103.385159
v -2.887414 12.924242 104.582896
v -2.224930 14.596669 104.635173
v -2.168604 13.406720 106.262514
v -1.105639 13.754161 106.555282
v -0.410763 13.956955 102.580998
v -0.454918 14.751536 104.550870
v -1.496371 12.038335 104.643347
v -0.676400 12.362668 104.730807
v -1.323488 15.219007 106.629648
v 0.063368 13.699188 105.371580
v -0.084270 15.611495 106.725075
v 0.331089 14.795538 107.055096
v -0.029623 15.331525 105.168872
v 0.977567 15.690542 105.747675
v -0.259461 15.322648 105.978514
v 1.436293 14.744801 106.350465
v 0.281580 13.764051 106.007231
v 0.124337 28.106832 -73.191632
v 2.488628 24.724332 -76.322774
v 4.477036 24.161445 -77.632844
v 5.704229 23.126535 -76.729473
v 6.574832 17.026786 -73.535899
v 2.206480 24.720026 -77.458734
v 4.331392 23.025358 -76.990417
v 1.885433 23.494898 -76.658249
v 1.473327 26.388039 -73.228427
v 1.177137 24.988922 -76.967571
v 1.618730 25.316744 -73.091035
v 2.144396 25.376539 -71.855296
v 1.994437 25.536166 -70.837294
v 4.580451 24.264918 -73.932594
v 4.842852 22.392186 -70.577401
v 1.121891 25.417459 -66.735283
v 5.874579 22.921191 -73.772598
v 6.339934 21.513623 -74.249813
v 3.623247 22.835221 -67.763403
v 6.102962 14.499861 -72.316137
v 2.161612 8.641500 -71.152817
v 3.037670 24.579068 -70.160295
v 3.182740 22.461440 -78.833734
v 3.155654 24.965925 -72.694502
v 0.607563 25.654955 -72.456196
v 0.910939 26.716798 -70.711994
v 1.721300 17.791590 -73.447486
v 3.907720 10.038070 -86.329715
v 7.100338 13.406317 -77.065368
v 3.818409 7.337906 -83.336414
v 5.495862 8.165438 -80.125430
v 7.202685 12.271966 -80.358517
v 0.940540 6.185717 -83.143438
v -0.000000 5.419335 -80.765785
v 8.192037 14.855831 -77.387687
v 7.116270 16.169030 -76.802856
v 8.010173 14.080194 -76.952572
v 7.952169 13.553249 -74.561471
v 8.025325 14.662618 -72.983130
v 8.435341 13.573053 -75.381985
v 7.558028 15.408029 -72.062574
v 6.867889 16.202513 -74.960236
v 7.713872 14.877668 -76.699544
v 7.447707 15.660793 -73.554948
v 8.235594 13.944589 -74.170911
v 7.106489 15.809650 -74.365688
v 7.548709 15.818238 -76.571886
v 6.959661 16.052312 -73.471235
v 6.767224 15.723250 -74.765134
v 6.692380 14.781029 -74.005796
v 1.455520 6.951643 -73.889033
v 0.285501 22.620178 -86.531248
v 6.181955 12.387982 -72.961344
v 6.478186 15.743211 -73.694112
v 7.588805 15.051726 -75.503948
v 7.089879 15.615588 -75.358407
v 6.527110 15.299662 -74.529503
v 7.977504 14.185528 -76.172613
v 6.759551 14.836043 -75.179786
v 7.778232 14.806492 -73.951814
v 6.980293 15.503967 -76.212101
v 8.309213 14.328925 -74.748508
v 7.262085 14.320140 -73.739820
v 6.834571 17.007036 -76.348185
v 7.092455 14.437360 -77.062558
v 6.628180 15.747360 -72.028963
v 7.023261 15.322782 -77.686523
v -1.738763 13.017588 100.142950
v -2.359726 11.774322 100.789520
v -0.746863 11.379076 103.088288
v 0.350478 11.314969 103.132129
v 0.153918 13.622312 101.107892
v 0.362245 13.478261 104.081862
v 1.056457 14.370310 102.347814
v 1.896188 14.054353 104.261436
v 0.352170 14.978632 103.463620
v 1.561486 15.017931 103.607297
v 1.726918 14.041320 101.772301
v 0.147494 12.668595 102.893481
v 8.170753 0.722908 85.510597
v 0.862044 12.932402 104.203790
v 1.916828 11.973755 103.322040
v 0.649159 13.769836 101.579737
v 7.404375 2.374160 84.057663
v 2.118525 12.691031 103.235900
v 2.451694 15.367545 103.968419
v 2.706188 13.832413 105.899276
v 1.751608 15.696564 105.975086
v 1.763873 15.299857 105.264947
v 2.671579 15.609728 105.385347
v 1.648807 14.409149 105.756960
v 2.428121 15.904377 106.089676
v 3.058050 14.823720 106.108481
v 3.556308 13.799630 104.453665
v 3.179824 15.166960 103.791288
v 2.148165 14.927404 103.514174
v 2.843129 12.049401 103.282035
v 2.268874 13.559057 104.213194
v 3.414403 14.837706 104.423438
v 2.904351 13.219526 104.315441
v 3.755847 12.192601 103.267125
v 2.322879 13.646178 102.810527
v 3.569867 13.935587 101.994348
v 4.075028 13.058649 102.967490
v 3.589216 15.091281 105.065973
v 4.543450 15.099032 104.572772
v 3.493001 14.259907 105.124584
v 4.701497 14.100762 105.578831
v 4.944242 14.727127 104.894717
v 3.574037 14.792727 104.494139
v 4.303622 15.237197 105.220684
v 4.824486 14.789870 102.857143
v 4.028739 14.466910 102.696336
v 5.374845 13.699934 103.592637
v 4.141323 13.051037 103.657172
v 4.577568 12.265152 103.177527
v 5.345056 12.721518 103.322803
v 6.165203 12.305476 102.760375
v 4.320594 13.816315 101.656063
v 5.734483 13.327043 102.206379
v 6.192789 13.719310 101.134532
v 7.215748 13.561813 101.570841
v 5.842682 13.137555 103.107007
v 7.327291 12.795032 102.529858
v -2.436487 15.030420 106.248826
v -1.365214 14.494610 103.115712
v 0.472427 12.925233 97.713306
v 8.328564 11.921854 99.818110
v 8.749965 10.885679 99.673144
v 4.567100 12.747971 96.001551
v 6.240298 11.975765 95.837558
v 8.116667 0.336795 87.766589
v 1.953458 12.431457 92.429641
v 2.735804 13.022808 95.790292
v 8.111929 10.390868 90.546038
v 5.169359 12.820989 92.236136
v 2.015756 10.095705 89.047643
v 8.291900 10.180971 94.543952
v 3.775653 13.049004 88.757981
v -1.072514 9.675934 98.132101
v -0.502296 10.611851 96.324874
v 0.971723 8.977507 92.973824
v 7.325551 9.839052 100.662601
v 8.120247 8.682596 98.308567
v 8.572686 6.317207 94.480464
v 8.910567 7.840965 95.214990
v -1.103495 8.895692 100.119148
v 9.285421 7.568402 86.132150
v 6.902010 7.362588 96.851871
v 0.601485 8.440743 97.250704
v 4.167649 8.670698 98.286973
v 4.487582 0.576726 87.249952
v 3.549009 2.206448 89.910118
v 6.132021 -0.306790 86.566397
v 8.362484 3.656682 84.771401
v 3.053920 10.465207 84.213816
v 8.719515 6.199392 86.495752
v 9.350815 1.837210 87.885673
v 9.173402 4.622980 86.702034
v 2.319667 8.884543 85.912081
v 2.197196 6.988008 88.772666
v 3.084938 6.841472 84.379956
v 3.821408 5.344172 85.607412
v 5.521496 1.423310 84.741571
v 3.885251 12.318113 82.586075
v 3.463405 8.346634 82.307224
v 7.380982 11.778759 88.483300
v 7.055050 5.872046 84.336696
v 4.796553 5.248257 83.956415
v 9.141261 7.346174 88.239506
v 0.820739 15.578460 3.424920
v 0.719198 14.398143 10.622529
v 1.449831 15.845385 26.763831
v 2.120467 19.044096 34.521976
v 2.765518 20.171736 39.487178
v 2.923890 14.210695 49.987227
v 1.601626 11.540491 61.145854
v 8.931931 1.997218 89.912272
v 9.603676 3.108608 89.375114
v 1.845546 7.670328 95.345842
v 8.805284 8.949223 92.210626
v 8.497998 10.096755 86.198720
v 2.811499 4.919857 92.246653
v 5.167653 1.021023 90.022991
v 6.225070 4.675923 93.512739
v 2.034070 14.964482 106.474804
v 4.068852 13.364645 104.722762
v 1.537747 13.161168 104.368204
v 1.080603 13.981424 106.204527
v 2.915720 14.013838 101.608024
v 4.880377 13.913292 101.295136
v 1.000272 15.339391 103.736321
v 0.701992 15.882747 106.681953
v 4.045344 15.110579 104.468337
v 4.910993 12.973388 103.977030
v 6.691567 13.895894 104.360338
v 5.397514 14.504870 104.184435
v 6.426177 14.529088 103.816600
v 6.183026 13.047523 104.140358
v 5.400752 14.340871 103.554063
v 6.171719 14.732242 104.289227
v 5.283489 13.810950 104.062789
v 6.401260 14.663037 103.223959
v 6.397289 12.807105 103.407701
v 7.095281 13.740056 103.282229
v 5.648351 14.391008 102.709312
v 5.651404 14.577177 104.900375
v 6.702405 13.936007 101.011738
v -0.562882 13.013346 98.911802
v 4.206688 13.156118 99.048430
v 7.189226 12.427612 99.037127
v 8.410993 10.310184 100.265326
v -1.492786 9.504432 100.593243
v 0.647875 9.081016 101.051730
v 5.408023 9.834637 100.822692
v 2.431595 9.950155 101.445502
v 0.848666 11.867686 8.110826
v 1.476339 11.440383 24.732198
v 2.973208 8.115872 8.949104
v 16.153092 13.750105 16.968990
v 8.001704 23.521249 18.249570
v 2.605945 21.905069 -77.432349
v 3.426912 22.423583 -77.970677
v 2.599628 21.667783 -78.166755
v 3.422010 21.751771 -77.737474
v -2.606799 21.815477 -77.430201
v -3.420864 21.871711 -77.476813
v -2.600482 21.597366 -78.166043
v -3.428156 22.089291 -78.227278
v 1.476927 23.345062 -78.612289
v 2.135531 21.978330 -78.080993
v 3.154588 25.140381 -77.689049
v 2.436916 24.113397 -79.401885
v 3.563615 24.983837 -78.326561
v 4.264120 24.210603 -78.935873
v 4.398997 22.657390 -78.628369
v 3.129072 21.975121 -78.820355
v 4.537495 23.818775 -77.404724
v 4.156122 22.220225 -77.599377
v 3.709810 23.546694 -76.389765
v 2.953140 21.804279 -77.240033
v 2.359810 23.759148 -76.386999
v 1.738419 24.599200 -78.044481
v 1.480884 22.826189 -77.459099
v -1.464087 24.001313 -78.648249
v -2.163421 21.991585 -78.322484
v -3.036731 24.824405 -78.933574
v -2.374839 23.367149 -79.320576
v -3.027311 21.801740 -78.289547
v -3.211437 25.122800 -77.661994
v -3.714663 23.200661 -79.450800
v -4.437034 24.236298 -78.469688
v -4.397328 22.654731 -78.628776
v -4.536841 23.818313 -77.407801
v -3.699338 21.809111 -77.521433
v -3.708513 23.546879 -76.389267
v -2.189165 24.568501 -76.987825
v -2.343619 22.339684 -76.662120
v -1.480875 22.826009 -77.459398
v -3.409777 15.401088 -66.041411
v -6.842910 12.762826 -64.217050
v -4.083586 14.600180 -66.801592
v -6.115703 13.085886 -64.412697
v -5.863021 13.955936 -64.367942
v -4.773722 13.661024 -65.734208
v -6.869540 14.727784 -64.593546
v -5.023811 14.689240 -66.393683
v -5.954092 14.643956 -65.076393
v -6.606567 15.549199 -64.883643
v -5.416367 14.639582 -64.683354
v -4.177685 15.467096 -67.134981
v -4.733851 15.085912 -66.836766
v -6.034010 16.200880 -66.423473
v -6.794178 16.103185 -65.666236
v -5.880306 16.860333 -66.895108
v -5.518208 16.864245 -68.480991
v -5.668203 18.366874 -68.831993
v -4.990975 17.073249 -68.825965
v -6.523996 17.700628 -68.446879
v -7.021510 16.892255 -66.500552
v -7.535238 18.084225 -68.359600
v -9.204593 17.210098 -67.793449
v -8.647091 17.397978 -67.593514
v -7.685233 18.043245 -67.843298
v -6.707123 17.973815 -67.841637
v -5.971510 17.601888 -67.281502
v -8.407983 17.847296 -69.007732
v -8.587880 13.621328 -64.899985
v -10.126342 15.808983 -66.761678
v -9.228473 16.459910 -66.444264
v -9.068636 13.868015 -65.480798
v -8.863021 15.158658 -65.403005
v 8.464722 13.670880 -64.659481
v 8.634398 17.195030 -66.576362
v 7.978115 16.389897 -65.844041
v 7.397891 10.603614 -80.374255
v 7.013734 12.500580 -83.934240
v 7.394326 15.116954 -84.014046
v 8.516686 11.458281 -77.095091
v 7.172637 9.503839 -77.594626
v 7.671937 9.949019 -77.153146
v 8.337151 9.832095 -73.468605
v 8.801131 11.405098 -74.560619
v 6.591424 7.863091 -73.027283
v 7.108483 8.747461 -73.632365
v 7.619920 12.191751 -81.610258
v 8.368390 15.310906 -79.938343
v 8.773615 13.677226 -78.179688
v 9.040605 12.915122 -76.088914
v 9.401143 14.836851 -76.281622
v 9.364653 14.788654 -74.141667
v 4.554417 6.173556 -82.905261
v 5.845250 7.589724 -81.040918
v 1.553085 5.157408 -83.259379
v 2.586420 5.852419 -83.370141
v 2.566533 5.259756 -82.220367
v 0.568287 4.101514 -81.728327
v 4.933957 6.738921 -76.694646
v 5.208772 6.223922 -80.143193
v 3.476303 4.622855 -77.538878
v 3.346947 4.952819 -79.559822
v 5.640061 7.118952 -73.615153
v 3.974197 3.765527 -75.208532
v 4.198564 4.306548 -72.045098
v 2.831372 3.783914 -73.694663
v 4.413805 5.802980 -76.291185
v 4.248293 4.032817 -74.348489
v 2.607106 4.059667 -77.391559
v 2.219797 3.843199 -76.193490
v 1.854922 4.260842 -81.688103
v 1.884534 3.963892 -79.839674
v 1.133901 3.834115 -75.482950
v 1.326840 3.734280 -73.301395
v 0.147280 3.255475 -74.147510
v 5.002658 9.283146 -85.842613
v 4.301234 8.867776 -86.166188
v 4.319800 6.689823 -83.710704
v 4.389199 10.427875 -86.848333
v 2.673425 10.248056 -87.264355
v 6.584236 8.816471 -81.767362
v 6.573232 10.954162 -83.881780
v 4.779515 12.709444 -87.098983
v 5.945904 12.824157 -85.661565
v 3.308962 12.726592 -87.979221
v 4.150496 14.611507 -87.555113
v 2.743293 7.909022 -85.545971
v 2.140506 9.147026 -86.521672
v 1.087877 7.846989 -86.592919
v 0.968474 6.267941 -84.433086
v 1.036204 9.521366 -87.591931
v 1.851160 13.008889 -88.678345
v -0.715536 12.285356 -88.758521
v -0.170527 14.570739 -88.916507
v 5.668317 8.091944 -77.449539
v 6.439883 5.620347 -69.783334
v 6.820860 7.464484 -69.465543
v 6.647126 5.715738 -66.106229
v 6.776359 5.713119 -68.453420
v 6.152980 5.586094 -64.466656
v 6.298493 7.554195 -66.752919
v 6.231558 5.799953 -62.200688
v 7.172787 7.054015 -62.092130
v 7.058435 6.353197 -60.790791
v 6.148343 6.263689 -60.174139
v 6.272210 6.733489 -60.198402
v 8.732972 11.957124 -69.262650
v 9.555060 13.419986 -71.052861
v 9.759565 14.347714 -71.284611
v 9.189945 13.707576 -69.285212
v 9.347900 14.894159 -69.816837
v 9.498348 14.623551 -65.171410
v 8.422416 11.488911 -71.822125
v 8.221292 11.624550 -66.851913
v 7.166781 9.257319 -71.229308
v 7.943451 9.539323 -64.529374
v 8.061710 11.378211 -64.971859
v 6.776291 8.842212 -67.399383
v 7.051087 10.252938 -69.079144
v 7.119330 9.918885 -67.326644
v 9.228770 14.027806 -67.434971
v 8.881630 13.332871 -65.198098
v 7.850072 8.881572 -64.507462
v 7.877700 8.129058 -62.612234
v 7.168531 7.664350 -63.265503
v 7.424728 7.707039 -62.433489
v 7.150742 7.701466 -62.005353
v 7.698574 10.280763 -64.394366
v 6.672614 11.002923 -63.633220
v 8.487294 12.432900 -64.729309
v 9.036880 14.587449 -64.533322
v 6.732250 11.209598 -64.761150
v 6.100964 11.540887 -63.886448
v 7.420375 14.390570 -64.328976
v 4.769949 5.036502 -72.092930
v 6.127269 4.918789 -68.673346
v 5.217365 5.525188 -71.650845
v 5.890885 5.844646 -71.736743
v 5.530193 4.966534 -69.596993
v 4.159741 4.478127 -70.682600
v 3.538284 3.751329 -68.664234
v 4.486088 5.617086 -69.093276
v 4.258477 5.624007 -70.471083
v 4.610575 5.943862 -67.041657
v 5.957461 4.900962 -66.558520
v 3.598978 3.962685 -66.965805
v 3.350069 4.977011 -66.279932
v 3.897038 5.657172 -68.481486
v 3.970928 5.892154 -67.158411
v 4.568130 5.995260 -64.863735
v 2.609302 3.745943 -71.652698
v 3.065537 3.870385 -66.816093
v 1.350240 4.460494 -69.406612
v 0.063055 3.867388 -71.207120
v 1.682879 4.858988 -66.330475
v 2.928059 4.635011 -65.686593
v 1.743240 4.900401 -64.751471
v -0.031098 5.009099 -66.600868
v 5.716251 5.660857 -63.864195
v 6.198681 6.982087 -63.543261
v 5.141311 5.963124 -61.649129
v 6.083349 6.460302 -61.572199
v 3.243450 4.511685 -62.889082
v 3.788149 3.849220 -59.317448
v 4.000175 5.694773 -63.423998
v 4.080690 5.389949 -61.960581
v 5.093701 5.069266 -58.868195
v 5.087961 5.358116 -59.671167
v 5.616511 6.114983 -59.241978
v 4.619474 4.474833 -58.717997
v 4.220040 4.705655 -57.957808
v 3.187611 4.892917 -57.217929
v 2.586348 4.436615 -61.302946
v 1.141131 5.306516 -61.937445
v 3.400870 3.651446 -57.583420
v 2.231700 4.258880 -57.799718
v 2.899971 3.788386 -57.125475
v 1.821935 5.336937 -57.185742
v 2.799135 7.124092 -58.207617
v 1.244600 5.067217 -57.923084
v 0.429593 4.895923 -57.284512
v 0.144444 5.207770 -60.153124
v 1.668043 7.310191 -58.071344
v 0.749943 5.574500 -57.293398
v 5.746706 11.525603 -65.823052
v 5.890541 11.460685 -64.853683
v 6.760012 12.254906 -64.939168
v 5.312474 12.926279 -65.810085
v 5.003834 12.461453 -65.312092
v 6.447117 14.562661 -64.124835
v 6.268357 14.761018 -65.178479
v 4.910003 13.513754 -66.321027
v 4.097287 13.678416 -65.424713
v 6.244956 7.029084 -64.441007
v 5.465029 9.943453 -62.182925
v 4.568427 6.877388 -59.100332
v 5.168841 12.577710 -63.828650
v 6.777384 14.800444 -63.976862
v 4.188705 13.091550 -63.765577
v 3.099539 12.363595 -62.627879
v 3.549668 11.024263 -62.151193
v 1.837552 10.558426 -61.057262
v 1.767161 12.325464 -62.087759
v 1.827441 16.408671 -62.855987
v 2.811512 14.835369 -62.901205
v 6.515974 15.979254 -85.377432
v 7.157861 18.469288 -84.689332
v 8.070543 14.037084 -81.540049
v 7.660810 17.091096 -83.542054
v 7.259812 19.177142 -83.741284
v 7.865966 18.808153 -82.216982
v 7.324938 19.994535 -83.345470
v 7.745702 20.809121 -81.414328
v 6.778208 21.579596 -83.080802
v 6.852480 22.610605 -82.248938
v 6.334357 22.582862 -81.447584
v 6.512835 23.396984 -82.949682
v 8.088624 17.111327 -82.144043
v 8.825256 16.072498 -78.949856
v 8.506698 18.746809 -80.657696
v 8.363552 18.164433 -79.428818
v 9.067817 16.745725 -76.537394
v 9.399617 15.759272 -72.638824
v 7.384506 20.620079 -80.309555
v 7.172923 20.919077 -80.579399
v 5.811633 21.054570 -80.662557
v 7.991807 19.246930 -77.570141
v 7.571854 19.534952 -77.310829
v 6.389031 20.149655 -74.635195
v 4.822052 17.548821 -86.981514
v 3.709994 15.805790 -88.040528
v 5.872162 20.102093 -85.827513
v 4.669502 21.163131 -86.818229
v 5.373594 18.598946 -86.741277
v 3.073672 19.796746 -87.923446
v 6.060357 21.032725 -84.829848
v 6.071972 22.398089 -84.580636
v 4.706675 23.153361 -81.759217
v 3.268735 16.760607 -88.209378
v 2.050215 15.276349 -88.493958
v 0.425646 19.773883 -88.305537
v 2.482313 22.480987 -87.133924
v 0.791822 21.769262 -87.443550
v 6.014250 20.300252 -79.363268
v 6.467150 19.794942 -76.973053
v 5.549356 22.630460 -81.494224
v 5.149827 22.447397 -81.149841
v 4.864102 22.777000 -78.585489
v 4.874463 22.283101 -76.694259
v 5.415949 21.796359 -76.245764
v 3.733718 22.248405 -87.053926
v 4.645263 23.794002 -85.945614
v 3.011096 24.356652 -86.182271
v 5.828334 24.064290 -83.512365
v 5.037683 24.727530 -83.890284
v 5.512612 24.306228 -82.907323
v 2.988255 25.294957 -85.265321
v 4.666569 24.003035 -82.097429
v 3.737357 25.017487 -82.971981
v 3.853892 23.828050 -82.312452
v 3.585537 24.032286 -80.981298
v 1.279998 24.587578 -85.848821
v 0.973700 25.652906 -84.556043
v 0.503700 23.850470 -86.061969
v 2.967133 24.333544 -82.525360
v 2.950633 25.680207 -84.404946
v 2.222752 25.768380 -83.333492
v 1.982139 24.523681 -82.871714
v 0.128615 25.668938 -83.527746
v 0.143548 24.307841 -82.966033
v 4.432282 23.965624 -79.264667
v 3.425180 22.941542 -77.539645
v 3.791414 22.838949 -76.431402
v 2.739239 24.212199 -79.745940
v 3.801407 24.252005 -79.383261
v 2.914262 23.617306 -78.733809
v 1.191705 22.646610 -78.546033
v 1.085206 22.289540 -77.168280
v 0.337030 24.255918 -80.814928
v 0.322455 22.747857 -77.679016
v 2.950837 22.815999 -76.683453
v 2.494338 24.217378 -73.335541
v 1.062106 22.664001 -75.848116
v 0.482510 23.934554 -75.630212
v 1.720697 24.354848 -73.488917
v 0.903749 24.775473 -73.837033
v 0.819225 25.258750 -74.372249
v 0.428982 26.220991 -73.137260
v 9.551443 15.800515 -68.117732
v 8.732184 17.411021 -70.457153
v 8.096992 19.249378 -74.939817
v 7.741619 18.248593 -70.021659
v 6.986245 18.439784 -69.677083
v 9.782923 15.525408 -65.899526
v 9.411143 16.185668 -65.952884
v 8.664337 15.621863 -64.682333
v 8.387062 17.504737 -67.796604
v 6.951495 16.848236 -66.191756
v 7.606949 17.596059 -67.418149
v 7.222907 18.176166 -68.177772
v 6.096550 17.657558 -68.628923
v 6.479801 18.183630 -67.414110
v 7.063754 19.621679 -72.319450
v 6.327231 20.094785 -71.397582
v 5.981395 18.987136 -69.457386
v 5.435091 16.549610 -67.310803
v 4.854300 16.345504 -68.197697
v 7.029551 15.021279 -64.581491
v 7.009167 16.124797 -65.103334
v 5.983086 16.597307 -66.097048
v 4.814414 15.029903 -66.821891
v 5.524071 18.513200 -68.857263
v 4.354247 18.480743 -68.068043
v 6.121664 17.668469 -66.746476
v 4.463478 16.605307 -68.501411
v 4.213668 15.105878 -66.875465
v 2.707145 17.032117 -67.221660
v 3.624670 17.309559 -68.208665
v 5.665018 21.029816 -70.913626
v 5.097634 22.851967 -72.329206
v 5.402726 22.007122 -70.435108
v 5.035372 22.434963 -69.857282
v 4.830350 20.550853 -67.843955
v 4.366043 21.336692 -67.481669
v 4.759799 22.956639 -67.665603
v 3.327698 15.505913 -65.795714
v 2.095076 16.661786 -64.904597
v 1.833486 19.011604 -66.865258
v 0.197367 18.312413 -65.390202
v 3.262850 21.033037 -66.781050
v 4.074585 22.491251 -66.811921
v 2.398530 22.732110 -65.686654
v -0.124723 20.191874 -66.345976
v 0.927386 19.187506 -66.356422
v 1.679282 20.652199 -66.351562
v 1.422182 17.578392 -65.560243
v 0.821050 17.135772 -64.225824
v 0.786179 16.734814 -62.202291
v -0.453930 22.609243 -64.630448
v 4.849007 23.555211 -69.295013
v 4.304431 24.068153 -71.304010
v 3.730080 24.095155 -72.608933
v 3.367022 25.679312 -71.487274
v 3.608003 25.152814 -69.882496
v 4.332792 23.959011 -65.921700
v 3.789336 24.307550 -64.972924
v 4.064467 24.743012 -67.844200
v 2.119167 25.264219 -72.984240
v 1.772832 25.015166 -69.320610
v 2.926197 25.533758 -72.334352
v 2.104570 26.312162 -71.586726
v 2.857359 25.313627 -69.899119
v 1.642705 25.037369 -70.450598
v 1.737449 25.404974 -70.576792
v 0.072484 26.438258 -70.876729
v 0.932489 25.511965 -69.049303
v 3.138247 24.875551 -64.817294
v 2.248380 25.752944 -68.861799
v 2.483030 25.800658 -67.980389
v 0.311057 26.386933 -68.631823
v 1.561005 26.217553 -66.927629
v 0.798034 26.446880 -66.921049
v 3.634671 23.676782 -64.768166
v 2.935990 24.485094 -64.259270
v 1.557617 24.099519 -63.894846
v 1.796191 25.069108 -63.816435
v 0.945882 23.289543 -64.634879
v -1.838098 4.228453 -81.675090
v -0.994263 6.258420 -84.440977
v -1.581548 5.236029 -83.369201
v -2.553583 5.650397 -83.243143
v -4.598298 6.106309 -83.086867
v -0.091310 3.367154 -79.744620
v -2.799935 3.932066 -77.410271
v 0.803973 3.411622 -77.992694
v -1.399650 3.499644 -76.980336
v -3.371967 4.792667 -79.441222
v 0.002570 3.447372 -76.749236
v -1.167622 3.756424 -75.447916
v -1.105058 3.520591 -73.586194
v -3.878139 3.632811 -75.951652
v -2.351971 3.387540 -72.844027
v -2.678438 5.246783 -82.066948
v -3.862629 5.072869 -78.077619
v -5.912789 7.317979 -80.730222
v -5.335104 6.023786 -80.200905
v -5.017389 6.189927 -76.764428
v -3.209555 3.450920 -73.650765
v -3.918574 3.423944 -74.279237
v -4.569367 3.882028 -73.647847
v -4.548818 5.285881 -76.210439
v -0.038609 8.230531 -86.690718
v -1.266624 7.921459 -86.670339
v -0.997524 9.503141 -87.595388
v -2.281367 8.895020 -86.299596
v -2.763871 12.400464 -88.345941
v -2.622076 15.598935 -88.399814
v -2.152695 13.576877 -88.687187
v -2.828129 7.949097 -85.595766
v -3.939642 7.089651 -84.280215
v -4.752561 8.704118 -85.958101
v -2.672871 10.101686 -87.302011
v -4.298007 9.494167 -86.758012
v -5.387795 9.748608 -85.976188
v -5.135235 7.157086 -83.496156
v -5.872881 7.991054 -83.157066
v -4.966025 13.313106 -87.547746
v -3.700170 15.656400 -88.071863
v -5.106586 11.806472 -87.225158
v -5.622204 7.471290 -77.290123
v -6.254691 9.410669 -83.763103
v -6.345000 13.870298 -85.924181
v -6.339771 12.167757 -85.892199
v -7.260495 12.096224 -83.954105
v -7.493285 13.305011 -83.880997
v -7.888394 12.834280 -81.617543
v -6.801684 8.827328 -80.995511
v -7.180502 10.445697 -80.786758
v -6.655314 8.501097 -76.979799
v -7.238493 9.214885 -77.240098
v -8.457951 11.474067 -75.953623
v -7.858756 8.883933 -73.806648
v -7.974558 12.872852 -78.449514
v -8.270756 10.955205 -73.808188
v -8.216130 12.212425 -77.103064
v -8.552381 12.628815 -75.235134
v -9.074436 15.423910 -77.343116
v -8.645861 13.950497 -74.664611
v -1.198308 4.414239 -68.836400
v -2.378201 3.588680 -70.376793
v -3.084192 3.439617 -67.634992
v -3.516267 3.394984 -70.772343
v -4.049687 3.869262 -70.484881
v -4.959565 4.720951 -71.075879
v -5.565082 4.396264 -68.282035
v -5.970893 4.464853 -69.313189
v -5.206790 5.032758 -72.125826
v -5.474039 6.067101 -73.154903
v -3.576868 3.494161 -67.797932
v -3.214646 4.057680 -66.221131
v -3.101143 4.460268 -65.028818
v -3.817790 5.114443 -67.611943
v -4.281835 5.067828 -69.394447
v -5.885906 4.342157 -66.571577
v -4.136900 5.632382 -66.805772
v -5.006667 5.617232 -62.555165
v -2.396795 4.441815 -65.506955
v -0.902724 5.196764 -63.389099
v -1.057586 5.301161 -59.355113
v -2.143078 4.623828 -61.067057
v -0.085373 4.812193 -57.812702
v 0.033871 4.453489 -57.127174
v -1.616002 4.958768 -57.739311
v -0.836634 5.213111 -57.297975
v -2.315380 4.347287 -57.373092
v -2.085491 5.464093 -57.010227
v -2.179153 7.091765 -57.731777
v -3.076264 4.205778 -61.937279
v -3.416652 4.315495 -61.971171
v -3.851618 5.384202 -62.340477
v -4.301540 5.755923 -63.419645
v -5.624070 4.921221 -64.395501
v -6.138586 5.254290 -63.934332
v -5.742744 5.561036 -62.681336
v -5.760344 5.796678 -61.129287
v -5.937227 6.810901 -61.208412
v -3.731669 3.924432 -59.526356
v -3.753196 3.907808 -57.641944
v -3.198609 3.902894 -57.081689
v -4.136398 4.526323 -58.074073
v -3.402727 5.196954 -57.112900
v -3.747294 5.880043 -57.724094
v -4.989630 5.961670 -60.050844
v -5.751084 6.465228 -60.425428
v -6.475293 6.513760 -59.774917
v -4.969635 5.036030 -58.305794
v -5.289077 6.695388 -58.758209
v -6.146741 6.999723 -65.771150
v -3.612111 14.161512 -66.517489
v -4.593684 12.954261 -64.655480
v -1.759251 8.055523 -58.480216
v -2.265245 15.598632 -62.515284
v -2.291715 13.679164 -62.223847
v -5.679080 10.522443 -63.918938
v -5.670312 11.345996 -64.409336
v -5.915119 10.896116 -63.529090
v -5.515596 11.734905 -61.941087
v -5.485621 9.252701 -60.349068
v -2.368385 10.598992 -60.960649
v -3.185780 12.333076 -62.021289
v -3.640360 14.251156 -65.138869
v -3.019910 14.638139 -63.078677
v -4.182486 13.058696 -62.875959
v -5.328648 12.281892 -64.957092
v -5.084775 12.312482 -63.447022
v -5.531992 11.120059 -63.846995
v -5.224050 13.718508 -65.233790
v -5.977171 5.091403 -70.942807
v -6.536037 4.978351 -68.386252
v -6.475508 6.986791 -72.085898
v -6.500905 5.396568 -65.731927
v -5.885725 6.625673 -62.662457
v -6.326877 7.007116 -59.636775
v -6.798841 6.810698 -60.049617
v -6.932689 7.972361 -72.953848
v -6.979697 8.305199 -70.074057
v -8.029737 9.065836 -72.085956
v -7.750564 9.145248 -71.529442
v -7.696946 10.358932 -69.899508
v -6.788810 6.529720 -68.689043
v -6.822879 8.826464 -65.942012
v -6.487911 7.902013 -65.575899
v -7.095512 9.572479 -68.551787
v -7.297727 9.795554 -66.471612
v -8.025303 10.680122 -65.295240
v -8.059457 11.179985 -71.420334
v -7.946819 12.643557 -73.352443
v -9.042625 12.052538 -69.883510
v -8.629162 11.063972 -68.182322
v -8.679222 11.632949 -66.759125
v -9.193386 14.148012 -71.415516
v -9.690978 13.996575 -69.386863
v -9.958143 14.296336 -67.311138
v -9.720932 14.801004 -65.963687
v -6.073825 7.419717 -64.301301
v -6.839059 8.091851 -62.066473
v -6.536069 7.255275 -61.524358
v -7.752155 8.406697 -61.919370
v -6.596826 10.949559 -61.983733
v -6.822621 10.311168 -61.308639
v -7.722484 8.451588 -61.132732
v -6.972095 10.447708 -62.223836
v -7.956652 9.620460 -62.800587
v -7.604712 9.346520 -64.052233
v -7.677924 10.912131 -63.577854
v -7.140774 7.686029 -60.501276
v -7.370035 9.096088 -61.057786
v -6.962328 11.243862 -63.236070
v -5.594216 12.132180 -62.478836
v -7.893743 11.722145 -64.272206
v -8.164712 13.151758 -64.432222
v -0.152577 16.496376 -88.674556
v -1.759483 17.801759 -88.075408
v -2.220665 19.244330 -88.118700
v -1.406807 21.809986 -87.331984
v -3.132023 23.642107 -86.162870
v -3.171501 19.395779 -87.645613
v -6.790004 15.136168 -85.516771
v -5.175534 16.935554 -86.566504
v -3.355796 21.029163 -87.128972
v -4.537467 21.271898 -86.229451
v -3.924606 22.218107 -86.328457
v -5.113476 18.875751 -86.536009
v -5.119180 20.398050 -85.924430
v -4.444675 23.703616 -85.445777
v -6.461556 19.556695 -84.495378
v -5.571003 21.685623 -84.353120
v -5.173762 23.175243 -80.656547
v -4.787110 24.109261 -81.761825
v -5.700267 21.812779 -80.086090
v -6.131841 21.022314 -80.465026
v -5.457731 22.670309 -80.337820
v -5.827539 22.528427 -81.042701
v -5.651444 21.869324 -78.392038
v -5.604081 21.608044 -76.015732
v -1.047532 23.708934 -86.253818
v -0.217477 24.974370 -84.917972
v -1.796442 25.678586 -83.572649
v -1.910557 25.241023 -85.105623
v -3.884409 24.935290 -84.431710
v -3.071693 25.202044 -83.450101
v -2.943666 24.261411 -83.045557
v -3.941787 24.846622 -82.850958
v -4.866639 24.491343 -82.962747
v -2.739841 24.065464 -82.002799
v -3.562697 23.902261 -82.460708
v -4.477785 23.331125 -81.522417
v -5.663134 23.141636 -83.889030
v -6.596431 23.035936 -82.390946
v 0.025186 23.341975 -79.290961
v -1.170584 22.121517 -77.236547
v -2.653406 22.512970 -77.277861
v -1.120533 22.644167 -78.620058
v -1.397014 24.462950 -80.553796
v -3.394429 24.064627 -79.761309
v -2.942953 23.926043 -79.325650
v -0.821123 22.404995 -76.313580
v -0.183944 23.756282 -75.855807
v -0.250886 22.671898 -77.671537
v -0.429182 25.697344 -74.365545
v 0.439294 26.041645 -73.607791
v 0.249477 25.717602 -74.469542
v 0.046555 25.395776 -73.761829
v -1.240245 24.280420 -74.138411
v -3.152013 23.332127 -75.055295
v -1.486429 24.351668 -73.652070
v -3.138290 24.260535 -72.938697
v -3.016374 23.005622 -78.339575
v -4.685882 22.338419 -77.594229
v -4.653328 23.755666 -79.087896
v -5.069970 22.736905 -78.389250
v -3.304788 22.556292 -76.476268
v -4.729703 22.345306 -76.047280
v -3.507954 23.638666 -73.692694
v -6.933241 17.563380 -85.004252
v -6.973465 15.986262 -84.907697
v -7.808482 18.499115 -83.489868
v -7.896738 15.108447 -83.894884
v -8.365772 17.143990 -83.286986
v -9.322451 17.400243 -81.613621
v -7.259765 21.658411 -82.226903
v -6.568874 22.911789 -81.530785
v -7.488065 21.721783 -81.372063
v -9.150652 16.061817 -81.621076
v -9.227860 16.300337 -79.118888
v -9.222173 17.970190 -78.315714
v -8.522295 19.815353 -78.827912
v -9.012742 15.028902 -73.712212
v -9.460167 16.435212 -76.429877
v -9.351366 17.594381 -75.040302
v -8.179115 19.270153 -74.902756
v -9.342419 18.881925 -76.098388
v -6.158890 20.305388 -79.337743
v -6.660758 20.305544 -76.994453
v -6.609776 20.261456 -79.834023
v -7.992704 20.374179 -79.889763
v -7.285760 21.490728 -80.758741
v -8.253255 20.203575 -81.869803
v -8.853735 19.226575 -80.178128
v -6.624289 20.386326 -74.043605
v -0.520930 17.898017 -65.076663
v -1.716944 17.354177 -65.756860
v -0.991926 19.272473 -66.320309
v -0.309618 21.516684 -65.566453
v -1.814314 18.994265 -66.614180
v -2.135878 20.471556 -66.397970
v -2.676913 16.943945 -67.270273
v -4.553529 16.243709 -68.244997
v -3.854134 17.046048 -68.238698
v -3.048093 17.612016 -67.899571
v -5.351034 16.493316 -67.692662
v -3.716277 19.121972 -67.635922
v -5.887218 19.232457 -69.444818
v -5.055891 22.628888 -70.334365
v -3.824983 21.393153 -66.453696
v -4.354558 22.738307 -65.992617
v -2.807553 22.652581 -65.210533
v -5.116197 20.105977 -68.354453
v -4.816245 20.390510 -67.730683
v -4.905844 21.630698 -68.993702
v -4.689847 21.713588 -67.314136
v -1.201814 17.076856 -64.279057
v 0.330785 15.047414 -62.222839
v -0.664022 16.725148 -62.213785
v -1.651409 16.436929 -62.825922
v -0.851320 25.707863 -73.492309
v 0.245794 26.801233 -72.082807
v -0.899964 26.684493 -72.080358
v -0.643135 25.648097 -70.401228
v -1.397621 25.169827 -70.334132
v -2.005596 25.145351 -73.148272
v -2.059868 24.973447 -69.455314
v -1.856016 26.037940 -71.826155
v -2.088590 25.893314 -70.963063
v -2.939790 25.249696 -70.377037
v -0.423955 26.126122 -69.049034
v -1.507380 26.430709 -67.013147
v -1.058125 26.089980 -65.384479
v -1.888799 25.961801 -68.393684
v -2.310820 25.434550 -65.148640
v -4.675489 23.137707 -71.552654
v -2.942253 25.007488 -69.118546
v -4.829376 23.618524 -69.424273
v -3.154633 25.311993 -71.488190
v -3.493024 25.047192 -67.949189
v -4.819717 24.455006 -66.965943
v -2.718351 25.785459 -67.484568
v -5.118891 23.524252 -66.462265
v -4.545349 24.428439 -65.193785
v -0.231352 23.584386 -64.238435
v 0.168687 24.373870 -63.565135
v 0.028252 25.329630 -63.688686
v -0.914132 25.215513 -64.471382
v 0.365089 26.237113 -65.594721
v -1.499578 25.020013 -64.725064
v -1.686129 23.311818 -64.428662
v -2.386894 24.675007 -64.058126
v -3.337346 24.227287 -63.696803
v -3.484989 23.554087 -64.091472
v -4.256384 23.960156 -64.296596
v -3.517053 24.785402 -64.037625
v -7.618360 19.175329 -72.134663
v -6.962084 18.107941 -69.192337
v -8.781579 18.611350 -72.489943
v -8.466827 17.908821 -69.718613
v -9.024384 17.149775 -70.010779
v -5.820682 20.981438 -71.011975
v -6.507917 20.096181 -71.487920
v -9.197965 16.340242 -70.544264
v -10.059479 15.442536 -68.038156
v -10.090296 15.489530 -66.234029
v -8.854038 15.921960 -65.783683
v -5.937895 15.644704 -65.459323
f 4 639 109
f 4 109 5
f 9 635 639
f 658 7 673
f 881 7 658
f 6 4 638
f 9 6 13
f 9 13 16
f 13 6 14
f 11 9 16
f 7 881 14
f 85 103 100
f 657 656 668
f 668 656 1550
f 22 12 19
f 23 20 678
f 23 656 22
f 656 657 22
f 19 678 20
f 23 22 20
f 22 19 20
f 400 31 29
f 24 400 57
f 400 24 25
f 24 26 27
f 25 399 400
f 27 25 24
f 29 31 30
f 35 399 25
f 30 679 38
f 31 679 30
f 25 34 35
f 35 34 39
f 679 36 38
f 37 35 39
f 36 44 38
f 37 39 48
f 46 37 48
f 40 398 33
f 36 42 44
f 48 39 43
f 42 680 49
f 42 49 44
f 48 43 47
f 52 46 48
f 680 53 49
f 52 48 47
f 52 47 920
f 680 54 53
f 55 46 52
f 56 55 52
f 52 920 56
f 54 681 53
f 64 105 63
f 73 70 72
f 73 72 71
f 65 67 94
f 64 65 94
f 65 66 67
f 64 63 65
f 65 74 66
f 65 63 74
f 66 74 155
f 63 76 74
f 63 75 76
f 74 77 155
f 74 76 77
f 76 78 77
f 75 78 76
f 78 106 77
f 75 87 78
f 99 82 684
f 96 84 99
f 99 84 82
f 84 103 85
f 101 103 84
f 75 63 670
f 6 638 14
f 7 14 638
f 638 673 7
f 88 722 62
f 91 722 88
f 661 68 61
f 70 69 72
f 73 71 151
f 62 63 105
f 684 82 682
f 684 682 1582
f 96 81 84
f 670 87 75
f 671 670 63
f 706 96 97
f 59 58 704
f 59 704 703
f 705 59 703
f 100 86 85
f 97 669 706
f 704 58 667
f 669 98 95
f 88 62 105
f 687 63 62
f 101 703 103
f 103 703 100
f 669 97 98
f 87 967 79
f 106 79 80
f 107 104 100
f 704 107 100
f 13 14 15
f 60 24 89
f 92 68 661
f 68 92 93
f 93 105 72
f 93 72 69
f 64 94 105
f 104 86 100
f 104 107 1601
f 87 79 78
f 78 79 106
f 1601 107 704
f 111 637 3
f 113 3 109
f 112 111 3
f 117 3 113
f 114 108 110
f 113 109 114
f 108 114 109
f 115 114 110
f 120 112 116
f 124 114 115
f 113 122 117
f 114 124 118
f 114 118 113
f 122 113 118
f 115 110 121
f 120 116 659
f 125 118 124
f 119 123 121
f 118 126 122
f 115 128 124
f 121 128 115
f 122 126 127
f 124 128 125
f 121 123 128
f 118 125 126
f 129 128 123
f 129 123 674
f 674 127 126
f 659 674 123
f 636 1 637
f 636 111 110
f 111 119 110
f 137 146 193
f 144 137 402
f 137 193 186
f 138 186 143
f 186 403 142
f 186 142 143
f 403 194 142
f 156 401 132
f 401 131 132
f 131 130 132
f 131 402 141
f 131 141 130
f 142 179 143
f 132 130 133
f 138 143 177
f 138 177 139
f 143 179 177
f 156 132 150
f 133 130 141
f 139 177 429
f 157 150 136
f 134 135 145
f 135 161 145
f 161 144 145
f 161 184 144
f 184 140 137
f 184 137 144
f 140 146 137
f 140 197 146
f 136 150 206
f 156 150 151
f 148 106 80
f 148 77 106
f 152 66 155
f 152 155 153
f 153 155 77
f 149 77 148
f 135 152 153
f 148 80 154
f 153 77 149
f 66 147 67
f 147 66 134
f 152 134 66
f 156 151 147
f 152 135 134
f 150 133 206
f 151 157 73
f 151 150 157
f 150 132 133
f 148 154 158
f 149 148 158
f 161 135 160
f 160 135 153
f 160 153 149
f 160 149 159
f 149 162 159
f 158 162 149
f 158 164 162
f 418 166 163
f 418 163 164
f 165 164 158
f 404 166 418
f 404 1039 166
f 405 1039 404
f 154 167 165
f 154 165 158
f 167 154 1025
f 161 160 168
f 172 406 178
f 184 161 168
f 172 173 406
f 169 174 183
f 184 168 171
f 171 168 160
f 171 160 170
f 170 160 159
f 170 159 185
f 407 183 176
f 183 174 176
f 185 159 172
f 178 185 172
f 407 176 419
f 174 179 176
f 419 176 182
f 176 179 189
f 176 189 182
f 194 189 179
f 194 179 142
f 181 185 178
f 175 185 181
f 174 177 179
f 180 184 171
f 180 171 170
f 180 170 175
f 175 170 185
f 141 138 139
f 402 138 141
f 137 186 402
f 184 180 140
f 180 197 140
f 178 406 187
f 408 169 183
f 197 180 196
f 182 189 192
f 182 192 191
f 190 178 187
f 196 180 175
f 196 175 181
f 195 146 197
f 181 178 190
f 419 182 191
f 146 195 193
f 194 192 189
f 191 192 343
f 340 196 339
f 339 196 181
f 181 190 341
f 403 199 194
f 194 199 192
f 419 191 342
f 195 197 198
f 198 197 196
f 198 196 340
f 195 337 193
f 200 341 190
f 191 343 342
f 202 201 203
f 201 208 204
f 201 202 208
f 201 204 206
f 203 133 205
f 204 208 450
f 204 450 207
f 206 204 455
f 204 207 455
f 203 206 133
f 202 203 205
f 203 201 206
f 202 205 208
f 205 133 141
f 208 205 141
f 209 206 455
f 136 206 209
f 225 304 295
f 212 213 210
f 228 222 215
f 228 215 210
f 214 224 211
f 223 212 210
f 210 213 228
f 217 220 216
f 319 219 215
f 319 215 222
f 217 223 220
f 331 218 301
f 219 216 220
f 303 221 227
f 227 221 226
f 227 226 229
f 295 304 228
f 211 224 225
f 211 225 295
f 224 226 225
f 303 331 221
f 217 227 229
f 211 213 212
f 224 229 226
f 243 296 238
f 305 244 247
f 243 245 240
f 232 242 252
f 246 332 233
f 230 237 296
f 241 242 232
f 233 230 296
f 241 234 242
f 246 240 306
f 230 313 237
f 313 252 242
f 296 237 238
f 239 306 244
f 241 236 234
f 249 305 247
f 249 247 245
f 247 244 306
f 248 246 306
f 248 306 239
f 248 332 246
f 231 248 232
f 236 305 249
f 241 239 244
f 232 239 241
f 232 248 239
f 249 235 234
f 249 245 243
f 238 235 243
f 245 306 240
f 234 235 238
f 267 259 265
f 267 265 251
f 254 257 297
f 255 257 254
f 260 307 252
f 250 333 258
f 250 258 260
f 263 256 262
f 251 253 261
f 297 260 258
f 297 258 262
f 264 252 307
f 333 334 261
f 266 259 267
f 307 260 297
f 307 297 257
f 254 297 298
f 308 255 254
f 268 308 254
f 266 264 259
f 334 266 267
f 253 263 262
f 262 256 297
f 308 251 265
f 308 265 255
f 281 280 274
f 310 273 279
f 279 273 309
f 311 322 272
f 276 278 334
f 270 311 269
f 299 271 275
f 299 275 276
f 300 276 275
f 300 275 279
f 279 275 270
f 270 275 311
f 335 334 278
f 322 311 275
f 335 277 272
f 278 276 300
f 274 280 309
f 272 316 335
f 281 310 280
f 311 277 269
f 310 269 280
f 311 272 277
f 273 274 309
f 270 310 279
f 309 278 300
f 280 277 278
f 269 277 280
f 285 293 289
f 287 282 294
f 294 282 293
f 290 283 282
f 290 282 287
f 293 291 289
f 294 293 285
f 288 289 292
f 385 288 292
f 292 289 291
f 284 292 291
f 283 284 291
f 286 385 292
f 283 290 284
f 291 282 283
f 291 293 282
f 290 286 284
f 284 286 292
f 304 301 228
f 210 220 223
f 215 219 220
f 214 212 223
f 213 295 228
f 210 215 220
f 218 319 222
f 218 222 301
f 301 222 228
f 211 212 214
f 213 211 295
f 240 296 243
f 238 237 242
f 238 242 234
f 233 296 246
f 313 242 237
f 240 246 296
f 249 234 236
f 235 249 243
f 253 268 263
f 256 298 297
f 262 258 261
f 262 261 253
f 252 250 260
f 333 261 258
f 298 263 268
f 263 298 256
f 310 281 273
f 279 309 300
f 269 310 270
f 334 299 276
f 271 322 275
f 331 301 221
f 221 301 304
f 221 304 226
f 216 303 227
f 216 227 217
f 217 229 223
f 214 223 224
f 225 226 304
f 223 229 224
f 247 306 245
f 236 241 305
f 241 244 305
f 259 307 257
f 264 307 259
f 259 257 265
f 334 267 261
f 268 253 308
f 253 251 308
f 261 267 251
f 268 254 298
f 255 265 257
f 280 278 309
f 335 278 277
f 274 273 281
f 331 312 218
f 315 333 250
f 315 250 325
f 335 316 415
f 325 250 252
f 321 416 415
f 383 329 326
f 302 312 303
f 312 331 303
f 216 302 303
f 232 252 231
f 302 233 332
f 231 314 248
f 314 302 332
f 314 332 248
f 271 324 322
f 343 192 199
f 339 181 338
f 338 181 341
f 336 195 198
f 195 336 345
f 195 345 337
f 342 343 344
f 346 198 340
f 340 339 338
f 344 343 199
f 336 198 346
f 338 341 347
f 200 347 341
f 353 336 354
f 336 353 345
f 420 342 344
f 346 340 338
f 354 336 346
f 420 344 355
f 345 353 351
f 355 344 348
f 346 338 349
f 348 344 199
f 349 338 350
f 350 338 347
f 200 410 347
f 350 347 410
f 352 348 199
f 361 420 355
f 354 346 360
f 360 346 349
f 350 410 356
f 353 363 351
f 362 355 348
f 362 348 358
f 349 350 359
f 352 357 358
f 359 350 356
f 352 358 348
f 361 355 362
f 360 349 366
f 366 349 359
f 365 354 377
f 357 364 358
f 366 359 356
f 366 356 412
f 358 364 370
f 421 361 367
f 365 353 354
f 367 361 362
f 377 354 360
f 367 362 358
f 367 358 370
f 377 360 372
f 372 360 366
f 373 366 412
f 373 412 374
f 365 368 353
f 353 368 363
f 371 367 370
f 372 366 373
f 364 369 370
f 371 421 367
f 365 423 368
f 423 365 377
f 369 376 370
f 375 371 370
f 375 370 376
f 372 373 380
f 380 373 374
f 423 377 425
f 380 374 414
f 378 371 375
f 425 377 372
f 425 372 380
f 329 325 313
f 394 315 325
f 216 219 318
f 271 299 324
f 252 313 325
f 394 299 315
f 333 315 299
f 299 334 333
f 388 290 287
f 385 286 391
f 290 391 286
f 387 294 285
f 287 294 387
f 388 287 386
f 386 287 387
f 290 388 391
f 387 285 390
f 390 285 289
f 390 289 317
f 317 289 288
f 385 391 392
f 385 392 288
f 389 388 386
f 288 392 317
f 389 386 387
f 321 417 393
f 390 427 381
f 321 327 417
f 302 216 233
f 231 252 264
f 334 335 266
f 314 231 264
f 314 264 266
f 422 299 394
f 328 320 389
f 328 389 387
f 387 390 328
f 323 427 390
f 425 379 383
f 382 424 376
f 94 72 105
f 105 93 92
f 105 672 88
f 399 35 33
f 46 33 37
f 46 55 50
f 46 50 40
f 55 51 50
f 41 50 45
f 41 398 40
f 32 399 33
f 31 399 32
f 31 400 399
f 401 147 134
f 401 134 145
f 131 401 145
f 131 145 144
f 337 403 193
f 337 199 403
f 151 71 67
f 71 94 67
f 71 72 94
f 92 672 105
f 35 37 33
f 40 33 46
f 54 51 55
f 51 45 50
f 40 50 41
f 33 398 32
f 12 22 657
f 147 151 67
f 401 156 147
f 144 402 131
f 138 402 186
f 186 193 403
f 383 326 384
f 383 384 425
f 394 383 379
f 376 369 382
f 422 380 414
f 162 164 173
f 167 404 165
f 1025 405 404
f 1025 404 167
f 173 407 406
f 173 408 407
f 190 187 409
f 190 409 200
f 356 410 411
f 412 356 411
f 374 412 413
f 374 413 414
f 426 422 414
f 422 394 379
f 329 313 230
f 416 314 415
f 266 335 415
f 318 329 230
f 318 230 233
f 302 416 312
f 233 216 318
f 330 318 219
f 219 319 330
f 416 302 314
f 266 415 314
f 330 329 318
f 422 426 395
f 330 319 381
f 330 381 326
f 381 319 320
f 381 320 328
f 319 218 320
f 329 330 326
f 396 395 426
f 397 396 378
f 323 397 427
f 395 396 327
f 417 327 396
f 397 417 396
f 393 417 392
f 392 417 397
f 392 397 323
f 329 383 325
f 394 325 383
f 324 299 422
f 272 322 395
f 395 327 316
f 395 316 272
f 415 316 327
f 327 321 415
f 393 416 321
f 416 218 312
f 218 389 320
f 165 418 164
f 404 418 165
f 407 419 406
f 406 419 187
f 408 183 407
f 187 419 409
f 409 419 342
f 200 409 342
f 200 342 420
f 410 200 420
f 411 410 420
f 411 420 361
f 412 411 361
f 412 361 421
f 413 412 421
f 413 421 371
f 414 413 371
f 414 371 378
f 326 381 382
f 326 382 384
f 322 422 395
f 422 322 324
f 369 357 363
f 351 357 352
f 364 357 369
f 351 363 357
f 345 351 352
f 382 369 368
f 337 352 199
f 363 368 369
f 337 345 352
f 328 390 381
f 388 389 416
f 416 393 388
f 393 391 388
f 393 392 391
f 392 323 317
f 323 390 317
f 424 427 375
f 426 378 396
f 424 375 376
f 423 384 368
f 368 384 382
f 379 425 380
f 426 414 378
f 423 425 384
f 378 375 397
f 379 380 422
f 375 427 397
f 381 427 424
f 381 424 382
f 218 416 389
f 174 433 177
f 169 188 433
f 169 433 174
f 166 431 430
f 166 430 163
f 1039 431 166
f 1039 432 431
f 428 432 1039
f 177 433 429
f 429 433 435
f 188 434 433
f 431 441 430
f 429 435 451
f 441 436 430
f 432 437 431
f 433 439 440
f 433 440 435
f 432 438 437
f 434 439 433
f 431 437 441
f 435 440 451
f 443 446 434
f 434 446 439
f 440 453 451
f 440 462 453
f 446 460 439
f 437 442 441
f 437 445 442
f 439 460 440
f 438 445 437
f 436 444 443
f 441 444 436
f 441 442 444
f 438 447 445
f 460 468 462
f 447 449 445
f 139 208 141
f 429 451 450
f 429 450 139
f 450 208 139
f 465 448 464
f 454 465 464
f 454 464 1352
f 455 454 1352
f 455 1352 209
f 207 450 451
f 452 207 451
f 452 451 453
f 452 453 456
f 462 456 453
f 207 452 454
f 207 454 455
f 465 454 452
f 465 452 456
f 463 446 443
f 517 458 457
f 457 458 448
f 456 459 465
f 462 468 469
f 462 469 456
f 448 465 457
f 456 469 459
f 460 461 468
f 465 459 457
f 446 461 460
f 460 462 440
f 463 461 446
f 461 466 468
f 461 467 466
f 467 461 463
f 445 472 442
f 442 472 470
f 442 470 444
f 444 470 471
f 449 472 445
f 449 1377 475
f 473 475 476
f 476 477 481
f 1377 479 478
f 477 485 481
f 477 482 485
f 478 482 477
f 478 483 482
f 479 483 478
f 479 486 483
f 483 489 482
f 486 490 483
f 1390 490 486
f 482 489 492
f 482 492 485
f 489 493 492
f 487 491 488
f 523 497 469
f 467 495 466
f 523 496 497
f 494 496 523
f 495 498 500
f 496 502 497
f 494 499 496
f 500 534 499
f 498 503 500
f 500 503 534
f 496 501 502
f 499 501 496
f 498 532 503
f 513 535 525
f 474 480 495
f 474 495 467
f 480 484 495
f 484 488 498
f 484 498 495
f 488 491 532
f 488 532 498
f 469 504 507
f 510 511 509
f 509 511 516
f 508 512 510
f 510 512 513
f 510 513 511
f 513 515 511
f 508 527 512
f 516 511 514
f 511 515 514
f 518 520 521
f 449 475 473
f 473 476 471
f 497 502 508
f 469 497 504
f 502 527 508
f 159 162 172
f 162 173 172
f 408 173 164
f 408 164 163
f 163 169 408
f 163 188 169
f 188 163 430
f 430 434 188
f 430 436 434
f 436 443 434
f 463 443 444
f 444 471 463
f 471 474 463
f 471 476 480
f 471 480 474
f 476 481 484
f 476 484 480
f 481 488 484
f 481 485 487
f 481 487 488
f 487 485 492
f 515 513 525
f 534 533 499
f 491 487 524
f 502 526 527
f 492 524 487
f 521 520 528
f 827 826 521
f 538 521 528
f 827 521 538
f 501 526 502
f 501 499 533
f 490 522 489
f 490 489 483
f 522 530 489
f 530 493 489
f 875 512 527
f 492 871 524
f 491 531 532
f 531 491 524
f 513 537 535
f 493 871 492
f 537 513 512
f 537 512 875
f 534 503 872
f 532 872 503
f 540 524 556
f 554 552 561
f 547 565 555
f 559 548 542
f 559 542 557
f 567 828 550
f 552 562 561
f 557 542 549
f 571 549 554
f 571 554 561
f 829 828 567
f 548 559 566
f 548 566 543
f 555 558 551
f 567 550 563
f 557 549 571
f 540 560 552
f 551 558 556
f 560 540 556
f 560 556 558
f 555 565 558
f 552 560 562
f 568 559 557
f 565 579 558
f 572 567 563
f 562 570 561
f 829 567 572
f 560 569 562
f 559 568 566
f 561 570 571
f 568 578 581
f 571 576 557
f 574 575 565
f 560 558 579
f 578 568 557
f 565 575 579
f 572 563 577
f 562 569 570
f 576 571 570
f 578 557 576
f 569 580 570
f 830 572 577
f 560 584 569
f 584 560 579
f 589 570 580
f 830 577 590
f 578 587 585
f 578 585 581
f 570 589 576
f 574 586 582
f 574 582 575
f 575 582 583
f 575 583 579
f 583 584 579
f 587 578 576
f 590 577 585
f 587 576 588
f 590 585 602
f 588 576 589
f 586 591 582
f 601 589 580
f 601 580 596
f 583 599 593
f 583 593 584
f 591 597 582
f 582 592 599
f 582 599 583
f 594 569 584
f 594 584 593
f 582 597 592
f 569 594 580
f 598 587 588
f 598 588 611
f 597 604 592
f 611 588 589
f 611 589 600
f 587 598 585
f 580 594 596
f 601 600 589
f 594 606 609
f 613 601 596
f 607 590 602
f 607 602 614
f 593 608 605
f 594 609 596
f 599 608 593
f 601 613 600
f 592 603 599
f 608 599 603
f 606 594 593
f 606 593 605
f 604 603 592
f 610 606 605
f 604 617 603
f 606 610 609
f 611 600 612
f 613 596 616
f 609 616 596
f 613 612 600
f 610 621 609
f 622 613 616
f 831 607 614
f 831 614 623
f 608 620 605
f 609 621 616
f 608 619 620
f 613 622 612
f 603 617 619
f 619 608 603
f 618 598 611
f 618 611 612
f 610 605 620
f 793 834 791
f 621 824 791
f 620 629 621
f 631 618 622
f 631 622 634
f 630 634 622
f 626 629 620
f 633 631 634
f 3 637 8
f 6 639 4
f 11 635 9
f 638 5 8
f 11 636 635
f 6 9 639
f 4 5 638
f 777 641 642
f 779 778 643
f 2 10 673
f 673 90 658
f 673 10 90
f 12 675 19
f 23 678 18
f 656 23 18
f 656 18 17
f 664 1 11
f 1 636 11
f 8 637 673
f 112 3 117
f 116 112 117
f 110 119 121
f 116 127 659
f 127 674 659
f 89 24 57
f 17 1550 656
f 90 10 12
f 90 12 657
f 16 59 705
f 668 658 90
f 661 61 662
f 664 11 16
f 58 15 667
f 718 16 705
f 676 91 663
f 2 673 637
f 89 92 661
f 89 660 92
f 666 663 91
f 676 718 722
f 667 665 102
f 676 722 91
f 91 88 672
f 675 660 21
f 21 660 400
f 660 57 400
f 660 89 57
f 657 668 90
f 60 89 661
f 661 662 60
f 706 669 670
f 87 669 95
f 87 95 967
f 670 669 87
f 63 687 671
f 677 660 675
f 660 672 92
f 672 660 666
f 677 2 1
f 2 677 10
f 672 666 91
f 677 666 660
f 1 664 677
f 718 676 16
f 120 123 119
f 111 636 637
f 15 665 667
f 8 673 638
f 125 128 129
f 125 129 126
f 674 126 129
f 123 120 659
f 119 112 120
f 111 112 119
f 637 1 2
f 5 3 8
f 116 117 122
f 122 127 116
f 666 677 663
f 26 24 60
f 29 28 400
f 21 400 28
f 21 28 675
f 12 10 675
f 10 677 675
f 677 664 663
f 31 32 679
f 32 36 679
f 42 45 680
f 45 54 680
f 675 678 19
f 675 28 678
f 901 678 28
f 55 681 54
f 55 56 681
f 45 51 54
f 45 42 41
f 42 36 398
f 42 398 41
f 36 32 398
f 676 663 664
f 676 664 16
f 59 16 13
f 13 58 59
f 13 15 58
f 96 99 97
f 1583 684 1582
f 97 684 1583
f 97 99 684
f 685 705 101
f 101 81 685
f 81 686 685
f 62 722 687
f 707 83 671
f 718 705 685
f 692 721 698
f 688 692 691
f 693 696 714
f 716 691 694
f 690 693 695
f 692 694 691
f 715 711 700
f 715 700 708
f 700 699 713
f 699 689 710
f 717 708 709
f 717 709 701
f 714 696 699
f 101 705 703
f 703 704 100
f 102 1601 704
f 102 704 667
f 83 706 670
f 83 670 671
f 687 707 671
f 723 695 721
f 720 689 696
f 720 696 686
f 695 698 721
f 693 714 711
f 698 717 701
f 689 699 696
f 693 711 715
f 715 695 693
f 715 698 695
f 700 713 708
f 701 709 712
f 702 710 697
f 699 712 709
f 699 709 713
f 699 710 712
f 702 712 710
f 709 708 713
f 700 711 714
f 700 714 699
f 702 716 694
f 715 717 698
f 717 715 708
f 710 689 697
f 693 718 696
f 695 723 690
f 685 696 718
f 722 690 723
f 716 697 689
f 685 686 696
f 688 691 719
f 722 693 690
f 723 721 707
f 719 707 721
f 693 722 718
f 691 683 719
f 712 702 701
f 722 723 687
f 697 716 702
f 687 723 707
f 702 694 701
f 698 701 694
f 692 698 694
f 692 688 721
f 719 721 688
f 707 719 683
f 683 83 707
f 83 683 81
f 81 96 83
f 96 706 83
f 689 691 716
f 691 689 720
f 683 691 720
f 683 720 686
f 81 683 686
f 84 81 101
f 82 84 85
f 82 85 86
f 682 82 86
f 1583 98 97
f 738 727 725
f 820 735 823
f 808 735 820
f 808 837 735
f 819 820 823
f 735 837 813
f 743 841 744
f 744 841 747
f 766 852 770
f 776 784 785
f 768 861 846
f 861 768 775
f 845 734 651
f 651 652 849
f 651 849 653
f 733 756 757
f 769 768 846
f 740 739 845
f 808 820 818
f 809 813 837
f 824 621 629
f 633 792 789
f 791 630 621
f 791 634 630
f 824 815 793
f 834 787 785
f 836 834 785
f 806 805 625
f 806 625 796
f 805 806 835
f 801 799 800
f 785 784 836
f 784 786 836
f 820 819 825
f 798 787 800
f 798 800 799
f 838 832 809
f 837 838 809
f 815 813 809
f 815 809 832
f 833 633 789
f 820 825 818
f 812 821 628
f 821 822 627
f 822 629 626
f 822 811 815
f 815 811 813
f 825 819 821
f 825 821 812
f 819 822 821
f 822 824 629
f 626 627 822
f 793 791 824
f 819 811 822
f 633 634 792
f 813 811 823
f 632 633 833
f 815 824 822
f 807 816 797
f 816 810 797
f 632 623 618
f 632 618 631
f 833 810 816
f 833 816 817
f 518 521 814
f 521 826 814
f 794 833 789
f 794 810 833
f 817 812 632
f 817 632 833
f 819 823 811
f 832 793 815
f 832 800 834
f 836 790 791
f 836 791 834
f 801 800 832
f 801 832 838
f 836 786 790
f 795 868 796
f 800 787 834
f 790 786 783
f 790 783 792
f 796 868 802
f 802 806 796
f 823 735 813
f 763 772 765
f 763 765 850
f 772 763 761
f 761 771 772
f 767 768 766
f 766 768 769
f 799 801 835
f 834 793 832
f 789 792 783
f 789 783 782
f 802 803 806
f 803 804 806
f 804 835 806
f 789 782 788
f 788 794 789
f 805 624 625
f 840 835 801
f 835 840 805
f 837 808 839
f 807 625 624
f 839 808 818
f 840 839 805
f 807 797 625
f 801 838 840
f 838 837 840
f 837 839 840
f 839 807 624
f 794 788 781
f 794 781 810
f 799 835 804
f 799 804 869
f 725 650 724
f 647 650 725
f 647 725 727
f 778 724 643
f 650 648 643
f 650 647 645
f 650 645 648
f 726 647 727
f 726 727 738
f 777 726 730
f 730 729 641
f 730 641 777
f 777 645 647
f 649 777 642
f 777 649 645
f 738 725 731
f 652 734 732
f 842 654 736
f 732 654 652
f 654 732 736
f 731 736 738
f 738 736 737
f 781 866 810
f 797 810 866
f 631 633 632
f 791 792 634
f 791 790 792
f 797 866 795
f 795 796 625
f 795 625 797
f 869 798 799
f 726 777 647
f 646 779 780
f 646 780 644
f 756 755 751
f 747 750 751
f 747 751 746
f 745 741 746
f 747 841 749
f 747 749 750
f 750 756 751
f 757 756 750
f 750 749 757
f 739 756 733
f 736 732 733
f 736 733 737
f 733 732 739
f 732 734 739
f 655 842 736
f 655 736 731
f 731 651 655
f 651 731 845
f 734 652 651
f 731 725 740
f 731 740 845
f 739 734 845
f 867 740 725
f 724 867 725
f 729 728 640
f 729 640 641
f 643 724 650
f 642 641 640
f 748 749 841
f 748 841 743
f 743 752 748
f 753 758 749
f 753 749 748
f 748 754 753
f 754 759 773
f 769 852 766
f 771 852 753
f 772 771 753
f 753 754 772
f 766 770 764
f 764 767 766
f 847 850 760
f 847 760 762
f 770 761 763
f 764 760 767
f 844 850 765
f 765 772 754
f 765 754 773
f 844 765 773
f 844 773 843
f 758 852 769
f 743 742 752
f 751 848 746
f 748 752 759
f 748 759 754
f 848 751 755
f 623 614 598
f 623 598 618
f 831 615 607
f 598 614 602
f 585 598 602
f 595 607 615
f 581 585 577
f 564 591 586
f 568 581 577
f 568 577 563
f 566 568 563
f 586 573 564
f 573 553 564
f 566 563 550
f 543 566 550
f 573 545 553
f 541 873 501
f 541 501 533
f 525 535 528
f 525 528 520
f 515 525 520
f 514 515 520
f 514 520 518
f 536 826 529
f 536 522 826
f 519 826 522
f 519 522 490
f 867 724 778
f 867 778 728
f 640 728 778
f 640 778 779
f 745 744 741
f 742 848 752
f 757 749 758
f 752 848 755
f 752 755 759
f 745 746 742
f 770 852 771
f 758 753 852
f 760 844 767
f 862 846 861
f 761 770 771
f 767 844 843
f 767 843 768
f 759 755 773
f 739 755 756
f 730 866 729
f 866 728 729
f 781 867 728
f 867 782 740
f 783 773 755
f 783 843 773
f 783 784 843
f 802 868 726
f 733 757 737
f 803 738 737
f 655 651 653
f 842 655 653
f 842 653 849
f 654 842 849
f 849 652 654
f 855 864 856
f 861 864 862
f 863 858 859
f 861 856 864
f 779 646 640
f 857 865 853
f 642 640 646
f 642 646 644
f 649 642 644
f 856 861 865
f 861 860 865
f 860 851 854
f 645 649 644
f 645 644 780
f 648 645 780
f 853 855 857
f 858 863 862
f 858 862 864
f 865 860 854
f 858 864 855
f 780 779 643
f 780 643 648
f 851 776 854
f 851 860 775
f 861 775 860
f 776 859 854
f 859 776 774
f 774 863 859
f 863 774 846
f 851 775 776
f 846 862 863
f 775 784 776
f 795 866 730
f 728 866 781
f 781 788 782
f 781 782 867
f 739 740 782
f 755 739 782
f 755 782 783
f 786 784 783
f 868 795 730
f 730 726 868
f 726 738 802
f 738 803 802
f 758 769 869
f 869 804 758
f 757 758 804
f 737 757 804
f 737 804 803
f 768 843 775
f 784 775 843
f 774 776 785
f 774 785 787
f 787 798 774
f 769 846 869
f 846 774 798
f 846 798 869
f 624 805 839
f 818 807 839
f 818 816 807
f 818 825 816
f 817 816 825
f 825 812 817
f 623 632 812
f 623 812 628
f 831 617 615
f 617 604 615
f 590 607 595
f 604 597 595
f 604 595 615
f 597 591 595
f 574 573 586
f 574 565 573
f 565 547 573
f 544 874 527
f 526 501 544
f 544 527 526
f 536 530 522
f 519 490 1390
f 814 826 519
f 529 826 827
f 875 874 542
f 537 875 542
f 828 553 545
f 553 828 829
f 829 564 553
f 564 829 572
f 572 830 564
f 830 591 564
f 830 590 595
f 830 595 591
f 848 742 746
f 747 746 741
f 741 744 747
f 743 744 745
f 745 742 743
f 844 760 850
f 762 760 764
f 764 770 762
f 770 763 847
f 770 847 762
f 763 850 847
f 856 865 857
f 857 855 856
f 858 855 853
f 853 859 858
f 853 854 859
f 865 854 853
f 541 533 534
f 534 872 541
f 540 872 532
f 531 540 532
f 539 871 493
f 547 539 493
f 547 493 530
f 530 536 546
f 530 546 547
f 545 546 536
f 545 536 529
f 529 827 545
f 538 528 870
f 535 870 528
f 537 542 548
f 542 874 549
f 549 874 544
f 544 873 554
f 544 554 549
f 554 873 541
f 541 872 552
f 541 552 554
f 555 551 539
f 547 555 539
f 573 547 546
f 546 545 573
f 545 827 828
f 827 538 828
f 538 870 550
f 538 550 828
f 543 550 870
f 548 543 537
f 537 543 535
f 870 535 543
f 539 551 871
f 551 556 524
f 551 524 871
f 531 524 540
f 552 872 540
f 544 501 873
f 875 527 874
f 635 108 639
f 108 635 636
f 108 636 110
f 109 639 108
f 109 3 5
f 1529 1528 876
f 1528 879 1555
f 1529 883 1528
f 893 881 658
f 889 882 877
f 880 883 1529
f 886 888 880
f 887 880 882
f 883 880 888
f 882 1284 887
f 889 1284 882
f 887 886 880
f 883 888 881
f 881 888 14
f 886 14 888
f 959 891 890
f 1553 1284 889
f 1284 892 959
f 896 893 897
f 668 1550 893
f 893 1550 897
f 1558 898 1560
f 18 894 17
f 894 895 897
f 898 1558 895
f 895 1558 897
f 18 898 899
f 899 898 895
f 895 894 899
f 894 18 899
f 28 903 1575
f 28 29 903
f 901 28 1575
f 1282 907 902
f 27 26 902
f 27 902 907
f 903 29 30
f 1277 907 1282
f 903 30 906
f 905 907 1277
f 906 30 38
f 907 905 908
f 906 38 1574
f 914 47 43
f 909 908 905
f 43 39 914
f 909 39 908
f 34 908 39
f 908 34 25
f 908 25 907
f 1574 38 44
f 1574 44 912
f 909 914 39
f 916 914 909
f 1280 1278 911
f 912 44 913
f 916 909 1278
f 913 44 49
f 917 47 914
f 913 49 1576
f 920 917 1279
f 916 917 914
f 1576 49 921
f 1279 917 916
f 919 1278 1280
f 49 53 921
f 920 47 917
f 923 920 1279
f 920 923 56
f 1576 922 918
f 921 53 681
f 921 681 922
f 1576 921 922
f 949 900 902
f 929 927 963
f 931 928 939
f 952 934 935
f 935 934 70
f 1016 952 935
f 1016 935 936
f 930 953 931
f 929 932 930
f 933 93 69
f 933 69 934
f 963 932 929
f 929 930 939
f 939 930 931
f 929 939 937
f 927 929 937
f 939 928 941
f 939 941 940
f 938 937 940
f 937 939 940
f 938 940 942
f 940 941 944
f 940 944 943
f 942 940 943
f 970 80 79
f 972 79 967
f 972 970 79
f 1579 971 1577
f 1580 1579 945
f 1579 1577 945
f 1567 1554 1613
f 1567 1613 1283
f 1283 1613 946
f 960 947 958
f 938 927 937
f 942 948 938
f 1570 948 942
f 1563 1553 885
f 885 1553 889
f 934 69 70
f 73 935 70
f 935 73 936
f 932 952 930
f 930 952 953
f 963 927 962
f 963 962 950
f 971 1582 682
f 971 682 1577
f 1581 1580 945
f 962 954 950
f 1602 938 948
f 957 955 1580
f 955 968 1580
f 959 965 891
f 104 958 947
f 968 955 1600
f 965 961 891
f 925 963 950
f 925 964 963
f 1569 962 927
f 1602 927 938
f 1578 1581 1616
f 966 960 965
f 1600 95 98
f 960 958 965
f 972 943 970
f 104 947 86
f 1600 98 968
f 943 944 970
f 965 958 969
f 924 949 902
f 924 60 662
f 933 951 926
f 933 68 93
f 68 933 926
f 926 61 68
f 926 951 925
f 963 964 932
f 934 951 933
f 972 967 1570
f 104 1601 969
f 942 943 972
f 1579 1582 971
f 942 972 1570
f 969 958 104
f 1601 965 969
f 973 877 876
f 975 1555 879
f 975 878 974
f 977 1555 975
f 979 978 976
f 980 974 973
f 978 980 976
f 973 976 980
f 985 974 980
f 983 1557 977
f 985 981 974
f 978 979 987
f 986 987 979
f 993 984 978
f 980 978 984
f 987 993 978
f 1556 982 981
f 985 991 981
f 984 985 980
f 984 989 985
f 987 986 990
f 1557 983 988
f 993 987 990
f 985 989 991
f 984 993 989
f 995 1556 996
f 986 992 990
f 989 993 1572
f 986 1557 992
f 994 992 988
f 988 995 994
f 996 991 989
f 992 994 990
f 1567 950 954
f 885 1552 878
f 878 1552 974
f 975 974 981
f 975 981 982
f 1003 1000 1014
f 1014 1000 998
f 1005 1022 1003
f 1003 1022 1000
f 1011 1006 1012
f 1012 1287 1015
f 1058 1007 1006
f 1006 1007 1013
f 1006 1013 1009
f 1001 1004 1002
f 1001 1002 999
f 1001 999 1285
f 1285 999 997
f 1285 997 1286
f 1013 1007 1052
f 1058 1047 1007
f 1066 1052 1049
f 1024 1021 157
f 1058 1008 1047
f 1001 1024 1004
f 997 1080 1286
f 1008 1326 1047
f 1004 1077 1002
f 1002 1077 1081
f 1002 1081 999
f 999 1081 997
f 1326 1330 1047
f 157 136 1024
f 1014 998 1041
f 1041 998 1057
f 1057 998 1011
f 1057 1011 1010
f 1010 1011 1012
f 1010 1012 1015
f 1021 1024 1001
f 1024 136 1023
f 1020 941 928
f 970 944 1019
f 931 1020 928
f 1020 1019 944
f 1020 944 941
f 1017 1018 1020
f 1017 1020 931
f 970 154 80
f 1026 1019 1020
f 1018 1026 1020
f 1022 1005 953
f 1021 1022 1016
f 1021 1016 936
f 931 953 1005
f 931 1005 1017
f 1021 1001 1022
f 936 73 157
f 1021 936 157
f 1023 1077 1004
f 1024 1023 1004
f 1027 1031 1018
f 1027 1018 1017
f 970 1019 1028
f 970 1028 154
f 1031 1030 1018
f 1030 1026 1018
f 1026 1028 1019
f 1029 1026 1030
f 1029 1033 1026
f 1033 1028 1026
f 1290 1305 1034
f 1033 1029 1032
f 1033 1032 1290
f 1036 1290 1034
f 1035 1033 1290
f 1036 1034 1328
f 1037 1035 1291
f 1038 1036 1328
f 405 1038 1328
f 405 1328 1039
f 1033 1035 1028
f 154 1028 1035
f 154 1035 1037
f 1037 1025 154
f 1014 1027 1003
f 1003 1027 1017
f 1003 1017 1005
f 1041 1040 1027
f 1040 1031 1027
f 1040 1042 1030
f 1040 1030 1031
f 1054 1040 1041
f 1054 1044 1040
f 1060 1053 1043
f 1060 1043 1332
f 1044 1042 1040
f 1056 1046 1059
f 1306 1309 1053
f 1053 1329 1043
f 1044 1055 1042
f 1309 1049 1053
f 1054 1048 1044
f 1048 1055 1044
f 1309 1307 1049
f 1051 1061 1048
f 1013 1052 1066
f 1061 1050 1048
f 1050 1046 1048
f 1062 1046 1050
f 1010 1061 1051
f 1010 1051 1045
f 1052 1007 1047
f 1045 1051 1054
f 1051 1048 1054
f 1053 1049 1052
f 1048 1046 1056
f 1048 1056 1055
f 1286 1008 1058
f 1011 1286 1058
f 1286 1080 1008
f 1053 1052 1047
f 1041 1027 1014
f 1057 1054 1041
f 1054 1057 1045
f 1045 1057 1010
f 1047 1329 1053
f 1046 1062 1059
f 1316 1306 1053
f 1316 1053 1060
f 1329 1047 1330
f 1065 1061 1010
f 1307 1064 1066
f 1307 1066 1049
f 1293 1062 1063
f 1015 1287 1067
f 1015 1065 1010
f 1308 1064 1307
f 1065 1071 1061
f 1061 1070 1050
f 1070 1063 1062
f 1070 1062 1050
f 1009 1013 1068
f 1013 1066 1068
f 1064 1212 1066
f 1071 1070 1061
f 1066 1212 1068
f 1069 1071 1065
f 1070 1214 1063
f 1009 1068 1215
f 1293 1063 1214
f 1308 1310 1064
f 1069 1065 1015
f 1015 1067 1069
f 1218 1293 1214
f 1064 1310 1217
f 1064 1217 1212
f 1216 1070 1071
f 1072 1073 1075
f 1075 1076 1072
f 1075 1079 1076
f 1073 1074 1355
f 1073 1355 1075
f 1075 1078 1079
f 1072 1081 1077
f 1072 1077 1023
f 1072 1023 1073
f 1355 1078 1075
f 1073 1023 1074
f 1076 1080 1081
f 1076 1081 1072
f 209 1074 1023
f 209 1355 1074
f 136 209 1023
f 997 1081 1080
f 1155 1088 1156
f 1096 1089 1082
f 1088 1090 1083
f 1092 1201 1200
f 1201 1261 1200
f 1097 1098 1087
f 1090 1099 1096
f 1155 1093 1099
f 1169 1087 1091
f 1182 1083 1200
f 1092 1200 1082
f 1156 1088 1083
f 1186 1156 1083
f 1186 1083 1182
f 1089 1092 1082
f 1201 1085 1086
f 1095 1169 1091
f 1168 1089 1096
f 1098 1093 1087
f 1085 1095 1094
f 1086 1085 1094
f 1092 1085 1201
f 1097 1087 1168
f 1092 1095 1085
f 1168 1087 1169
f 1093 1098 1099
f 1098 1096 1099
f 1090 1088 1099
f 1110 1108 1103
f 1110 1157 1108
f 1157 1110 1103
f 1101 1104 1113
f 1109 1105 1111
f 1173 1172 1106
f 1157 1103 1100
f 1171 1173 1106
f 1103 1158 1209
f 1209 1158 1107
f 1202 1109 1204
f 1172 1157 1106
f 1105 1112 1111
f 1105 1107 1113
f 1113 1104 1114
f 1104 1102 1157
f 1104 1157 1172
f 1101 1102 1104
f 1114 1104 1111
f 1114 1111 1112
f 1109 1111 1173
f 1204 1109 1173
f 1174 1109 1202
f 1160 1174 1202
f 1174 1105 1109
f 1101 1108 1157
f 1101 1157 1102
f 1105 1114 1112
f 1207 1137 1159
f 1175 1128 1126
f 1120 1163 1117
f 1163 1131 1130
f 1115 1120 1117
f 1131 1160 1116
f 1115 1122 1161
f 1206 1162 1161
f 1206 1161 1121
f 1163 1120 1161
f 1163 1161 1162
f 1205 1175 1126
f 1205 1126 1180
f 1119 1130 1131
f 1126 1128 1124
f 1127 1119 1123
f 1129 1119 1127
f 1180 1126 1125
f 1118 1129 1127
f 1175 1115 1128
f 1127 1123 1128
f 1119 1131 1124
f 1123 1124 1128
f 1127 1128 1115
f 1141 1165 1132
f 1210 1135 1177
f 1195 1166 1203
f 1132 1165 1136
f 1132 1136 1166
f 1177 1176 1137
f 1164 1132 1166
f 1208 1177 1137
f 1203 1166 1136
f 1140 1133 1134
f 1139 1134 1135
f 1210 1139 1135
f 1141 1140 1134
f 1141 1134 1139
f 1142 1141 1132
f 1133 1142 1176
f 1149 1145 1151
f 1146 1148 1149
f 1154 1264 1146
f 1150 1145 1148
f 1150 1151 1145
f 1148 1146 1264
f 1143 1151 1152
f 1145 1149 1148
f 1143 1149 1151
f 1144 1143 1152
f 1149 1143 1153
f 1143 1144 1153
f 1153 1144 1154
f 1153 1154 1146
f 1146 1149 1153
f 1147 1263 1154
f 1147 1154 1144
f 1152 1151 1150
f 1152 1147 1144
f 1263 1264 1154
f 1090 1096 1082
f 1090 1082 1083
f 1167 1156 1186
f 1167 1155 1156
f 1083 1082 1200
f 1098 1097 1096
f 1088 1155 1099
f 1108 1107 1103
f 1107 1108 1113
f 1113 1108 1101
f 1171 1106 1100
f 1171 1100 1261
f 1106 1157 1100
f 1103 1107 1158
f 1121 1207 1159
f 1120 1115 1161
f 1115 1117 1118
f 1160 1131 1162
f 1160 1162 1206
f 1131 1163 1162
f 1121 1161 1122
f 1121 1122 1207
f 1130 1118 1117
f 1117 1163 1130
f 1165 1138 1136
f 1176 1164 1137
f 1137 1166 1195
f 1137 1164 1166
f 1176 1142 1164
f 1138 1165 1141
f 1164 1142 1132
f 1094 1095 1167
f 1093 1155 1087
f 1094 1167 1084
f 1095 1091 1155
f 1095 1155 1167
f 1096 1097 1168
f 1089 1169 1095
f 1092 1089 1095
f 1168 1169 1089
f 1087 1155 1091
f 1104 1172 1111
f 1173 1111 1172
f 1204 1173 1171
f 1160 1107 1174
f 1113 1114 1105
f 1107 1105 1174
f 1126 1124 1131
f 1129 1130 1119
f 1125 1126 1131
f 1125 1131 1116
f 1207 1122 1175
f 1207 1175 1205
f 1118 1127 1115
f 1122 1115 1175
f 1118 1130 1129
f 1123 1119 1124
f 1134 1133 1176
f 1177 1135 1176
f 1185 1138 1210
f 1140 1141 1142
f 1133 1140 1142
f 1134 1176 1135
f 1141 1139 1210
f 1141 1210 1138
f 1202 1204 1179
f 1202 1179 1298
f 1181 1185 1210
f 1179 1204 1170
f 1298 1180 1125
f 1184 1180 1298
f 1179 1086 1187
f 1179 1187 1271
f 1271 1298 1179
f 1271 1272 1298
f 1262 1315 1260
f 1199 1192 1182
f 1170 1201 1086
f 1086 1094 1084
f 1261 1201 1170
f 1261 1100 1178
f 1209 1107 1160
f 1170 1204 1171
f 1170 1171 1261
f 1137 1205 1180
f 1100 1103 1178
f 1103 1209 1178
f 1137 1207 1205
f 1181 1210 1177
f 1181 1177 1208
f 1125 1116 1160
f 1136 1196 1203
f 1136 1138 1196
f 1185 1196 1138
f 1219 1213 1071
f 1219 1071 1069
f 1221 1214 1070
f 1069 1067 1211
f 1069 1211 1219
f 1213 1216 1071
f 1067 1288 1211
f 1068 1212 1220
f 1310 1227 1217
f 1216 1221 1070
f 1217 1220 1212
f 1221 1222 1214
f 1215 1068 1220
f 1218 1214 1222
f 1311 1227 1310
f 1219 1211 1224
f 1213 1225 1216
f 1225 1221 1216
f 1227 1220 1217
f 1215 1220 1229
f 1218 1222 1294
f 1228 1225 1213
f 1224 1211 1223
f 1227 1230 1220
f 1225 1231 1221
f 1228 1213 1219
f 1231 1222 1221
f 1229 1220 1230
f 1294 1222 1226
f 1231 1226 1222
f 1224 1228 1219
f 1312 1233 1227
f 1312 1227 1311
f 1228 1235 1225
f 1235 1234 1225
f 1233 1230 1227
f 1234 1231 1225
f 1231 1232 1226
f 1236 1233 1312
f 1236 1237 1233
f 1237 1230 1233
f 1234 1240 1231
f 1240 1232 1231
f 1238 1228 1224
f 1224 1223 1238
f 1235 1239 1234
f 1239 1242 1234
f 1242 1240 1234
f 1238 1246 1228
f 1241 1232 1243
f 1242 1243 1232
f 1242 1232 1240
f 1230 1237 1244
f 1295 1236 1312
f 1246 1235 1228
f 1236 1244 1237
f 1295 1253 1236
f 1238 1223 1249
f 1246 1247 1235
f 1223 1317 1249
f 1253 1244 1236
f 1247 1239 1235
f 1247 1242 1239
f 1254 1243 1242
f 1313 1253 1295
f 1238 1249 1246
f 1253 1245 1244
f 1247 1254 1242
f 1246 1249 1248
f 1246 1248 1251
f 1251 1247 1246
f 1254 1252 1243
f 1313 1256 1253
f 1256 1245 1253
f 1321 1254 1247
f 1251 1319 1247
f 1252 1321 1296
f 1321 1252 1254
f 1319 1321 1247
f 1250 1245 1255
f 1296 1321 1323
f 1245 1256 1255
f 1314 1256 1313
f 1248 1249 1322
f 1257 1319 1251
f 1257 1251 1248
f 1324 1258 1256
f 1324 1256 1314
f 1258 1289 1256
f 1199 1209 1188
f 1261 1182 1200
f 1160 1206 1209
f 1183 1159 1195
f 1262 1203 1196
f 1195 1159 1137
f 1262 1195 1203
f 1265 1147 1152
f 1152 1150 1187
f 1152 1187 1265
f 1268 1266 1148
f 1268 1148 1264
f 1150 1148 1266
f 1150 1266 1191
f 1265 1269 1147
f 1191 1187 1150
f 1269 1263 1147
f 1263 1267 1264
f 1267 1268 1264
f 1190 1267 1263
f 1269 1190 1263
f 1187 1269 1265
f 1270 1269 1187
f 1266 1268 1191
f 1187 1194 1271
f 1271 1194 1272
f 1272 1304 1189
f 1125 1160 1202
f 1208 1137 1180
f 1184 1181 1208
f 1184 1208 1180
f 1272 1184 1298
f 1298 1125 1202
f 1260 1183 1262
f 1260 1275 1183
f 1275 1188 1183
f 1190 1269 1270
f 1190 1301 1267
f 1016 953 952
f 925 951 964
f 1568 926 925
f 905 1277 909
f 909 1277 911
f 1278 919 1279
f 919 922 923
f 918 919 1280
f 1280 910 915
f 1281 910 911
f 904 1277 1282
f 1022 953 1016
f 1285 1000 1022
f 1285 998 1000
f 1286 998 1285
f 1287 1012 1009
f 1288 1067 1287
f 952 932 934
f 934 932 964
f 934 964 951
f 900 1282 902
f 911 1278 909
f 916 1278 1279
f 1279 919 923
f 922 919 918
f 918 1280 915
f 910 1280 911
f 1277 1281 911
f 1281 1277 904
f 1282 900 1562
f 1560 896 1558
f 1001 1285 1022
f 998 1286 1011
f 1058 1006 1011
f 1006 1009 1012
f 1215 1288 1287
f 1215 1287 1009
f 1197 1257 1320
f 1275 1257 1197
f 1260 1257 1275
f 1255 1322 1250
f 1320 1322 1255
f 1032 1316 1290
f 1037 1291 1038
f 1025 1037 1038
f 1025 1038 405
f 1059 1292 1306
f 1059 1062 1292
f 1059 1306 1316
f 1062 1293 1292
f 1232 1241 1294
f 1232 1294 1226
f 1243 1295 1241
f 1243 1252 1295
f 1323 1276 1296
f 1315 1297 1260
f 1183 1121 1159
f 1121 1183 1206
f 1188 1206 1183
f 1206 1188 1209
f 1199 1178 1209
f 1199 1261 1178
f 1170 1086 1179
f 1261 1199 1182
f 1182 1192 1186
f 1167 1300 1084
f 1267 1301 1268
f 1299 1190 1270
f 1299 1270 1300
f 1315 1323 1297
f 1315 1198 1276
f 1315 1276 1323
f 1299 1186 1192
f 1192 1197 1299
f 1197 1190 1299
f 1186 1299 1167
f 1199 1275 1197
f 1199 1197 1192
f 1274 1189 1198
f 1302 1324 1276
f 1302 1276 1198
f 1273 1324 1302
f 1303 1289 1273
f 1259 1289 1303
f 1301 1325 1289
f 1301 1289 1259
f 1198 1189 1302
f 1194 1304 1272
f 1304 1302 1189
f 1273 1302 1304
f 1273 1304 1303
f 1194 1193 1304
f 1304 1193 1303
f 1193 1259 1303
f 1275 1199 1188
f 1195 1262 1183
f 1185 1274 1196
f 1274 1185 1181
f 1274 1181 1189
f 1184 1189 1181
f 1189 1184 1272
f 1086 1084 1300
f 1086 1300 1187
f 1167 1299 1300
f 1290 1316 1305
f 1035 1290 1036
f 1291 1035 1036
f 1291 1036 1038
f 1306 1292 1309
f 1292 1307 1309
f 1292 1308 1307
f 1292 1293 1308
f 1293 1310 1308
f 1293 1218 1310
f 1274 1198 1315
f 1294 1311 1310
f 1294 1310 1218
f 1241 1312 1311
f 1241 1311 1294
f 1295 1312 1241
f 1252 1313 1295
f 1296 1313 1252
f 1296 1314 1313
f 1276 1324 1314
f 1276 1314 1296
f 1197 1320 1325
f 1197 1325 1301
f 1196 1274 1315
f 1262 1196 1315
f 1317 1244 1245
f 1318 1230 1244
f 1244 1317 1318
f 1223 1318 1317
f 1223 1230 1318
f 1223 1229 1230
f 1211 1229 1223
f 1317 1245 1250
f 1322 1249 1250
f 1288 1215 1229
f 1317 1250 1249
f 1288 1229 1211
f 1190 1197 1301
f 1187 1300 1270
f 1187 1191 1194
f 1194 1191 1193
f 1193 1191 1268
f 1193 1268 1259
f 1259 1268 1301
f 1325 1255 1289
f 1258 1273 1289
f 1324 1273 1258
f 1320 1255 1325
f 1297 1323 1321
f 1255 1256 1289
f 1248 1320 1257
f 1257 1260 1319
f 1248 1322 1320
f 1260 1321 1319
f 1260 1297 1321
f 1329 1330 1335
f 1034 1327 1328
f 1039 1328 1338
f 1039 1338 1334
f 428 1039 1334
f 1043 1329 1331
f 1329 1335 1331
f 1330 1333 1335
f 428 1334 432
f 1332 1043 1331
f 1332 1331 1337
f 1328 1327 1344
f 1328 1344 1338
f 1330 1326 1333
f 1344 1327 1337
f 1337 1331 1336
f 1331 1335 1336
f 1334 1338 1339
f 1335 1333 1346
f 432 1334 1339
f 432 1339 438
f 1336 1335 1340
f 1335 1346 1340
f 1338 1344 1349
f 1339 1338 1349
f 1346 1333 1341
f 1346 1341 1342
f 1344 1337 1343
f 1336 1340 1348
f 1339 1349 1351
f 1348 1340 1345
f 1339 1351 1370
f 1340 1346 1345
f 438 1339 1370
f 1336 1348 1347
f 1344 1343 1349
f 438 1370 447
f 1345 1364 1361
f 447 1370 449
f 1030 1042 1029
f 1076 1008 1080
f 1326 1008 1079
f 1326 1079 1333
f 1079 1008 1076
f 1333 1357 1341
f 1353 464 1356
f 1357 1333 1079
f 1353 1352 464
f 1355 1352 1353
f 1078 1357 1079
f 1354 1341 1357
f 1354 1360 1341
f 1342 1341 1360
f 1078 1355 1353
f 1078 1353 1357
f 1353 1354 1357
f 1356 1360 1354
f 1356 1354 1353
f 1343 1336 1347
f 517 1358 458
f 1358 448 458
f 1360 1356 1359
f 1364 1360 1363
f 448 1358 1359
f 448 1359 1356
f 1359 1365 1363
f 1360 1359 1363
f 1347 1348 1362
f 1346 1342 1364
f 1348 1345 1362
f 1345 1346 1364
f 1349 1343 1350
f 1349 1350 1351
f 1356 464 448
f 1342 1360 1364
f 1367 1347 1362
f 1343 1347 1367
f 1362 1345 1366
f 517 457 459
f 517 459 506
f 506 459 505
f 505 459 469
f 505 469 507
f 468 523 469
f 523 468 494
f 466 494 468
f 1366 1375 1367
f 1366 1367 1362
f 1370 1351 1369
f 1351 1371 1369
f 1351 1350 1368
f 1351 1368 1371
f 449 1370 1369
f 467 463 474
f 470 473 471
f 472 473 470
f 449 473 472
f 1368 1367 1375
f 449 1374 1377
f 1377 1374 1380
f 1377 478 475
f 475 478 477
f 475 477 476
f 495 500 466
f 499 466 500
f 466 499 494
f 1376 1378 1379
f 1377 1380 479
f 1379 1378 1383
f 1379 1383 1385
f 1380 1379 1385
f 1380 1385 1384
f 479 1380 1384
f 479 1384 1388
f 479 1388 486
f 486 1388 1390
f 1384 1385 1387
f 1384 1387 1388
f 1385 1383 1386
f 1385 1386 1387
f 1387 1386 1389
f 1391 1382 1417
f 1388 1387 1416
f 1388 1416 1390
f 1361 1363 1394
f 1366 1392 1395
f 1366 1393 1392
f 1361 1394 1397
f 1393 1361 1397
f 497 508 504
f 510 507 504
f 510 504 508
f 509 505 507
f 509 507 510
f 516 506 505
f 516 505 509
f 506 516 1404
f 1413 1404 516
f 1392 1393 1396
f 1395 1392 1400
f 1397 1394 1398
f 1393 1397 1396
f 1392 1396 1399
f 1397 1398 1434
f 1396 1397 1434
f 1400 1392 1418
f 1392 1399 1418
f 1399 1396 1401
f 1396 1434 1401
f 1400 1418 1419
f 1424 1412 1422
f 1375 1366 1395
f 1404 1413 1406
f 1404 1406 1408
f 1381 1395 1400
f 1381 1400 1382
f 1382 1400 1419
f 1382 1419 1417
f 1365 1404 1403
f 1402 1407 1405
f 1403 1404 1408
f 1402 1403 1408
f 1402 1408 1407
f 1381 1375 1395
f 1405 1407 1409
f 1408 1406 1407
f 1409 1407 1410
f 1407 1406 1410
f 1413 516 514
f 1413 514 1414
f 1406 1413 1414
f 1406 1411 1424
f 1410 1406 1424
f 1406 1414 1411
f 1409 1410 1433
f 1372 1371 1368
f 1368 1375 1372
f 1345 1393 1366
f 1415 518 1720
f 1415 1720 1411
f 1404 1365 517
f 1404 517 506
f 449 1369 1374
f 1372 1376 1373
f 1371 1372 1373
f 1042 1055 1029
f 1369 1371 1373
f 1369 1373 1374
f 1393 1345 1361
f 1361 1364 1363
f 1365 1403 1402
f 1365 1402 1363
f 1394 1409 1398
f 1394 1402 1405
f 1363 1402 1394
f 1398 1409 1433
f 1379 1373 1376
f 1394 1405 1409
f 1029 1055 1056
f 1029 1056 1032
f 1032 1056 1059
f 1316 1032 1059
f 1305 1316 1060
f 1305 1060 1034
f 1034 1060 1332
f 1332 1327 1034
f 1327 1332 1337
f 1337 1336 1343
f 1343 1367 1350
f 1350 1367 1368
f 1358 1365 1359
f 1365 1358 517
f 1372 1375 1381
f 1372 1381 1376
f 1380 1374 1373
f 1380 1373 1379
f 1376 1381 1378
f 1378 1381 1382
f 1378 1382 1391
f 1378 1391 1383
f 1391 1386 1383
f 1411 1412 1424
f 1417 1425 1391
f 1398 1433 1428
f 1386 1391 1425
f 1720 1429 1411
f 1426 1429 1720
f 1721 1426 1720
f 1434 1398 1428
f 1416 1387 1421
f 1421 1387 1389
f 1421 1389 1768
f 1427 1433 1410
f 1386 1425 1423
f 1417 1419 1430
f 1430 1425 1417
f 1389 1386 1423
f 1424 1427 1410
f 1399 1431 1418
f 1419 1418 1431
f 1770 1424 1422
f 1721 1766 1452
f 1432 1435 1430
f 1448 1444 1462
f 1448 1462 1461
f 1445 1435 1432
f 1449 1458 1442
f 1449 1442 1440
f 1444 1439 1462
f 1723 1456 1447
f 1450 1441 1457
f 1458 1455 1446
f 1458 1446 1442
f 1455 1457 1441
f 1455 1441 1446
f 1722 1723 1447
f 1440 1443 1451
f 1440 1451 1449
f 1462 1439 1453
f 1450 1457 1454
f 1445 1450 1454
f 1439 1435 1453
f 1464 1453 1435
f 1464 1435 1445
f 1723 1466 1456
f 1459 1457 1455
f 1445 1454 1464
f 1463 1458 1449
f 1462 1453 1465
f 1724 1466 1723
f 1454 1457 1482
f 1463 1455 1458
f 1464 1454 1468
f 1449 1451 1469
f 1449 1469 1463
f 1457 1459 1482
f 1461 1462 1472
f 1464 1465 1453
f 1463 1469 1467
f 1464 1468 1474
f 1474 1465 1464
f 1471 1470 1466
f 1471 1466 1724
f 1454 1482 1468
f 1463 1459 1455
f 1467 1484 1463
f 1462 1465 1478
f 1484 1459 1463
f 1474 1468 1473
f 1467 1469 1475
f 1482 1459 1485
f 1459 1484 1485
f 1472 1462 1478
f 1725 1470 1471
f 1474 1473 1481
f 1467 1475 1480
f 1472 1478 1479
f 1478 1465 1483
f 1481 1483 1465
f 1481 1465 1474
f 1480 1484 1467
f 1725 1475 1470
f 1468 1482 1473
f 1486 1484 1480
f 1481 1473 1494
f 1496 1504 1485
f 1481 1494 1488
f 1482 1485 1504
f 1482 1504 1489
f 1477 1479 1499
f 1478 1483 1487
f 1488 1487 1483
f 1488 1483 1481
f 1486 1495 1484
f 1490 1494 1473
f 1479 1478 1487
f 1479 1487 1499
f 1497 1475 1725
f 1473 1482 1489
f 1473 1489 1490
f 1495 1485 1484
f 1487 1493 1492
f 1493 1487 1488
f 1499 1487 1492
f 1495 1514 1485
f 1726 1497 1725
f 1488 1494 1493
f 1496 1485 1514
f 1490 1489 1500
f 1501 1514 1495
f 1502 1504 1496
f 1726 1503 1497
f 1494 1507 1508
f 1493 1494 1508
f 1496 1514 1502
f 1499 1492 1506
f 1492 1493 1505
f 1501 1495 1486
f 1500 1507 1494
f 1500 1494 1490
f 1492 1505 1506
f 1500 1489 1509
f 1489 1504 1502
f 1489 1502 1509
f 1516 1515 1503
f 1516 1503 1726
f 1508 1507 1513
f 1508 1513 1512
f 1502 1514 1522
f 1505 1493 1512
f 1505 1512 1511
f 1512 1493 1508
f 1515 1514 1501
f 1509 1513 1507
f 1509 1507 1500
f 1506 1505 1511
f 619 626 620
f 626 619 627
f 617 627 619
f 617 821 627
f 831 628 821
f 831 821 617
f 628 831 623
f 622 616 630
f 621 630 616
f 1719 1684 1730
f 1719 1731 1684
f 1521 1731 1520
f 618 612 622
f 1515 1522 1514
f 1516 1526 1515
f 1516 1511 1526
f 621 610 620
f 1526 1511 1523
f 1527 1522 1515
f 1523 1519 1524
f 1527 1525 1522
f 1714 1515 1526
f 1731 1518 1520
f 1515 1714 1527
f 1521 1522 1525
f 1717 1520 1518
f 1717 1524 1519
f 1521 1525 1716
f 1521 1716 1731
f 880 1529 876
f 1559 1551 879
f 877 882 876
f 1552 889 877
f 882 880 876
f 1528 1559 879
f 1539 1533 1532
f 1548 1544 1738
f 1523 1511 1519
f 1544 1547 1549
f 1551 1559 884
f 886 961 15
f 1561 898 18
f 1560 898 1561
f 894 897 17
f 883 1559 1528
f 897 1558 896
f 1567 954 1554
f 977 979 1555
f 1557 979 977
f 991 1556 981
f 1557 988 992
f 1556 991 996
f 994 1572 993
f 994 993 990
f 885 889 1552
f 897 1550 17
f 884 896 1560
f 1560 1573 884
f 658 668 893
f 1567 1566 950
f 1559 893 884
f 1566 1553 1563
f 891 961 886
f 959 890 1284
f 892 1284 1283
f 949 1565 926
f 949 926 1568
f 1564 950 1566
f 1283 946 892
f 102 665 961
f 893 1559 881
f 1561 1562 1571
f 1562 900 1571
f 1571 900 1568
f 1568 900 949
f 896 884 893
f 924 1565 949
f 1570 1600 955
f 1600 967 95
f 1570 967 1600
f 948 1570 955
f 927 1602 1569
f 1573 1561 1571
f 925 1564 1568
f 1564 1571 1568
f 1563 885 1551
f 1551 884 1573
f 1551 1573 1563
f 925 950 1564
f 1573 1571 1564
f 995 983 1556
f 1556 983 982
f 886 15 14
f 1559 883 881
f 1572 996 989
f 1572 994 996
f 996 994 995
f 995 988 983
f 982 983 977
f 975 982 977
f 879 878 975
f 878 879 1551
f 878 1551 885
f 1528 1555 976
f 979 976 1555
f 1557 986 979
f 1564 1566 1563
f 1564 1563 1573
f 1575 1282 1562
f 1560 1561 1573
f 1575 18 678
f 1575 678 901
f 903 1282 1575
f 904 903 906
f 904 906 1574
f 904 1574 1281
f 1281 1574 912
f 913 1576 915
f 1561 1575 1562
f 1575 1561 18
f 923 922 681
f 923 681 56
f 915 1576 918
f 915 910 913
f 913 910 912
f 912 910 1281
f 904 1282 903
f 1567 1553 1566
f 1283 1553 1567
f 1283 1284 1553
f 890 887 1284
f 887 890 891
f 887 891 886
f 1580 968 1579
f 968 1583 1582
f 968 1582 1579
f 946 966 892
f 1613 1616 946
f 962 1569 954
f 956 1602 957
f 1612 1615 1569
f 1613 1591 1585
f 1589 1594 1587
f 1586 1584 1589
f 1591 1596 1585
f 1593 1597 1590
f 1595 1591 1597
f 1592 1607 1584
f 1589 1584 1607
f 1607 1592 1611
f 1593 1603 1597
f 1599 1606 1603
f 1608 1599 1611
f 1603 1606 1598
f 1599 1603 1593
f 1609 1611 1599
f 1596 1591 1605
f 966 965 959
f 966 959 892
f 102 961 965
f 102 965 1601
f 957 948 955
f 957 1602 948
f 1569 1602 956
f 1612 1587 1588
f 1588 1587 1594
f 1609 1594 1611
f 1593 1590 1588
f 1593 1588 1609
f 1594 1609 1588
f 1598 1608 1605
f 1604 1592 1610
f 1606 1599 1608
f 1604 1610 1605
f 1598 1606 1608
f 1604 1605 1608
f 1598 1591 1595
f 1603 1598 1595
f 1603 1595 1597
f 1596 1605 1610
f 1605 1591 1598
f 1593 1609 1599
f 1604 1611 1592
f 1584 1586 1614
f 1587 1612 1586
f 1588 1590 1612
f 1597 1591 1613
f 1616 1613 1585
f 956 1614 1586
f 1554 1615 1590
f 1554 1590 1597
f 1586 1612 956
f 1612 1590 1615
f 1597 1613 1554
f 1608 1611 1604
f 1610 1592 1596
f 954 1569 1615
f 1578 1614 956
f 1554 954 1615
f 1569 956 1612
f 1594 1607 1611
f 1589 1607 1594
f 1589 1587 1586
f 957 1581 1578
f 957 1578 956
f 1581 957 1580
f 1596 1592 1584
f 1584 1585 1596
f 1614 1585 1584
f 1614 1616 1585
f 1616 1614 1578
f 1581 966 946
f 1581 946 1616
f 945 960 966
f 945 966 1581
f 945 947 960
f 1577 947 945
f 682 86 947
f 682 947 1577
f 1583 968 98
f 1620 1628 1619
f 1713 1633 1629
f 1703 1713 1629
f 1703 1629 1681
f 1519 1511 1512
f 1512 1717 1519
f 1718 1633 1713
f 1732 1710 1702
f 1630 1628 1620
f 1735 1640 1636
f 1663 1657 1744
f 1667 1669 1666
f 1757 1677 1760
f 1669 1667 1672
f 1625 1545 1741
f 1547 1742 1546
f 1634 1646 1651
f 1653 1650 1665
f 1717 1512 1513
f 1717 1513 1520
f 1703 1701 1713
f 1683 1685 1688
f 1731 1697 1518
f 1688 1527 1714
f 1697 1719 1706
f 1687 1677 1678
f 1700 1699 1729
f 1700 1729 1517
f 1517 1698 1700
f 1677 1687 1760
f 1760 1687 1680
f 1713 1712 1718
f 1694 1695 1693
f 1680 1679 1759
f 1683 1759 1679
f 1727 1707 1728
f 1708 1706 1719
f 1708 1707 1629
f 1708 1629 1704
f 1733 1701 1703
f 1681 1629 1707
f 1681 1707 1727
f 1708 1728 1707
f 1714 1682 1688
f 1705 1682 1714
f 1713 1701 1712
f 1712 1711 1718
f 1717 1706 1524
f 1706 1704 1524
f 1711 1523 1718
f 1718 1523 1524
f 1717 1518 1697
f 1719 1697 1731
f 1527 1685 1525
f 1704 1706 1708
f 1704 1633 1524
f 1730 1728 1719
f 1684 1731 1716
f 1527 1688 1685
f 1706 1717 1697
f 1732 1691 1710
f 1710 1691 1686
f 1543 1742 1547
f 1686 1709 1710
f 1705 1709 1686
f 518 814 1720
f 1682 1705 1686
f 1708 1719 1728
f 1718 1524 1633
f 1728 1730 1695
f 1687 1678 1730
f 1694 1727 1728
f 1694 1728 1695
f 1705 1714 1715
f 1687 1684 1680
f 1689 1699 1696
f 1680 1684 1716
f 1695 1730 1678
f 1716 1685 1679
f 1716 1679 1680
f 1699 1763 1696
f 1763 1699 1700
f 1730 1684 1687
f 1633 1704 1629
f 1656 1659 1662
f 1656 1662 1664
f 1655 1663 1661
f 1664 1736 1656
f 1661 1663 1669
f 1663 1666 1669
f 1709 1705 1715
f 1683 1679 1685
f 1763 1700 1765
f 1765 1700 1764
f 1764 1700 1698
f 1683 1682 1676
f 1732 1517 1729
f 1734 1694 1698
f 1698 1517 1734
f 1681 1733 1703
f 1727 1694 1734
f 1733 1734 1517
f 1732 1729 1691
f 1733 1727 1734
f 1517 1732 1733
f 1681 1727 1733
f 1691 1690 1682
f 1691 1682 1686
f 1682 1690 1758
f 1682 1758 1676
f 1694 1764 1698
f 1758 1617 1675
f 1628 1537 1542
f 1540 1619 1628
f 1540 1628 1542
f 1538 1674 1530
f 1540 1542 1536
f 1531 1532 1533
f 1762 1539 1532
f 1762 1532 1618
f 1539 1540 1536
f 1535 1533 1539
f 1539 1536 1535
f 1630 1622 1628
f 1546 1626 1741
f 1544 1549 1738
f 1624 1626 1546
f 1624 1546 1548
f 1548 1737 1624
f 1737 1548 1738
f 1741 1626 1623
f 1630 1631 1737
f 1627 1632 1623
f 1764 1694 1693
f 1764 1693 1692
f 1688 1682 1683
f 1716 1525 1685
f 1691 1689 1690
f 1689 1691 1729
f 1689 1729 1699
f 1692 1693 1695
f 1692 1695 1761
f 1678 1761 1695
f 1762 1619 1540
f 1762 1540 1539
f 1534 1674 1538
f 1651 1645 1739
f 1640 1638 1645
f 1640 1645 1647
f 1641 1638 1637
f 1640 1647 1649
f 1640 1649 1636
f 1647 1645 1651
f 1646 1647 1651
f 1647 1646 1649
f 1627 1634 1651
f 1737 1631 1634
f 1737 1634 1624
f 1634 1627 1626
f 1634 1626 1624
f 1549 1622 1630
f 1622 1549 1547
f 1547 1545 1625
f 1547 1625 1622
f 1741 1545 1546
f 1622 1625 1632
f 1622 1632 1628
f 1632 1625 1623
f 1623 1626 1627
f 1621 1628 1632
f 1537 1628 1621
f 1618 1532 1531
f 1618 1531 1617
f 1538 1542 1537
f 1643 1642 1636
f 1643 1636 1649
f 1648 1642 1643
f 1650 1643 1649
f 1643 1650 1653
f 1653 1668 1652
f 1666 1663 1744
f 1744 1664 1665
f 1744 1665 1666
f 1665 1664 1653
f 1663 1658 1657
f 1658 1663 1655
f 1654 1655 1743
f 1654 1660 1655
f 1657 1656 1736
f 1743 1661 1662
f 1743 1662 1659
f 1744 1736 1664
f 1662 1668 1653
f 1662 1653 1664
f 1661 1740 1668
f 1661 1668 1662
f 1665 1667 1666
f 1648 1644 1639
f 1645 1638 1635
f 1643 1653 1652
f 1643 1652 1648
f 1648 1652 1644
f 1635 1739 1645
f 1530 1674 1541
f 1515 1501 1503
f 1511 1516 1510
f 1486 1497 1503
f 1486 1503 1501
f 1480 1497 1486
f 1480 1475 1497
f 1491 1477 1498
f 1476 1477 1491
f 1477 1476 1460
f 1469 1470 1475
f 1469 1466 1470
f 1451 1466 1469
f 1460 1476 1452
f 1460 1452 1767
f 1451 1456 1466
f 1443 1447 1456
f 1443 1456 1451
f 1769 1401 1434
f 1769 1434 1438
f 1412 1429 1422
f 1412 1411 1429
f 1414 1415 1411
f 514 1415 1414
f 1415 514 518
f 1421 1766 1420
f 814 1416 1420
f 814 519 1416
f 1537 1675 1538
f 1621 1758 1675
f 1621 1675 1537
f 1531 1675 1617
f 1534 1675 1531
f 1737 1738 1549
f 1737 1549 1630
f 1625 1741 1623
f 1620 1631 1630
f 1641 1637 1735
f 1639 1644 1635
f 1646 1650 1649
f 1642 1735 1636
f 1644 1652 1739
f 1644 1739 1635
f 1641 1639 1638
f 1655 1661 1743
f 1657 1736 1744
f 1753 1672 1667
f 1661 1669 1740
f 1659 1654 1743
f 1627 1651 1739
f 1762 1618 1617
f 1758 1690 1617
f 1758 1621 1676
f 1676 1621 1632
f 1759 1683 1676
f 1759 1652 1668
f 1759 1668 1740
f 1759 1740 1760
f 1763 1619 1762
f 1763 1762 1696
f 1634 1631 1646
f 1765 1631 1620
f 1543 1547 1544
f 1543 1544 1742
f 1548 1742 1544
f 1742 1548 1546
f 1756 1751 1748
f 1546 1545 1547
f 1754 1745 1753
f 1754 1747 1745
f 1672 1753 1748
f 1672 1748 1751
f 1533 1674 1534
f 1533 1534 1531
f 1747 1754 1752
f 1535 1674 1533
f 1674 1535 1541
f 1751 1749 1672
f 1672 1749 1755
f 1755 1752 1757
f 1536 1541 1535
f 1746 1750 1747
f 1542 1541 1536
f 1541 1542 1530
f 1757 1670 1755
f 1750 1746 1756
f 1745 1748 1753
f 1749 1752 1755
f 1745 1756 1748
f 1530 1542 1538
f 1675 1534 1538
f 1757 1752 1671
f 1670 1669 1755
f 1672 1755 1669
f 1754 1673 1671
f 1754 1671 1752
f 1753 1667 1673
f 1753 1673 1754
f 1670 1757 1760
f 1689 1762 1617
f 1689 1617 1690
f 1627 1676 1632
f 1739 1759 1676
f 1739 1676 1627
f 1652 1759 1739
f 1680 1759 1760
f 1696 1762 1689
f 1619 1763 1620
f 1620 1763 1765
f 1665 1764 1692
f 1665 1692 1667
f 1650 1764 1665
f 1646 1764 1650
f 1631 1765 1764
f 1631 1764 1646
f 1669 1670 1740
f 1760 1740 1670
f 1671 1677 1757
f 1673 1678 1677
f 1673 1677 1671
f 1678 1673 1761
f 1667 1692 1761
f 1667 1761 1673
f 1732 1702 1733
f 1733 1702 1701
f 1701 1702 1710
f 1701 1710 1712
f 1709 1712 1710
f 1709 1711 1712
f 1715 1711 1709
f 1711 1715 1523
f 1523 1715 1526
f 1526 1715 1714
f 1509 1520 1513
f 1520 1509 1521
f 1521 1509 1502
f 1522 1521 1502
f 1726 1510 1516
f 1511 1510 1506
f 1726 1498 1510
f 1506 1510 1498
f 1506 1498 1499
f 1499 1498 1477
f 1479 1477 1472
f 1460 1472 1477
f 1472 1460 1461
f 1767 1461 1460
f 1461 1767 1448
f 1428 1433 1436
f 1421 1420 1416
f 519 1390 1416
f 814 1420 1720
f 1766 1721 1720
f 1766 1720 1420
f 1427 1442 1436
f 1770 1442 1427
f 1722 1452 1476
f 1722 1476 1723
f 1723 1476 1724
f 1724 1476 1471
f 1471 1476 1491
f 1471 1491 1725
f 1725 1491 1498
f 1725 1498 1726
f 1635 1638 1639
f 1640 1637 1638
f 1640 1735 1637
f 1735 1642 1641
f 1641 1642 1648
f 1641 1648 1639
f 1660 1658 1655
f 1658 1660 1657
f 1657 1660 1654
f 1657 1654 1656
f 1656 1654 1659
f 1751 1746 1749
f 1746 1751 1756
f 1745 1750 1756
f 1750 1745 1747
f 1747 1752 1749
f 1747 1749 1746
f 1769 1399 1401
f 1399 1769 1431
f 1432 1419 1431
f 1430 1419 1432
f 1423 1425 1430
f 1444 1389 1423
f 1768 1389 1444
f 1768 1767 1421
f 1766 1421 1767
f 1426 1437 1429
f 1422 1429 1437
f 1770 1440 1442
f 1442 1446 1436
f 1446 1428 1436
f 1428 1446 1441
f 1428 1441 1438
f 1450 1769 1441
f 1769 1450 1431
f 1445 1431 1450
f 1452 1722 1721
f 1721 1722 1447
f 1721 1447 1426
f 1426 1447 1437
f 1443 1437 1447
f 1440 1770 1443
f 1770 1422 1443
f 1437 1443 1422
f 1767 1452 1766
f 1448 1767 1768
f 1448 1768 1444
f 1444 1423 1439
f 1439 1423 1430
f 1439 1430 1435
f 1445 1432 1431
f 1441 1769 1438
f 1428 1438 1434
f 1427 1436 1433
f 1424 1770 1427
f 973 974 1552
f 973 1552 877
f 976 973 876
f 976 876 1528
f 907 25 27
f 26 60 902
f 902 60 924
f 1565 924 662
f 1565 662 61
f 926 1565 61
f 209 1352 1355
f 961 665 15
f 1773 1774 1771
f 1772 1773 1771
f 1771 1774 1772
f 1772 1774 1773
f 1777 1775 1776
f 1777 1776 1778
f 1778 1776 1775
f 1778 1775 1777
f 1786 1782 1784
f 1791 1781 1792
f 1790 1788 1789
f 1789 1788 1787
f 1789 1787 1781
f 1792 1779 1793
f 1791 1789 1781
f 1793 1779 1780
f 1784 1785 1786
f 1786 1780 1779
f 1786 1779 1782
f 1790 1780 1786
f 1784 1783 1781
f 1784 1781 1787
f 1784 1787 1785
f 1788 1785 1787
f 1786 1785 1788
f 1786 1788 1790
f 1782 1779 1792
f 1782 1792 1781
f 1790 1789 1791
f 1783 1782 1781
f 1790 1793 1780
f 1791 1793 1790
f 1784 1782 1783
f 1791 1792 1793
f 1800 1796 1797
f 1805 1803 1804
f 1799 1806 1794
f 1800 1797 1795
f 1798 1800 1795
f 1805 1799 1803
f 1806 1808 1794
f 1800 1798 1802
f 1806 1799 1805
f 1808 1795 1794
f 1800 1802 1801
f 1805 1807 1806
f 1795 1797 1794
f 1800 1801 1796
f 1796 1801 1799
f 1807 1804 1795
f 1804 1798 1795
f 1801 1803 1799
f 1801 1802 1803
f 1804 1803 1802
f 1798 1804 1802
f 1797 1796 1794
f 1796 1799 1794
f 1807 1805 1804
f 1807 1795 1808
f 1806 1807 1808
f 1809 2299 2290
f 1810 1815 2349
f 1816 1821 1824
f 1816 1819 2305
f 1816 1824 1822
f 2511 1817 1819
f 1817 1818 1815
f 2299 1809 2287
f 1811 2287 1809
f 2287 1814 2299
f 1810 1812 1813
f 1813 1819 1817
f 2305 1813 1812
f 1815 1810 1813
f 1813 1817 1815
f 2305 1819 1813
f 1818 1823 1815
f 1822 1819 1816
f 1822 2511 1819
f 1823 1818 2511
f 1818 1817 2511
f 1811 1821 1816
f 2305 1814 1816
f 1821 1811 1820
f 1816 1814 1811
f 2299 1814 2288
f 1821 1820 2446
f 1822 1823 2511
f 2449 1835 1824
f 2510 1823 1829
f 1827 2446 2447
f 2449 2446 1825
f 2501 1828 1825
f 2501 1825 1826
f 1825 1827 1826
f 1825 2446 1827
f 1826 1827 2450
f 1825 1828 2449
f 1828 1835 2449
f 2503 1836 2501
f 1836 1828 2501
f 1814 2287 1811
f 1836 1833 1830
f 1831 1832 1836
f 1828 1834 1835
f 1832 1833 1836
f 1829 1824 1834
f 1834 1830 1833
f 1833 1829 1834
f 1832 1829 1833
f 1836 1830 1828
f 1829 1832 2510
f 1835 1834 1824
f 1832 1831 1839
f 1839 2510 1832
f 1831 1838 1839
f 2331 2509 1838
f 1841 2510 2332
f 1841 1837 1815
f 1840 1837 1841
f 1841 2332 1840
f 2104 1939 1920
f 1843 2107 1844
f 2106 2117 2104
f 1844 2107 2106
f 2107 1843 2105
f 2104 1844 2106
f 2105 1843 2103
f 1938 1930 1842
f 1920 1939 1930
f 1920 1929 2102
f 2103 1844 2104
f 2105 2103 2102
f 1843 1844 2103
f 2156 2158 2090
f 2325 2232 2324
f 1859 2030 2031
f 2414 2356 2416
f 1942 1939 2104
f 2474 2168 2164
f 1889 1890 1845
f 1846 1847 2016
f 1890 1846 1855
f 1851 1852 1921
f 1857 1856 2027
f 1921 1852 1858
f 1861 1868 1870
f 1861 1862 1868
f 1886 1861 1864
f 1865 1861 1870
f 1870 1879 1865
f 1864 1863 1898
f 1863 1879 1866
f 1898 2177 2200
f 1870 1875 1869
f 1875 1870 1867
f 1875 1867 1871
f 1872 1875 1876
f 1872 1876 1873
f 1872 1873 1874
f 2183 1880 1878
f 1879 1870 1880
f 1880 1870 1869
f 1869 1877 1880
f 1880 1877 1878
f 1881 1878 1874
f 1883 1881 1882
f 1887 1888 1900
f 1861 1885 1884
f 1889 1862 1861
f 1893 1887 1900
f 1891 1887 1893
f 1894 1893 2048
f 2200 1897 1898
f 1893 1900 2048
f 1901 1900 1899
f 1903 1871 1867
f 1924 1925 1936
f 1998 2006 2116
f 1967 1908 1910
f 1994 1940 1993
f 1970 1912 1913
f 1908 1968 1910
f 1912 1911 1935
f 1970 1968 1912
f 1915 1916 1918
f 1927 1926 1923
f 1921 1923 1851
f 1905 1904 1923
f 1928 1927 1922
f 1924 1928 1922
f 1909 1905 1926
f 1909 1926 1933
f 1928 1931 1933
f 1926 1928 1933
f 1922 1915 1918
f 1922 1929 1930
f 1842 1930 1939
f 1932 1924 1936
f 1931 1924 1932
f 2002 1933 1968
f 1935 1911 1934
f 1932 1936 1937
f 1942 1995 1842
f 1995 1925 1938
f 1995 1940 1925
f 1937 1940 1994
f 2006 1998 1995
f 1954 1951 1956
f 1876 1943 1873
f 1871 1946 1945
f 1951 1947 1950
f 1945 1947 1951
f 1945 1946 1947
f 1949 1948 1954
f 1950 1947 1953
f 1950 1952 1956
f 1955 1956 1957
f 1955 1957 1973
f 1959 1960 1961
f 1882 1962 1883
f 1960 1964 1963
f 1969 1970 1913
f 1971 1972 1981
f 1958 1969 1973
f 1958 1953 1967
f 1979 1975 2004
f 1977 1969 1913
f 1913 1914 1977
f 1974 1976 1971
f 1972 1978 1979
f 1964 1971 1965
f 1986 1980 1987
f 1982 1988 1990
f 1989 1988 1992
f 1992 1986 1991
f 1997 1996 2000
f 2119 2000 1996
f 2001 2124 2134
f 2004 1977 2003
f 2007 2005 1997
f 2003 1941 2005
f 2007 2003 2005
f 2001 2134 2013
f 2011 2009 2008
f 2011 2008 2013
f 2028 2026 2021
f 2033 2021 2024
f 2079 2046 2069
f 2019 2018 2020
f 2016 1847 2017
f 1856 2016 2026
f 2026 2018 2019
f 2017 2014 2015
f 2017 2015 2018
f 2022 2025 2023
f 2018 2015 2044
f 2019 2022 2021
f 2024 2023 2025
f 2029 2032 2035
f 2027 2028 2029
f 2098 2035 2099
f 2024 2034 2033
f 2032 2029 2021
f 2032 2033 2034
f 2037 2036 2053
f 2099 2036 2037
f 1892 2039 2038
f 2038 2039 2047
f 2043 2038 2047
f 2045 2044 2060
f 2041 2042 2043
f 2054 2064 2066
f 2047 2048 2049
f 2048 2350 2049
f 2050 2043 2051
f 2052 2034 2055
f 2055 2046 2079
f 2056 2055 2079
f 2053 2058 2128
f 2060 2059 2061
f 2045 2060 2063
f 2074 2067 2063
f 2046 2066 2068
f 2050 2051 2070
f 2073 2075 2076
f 2067 2074 2075
f 2082 2073 2076
f 2087 2082 2076
f 2077 2071 2375
f 2075 2074 2071
f 2078 2076 2075
f 2091 2086 2088
f 2080 2083 2084
f 2056 2079 2080
f 2149 2058 2057
f 2150 2149 2057
f 2089 2084 2085
f 2088 2085 2388
f 2388 2082 2087
f 2093 2092 2095
f 2093 2090 2091
f 2093 2156 2090
f 2396 2092 2088
f 2094 2093 2095
f 2096 2156 2399
f 2399 2156 2093
f 2401 2095 2400
f 2129 2128 2149
f 2129 2149 2148
f 2097 1919 2098
f 2122 2118 2106
f 2105 2098 2100
f 2107 2105 2108
f 2108 2105 2100
f 2120 2109 2113
f 2118 2114 2119
f 2119 2114 2115
f 2119 2115 2124
f 2117 2118 1999
f 2123 2109 2120
f 2126 2123 2120
f 2113 2129 2131
f 2111 2112 2113
f 2129 2127 2128
f 2037 2128 2127
f 2131 2129 2130
f 2130 2148 2133
f 2143 2136 2126
f 2125 2136 2142
f 2012 2135 2145
f 2151 2150 2158
f 2153 2148 2155
f 2133 2148 2153
f 2171 2153 2154
f 2154 2153 2155
f 2151 2158 2159
f 2465 2159 2096
f 2167 2166 2164
f 2174 2172 2165
f 2488 2175 2173
f 2177 2178 2179
f 2194 2213 2180
f 2189 2192 2182
f 2176 2181 2182
f 2184 2187 2189
f 2187 2188 2190
f 2194 2180 2185
f 2195 2218 2194
f 2200 2201 2202
f 2201 2200 2177
f 2207 2201 2177
f 2205 2350 2206
f 2210 2207 2211
f 2204 2217 2215
f 2215 2217 2221
f 2226 2222 2219
f 2223 2221 2222
f 2224 2223 2222
f 2233 2228 2229
f 2218 2227 2193
f 2233 2231 2226
f 2235 2423 2231
f 2254 2253 2269
f 1837 2348 2349
f 2274 2333 2310
f 2271 2252 2270
f 2190 2238 2240
f 2188 1883 2237
f 2198 2196 2240
f 2198 2240 2241
f 2240 2239 2247
f 2242 2241 2251
f 2242 2251 2243
f 2306 2242 2244
f 2251 2250 2253
f 2250 2249 2253
f 2270 2253 2254
f 2255 2258 2266
f 2258 2257 2261
f 1990 2259 2257
f 2262 2260 1992
f 2264 1992 2265
f 2261 2257 2262
f 2258 2261 2263
f 2263 2261 2264
f 2279 2264 2265
f 2254 2269 2281
f 2269 2253 2268
f 2310 2272 2273
f 2254 2281 2273
f 2284 2278 2280
f 2284 2281 2268
f 2267 2266 2275
f 2275 2268 2267
f 2279 2278 2276
f 2281 2285 2283
f 1814 2302 2288
f 2291 2298 2011
f 2300 2301 2291
f 2295 2296 2297
f 2338 2296 2295
f 2296 2311 2285
f 2303 2304 2337
f 2303 2301 2288
f 2301 2297 2298
f 2288 2300 2299
f 2288 2304 2303
f 2307 2308 2244
f 2314 2308 2318
f 2309 2252 2271
f 2252 2307 2244
f 2335 2274 2282
f 2283 2311 2312
f 2315 2230 2313
f 2324 2315 2316
f 2324 2232 2315
f 2317 2316 2321
f 2320 2319 2318
f 2320 2286 2333
f 2322 2317 2321
f 2317 2323 2327
f 2326 2329 2324
f 2426 2325 2329
f 2328 2326 2327
f 2348 1840 2328
f 1840 2348 1837
f 2508 2330 2331
f 2331 2328 2332
f 2344 2335 2312
f 2337 2294 2346
f 2323 2322 2342
f 2343 2341 2340
f 2319 2334 2342
f 2320 2333 2335
f 2334 2319 2320
f 2344 2334 2335
f 2336 2334 2344
f 2345 2344 2296
f 2348 2343 2346
f 2349 2348 1810
f 1810 2293 2302
f 1810 2348 2346
f 2346 2294 1810
f 1812 1810 2302
f 2295 2347 2337
f 2393 2383 2385
f 2351 2216 2352
f 2051 2049 2353
f 2049 2352 2353
f 2355 2357 2361
f 2361 2413 2362
f 2355 2361 2362
f 2355 2362 2359
f 2371 2366 2367
f 2366 2385 2367
f 2368 2369 2431
f 2366 2371 2370
f 2372 2370 2368
f 2409 2372 2407
f 2373 2432 2438
f 2411 2407 2373
f 2379 2376 2378
f 2377 2375 2374
f 2374 2354 2377
f 2380 2376 2379
f 2383 2392 2078
f 2393 2392 2383
f 2384 2380 2381
f 2367 2385 2381
f 2381 2380 2379
f 2382 2378 2386
f 2410 2390 2407
f 2391 2388 2394
f 2391 2397 2388
f 2389 2395 2397
f 2397 2088 2388
f 2400 2396 2398
f 2396 2395 2402
f 2464 2399 2401
f 2096 2464 2466
f 2096 2399 2464
f 2395 2389 2410
f 2469 2404 2405
f 2406 2394 2408
f 2409 2407 2408
f 2408 2394 2393
f 2393 2385 2408
f 2408 2407 2406
f 2403 2410 2411
f 2411 2410 2407
f 2357 2356 2414
f 2414 2416 2413
f 2418 2417 2422
f 2417 2416 2422
f 2436 2364 2415
f 2419 2364 2436
f 2386 2365 2419
f 2424 2423 2427
f 2428 2430 2424
f 2433 2431 2369
f 2425 2433 2434
f 2434 2433 2369
f 2434 2421 2437
f 2429 2432 2433
f 2438 2432 2429
f 2418 2422 2423
f 2493 2491 2476
f 1809 2440 2445
f 1809 2290 2440
f 2440 2443 2445
f 2141 2441 2142
f 2453 2444 2455
f 2455 2444 2442
f 2445 2447 2446
f 1820 1811 1809
f 2505 2438 2506
f 2456 2505 2451
f 2456 2452 2505
f 2452 2479 2505
f 2456 2459 2458
f 2486 2458 2459
f 2486 2459 2454
f 2484 2483 2481
f 2482 2469 2405
f 2466 2464 2471
f 2163 2465 2466
f 2472 2468 2467
f 2471 2469 2482
f 2471 2464 2469
f 2472 2471 2482
f 2475 2170 2168
f 2475 2474 2477
f 2492 2170 2475
f 2485 2475 2477
f 2478 2476 2475
f 2480 2473 2482
f 2481 2482 2479
f 2491 2489 2490
f 2494 2493 2495
f 2496 2494 2495
f 2499 2496 2495
f 2499 2498 2496
f 1838 2509 1839
f 2503 2501 2500
f 2501 2451 2506
f 2504 2428 2507
f 2503 2500 2502
f 2502 2504 2503
f 1836 2503 2504
f 1841 1823 2510
f 1822 1824 1829
f 1834 1828 1830
f 2508 2507 2330
f 2504 2508 1838
f 2510 1839 2509
f 1853 1946 1871
f 1854 1851 1923
f 2150 2090 2158
f 2405 2412 2482
f 2412 2479 2482
f 2506 2438 2500
f 2039 1892 1894
f 1900 1902 2048
f 1859 2027 2030
f 1859 2031 1860
f 2422 2416 2224
f 2426 2235 2236
f 1920 2102 2103
f 1919 2097 2102
f 1942 2104 2116
f 2104 1920 2103
f 1838 2508 2331
f 1899 1897 2202
f 1962 1961 2237
f 2260 2259 1989
f 2051 2374 2072
f 2375 2072 2374
f 2088 2397 2396
f 2092 2396 2400
f 2462 2146 2460
f 2145 2439 2460
f 2474 2164 2467
f 1886 1864 1895
f 1868 1862 1867
f 1846 1892 1847
f 1892 2014 1847
f 1845 1890 1855
f 1846 2016 1855
f 1848 1857 1858
f 1857 1859 1858
f 1849 1845 1850
f 1845 1848 1850
f 1889 1845 1849
f 1862 1849 1903
f 1862 1889 1849
f 1850 1852 1851
f 1849 1850 1854
f 1850 1851 1854
f 1848 1852 1850
f 1903 1853 1871
f 1903 1849 1853
f 1849 1854 1853
f 1845 1855 2016
f 2016 1857 1848
f 1845 2016 1848
f 2016 1856 1857
f 1859 1857 2027
f 1858 1859 1860
f 1852 1848 1858
f 1921 1858 1860
f 1864 1861 1865
f 1864 1898 1895
f 1865 1879 1864
f 1864 1879 1863
f 2177 1898 2178
f 1863 2178 1898
f 1878 2186 2183
f 2183 2186 2184
f 1877 1872 1878
f 1868 1867 1870
f 1876 1875 1943
f 1871 1943 1875
f 1872 1877 1869
f 1875 1872 1869
f 1879 1880 1866
f 1866 1880 2181
f 2183 2181 1880
f 1872 1874 1878
f 1881 1874 1882
f 1874 1959 1882
f 1878 1881 2186
f 2186 1881 1883
f 1890 1884 1892
f 1884 1891 1892
f 1884 1887 1891
f 1888 1899 1900
f 1885 1887 1884
f 1885 1886 1895
f 1885 1888 1887
f 1861 1886 1885
f 1884 1889 1861
f 1889 1884 1890
f 1891 1893 1894
f 1890 1892 1846
f 1892 1891 1894
f 1894 2048 2039
f 1888 1896 1899
f 1895 1898 1897
f 1885 1895 1896
f 1896 1895 1897
f 1899 1896 1897
f 1885 1896 1888
f 1900 1901 1902
f 1862 1903 1867
f 1906 1909 2002
f 1942 2116 2006
f 1953 1908 1967
f 1958 1973 1957
f 1955 1973 1971
f 1997 2001 2007
f 1998 2116 1999
f 1904 1905 1907
f 1906 1905 1909
f 1946 1944 1947
f 1910 1968 1970
f 1907 1905 1906
f 1904 1907 1944
f 1904 1946 1853
f 1946 1904 1944
f 1907 1906 1953
f 1944 1907 1953
f 1953 1906 1908
f 1912 1935 1914
f 1908 1906 1968
f 1906 2002 1968
f 1911 1912 1968
f 1913 1912 1914
f 1921 1916 1915
f 1921 1860 1916
f 1860 1917 1916
f 1860 2031 1917
f 1917 2031 1919
f 1917 1919 1918
f 1916 1917 1918
f 1929 1919 2102
f 1918 1919 1929
f 1923 1921 1927
f 1927 1921 1922
f 1853 1854 1923
f 1904 1853 1923
f 1905 1923 1926
f 1928 1924 1931
f 1922 1925 1924
f 1909 1933 2002
f 1926 1927 1928
f 1921 1915 1922
f 1922 1918 1929
f 1922 1930 1925
f 1925 1930 1938
f 1930 1929 1920
f 1995 1993 1940
f 1942 1842 1939
f 1940 1936 1925
f 1933 1932 1934
f 1911 1933 1934
f 1935 1932 2003
f 1931 1932 1933
f 1911 1968 1933
f 1934 1932 1935
f 1932 1937 2003
f 1937 1936 1940
f 1995 1938 1842
f 1937 1994 1941
f 1995 1942 2006
f 1951 1950 1956
f 1874 1949 1959
f 1959 1949 1960
f 1960 1954 1964
f 1948 1943 1951
f 1945 1951 1943
f 1948 1949 1873
f 1948 1951 1954
f 1871 1945 1943
f 1873 1943 1948
f 1874 1873 1949
f 1954 1956 1955
f 1944 1953 1947
f 1953 1952 1950
f 1952 1953 1958
f 1949 1954 1960
f 1954 1955 1964
f 1956 1952 1957
f 1952 1958 1957
f 1959 1961 1882
f 1882 1961 1962
f 1960 1963 1961
f 1963 1966 1961
f 1964 1965 1966
f 1963 1964 1966
f 1965 1982 1966
f 1955 1971 1964
f 1972 1983 1981
f 1983 1985 1984
f 1973 1974 1971
f 1910 1969 1967
f 1967 1969 1958
f 1969 1910 1970
f 1974 1969 1976
f 1973 1969 1974
f 1978 1976 1975
f 1979 1978 1975
f 1969 1977 1976
f 1975 1977 2004
f 1976 1977 1975
f 1976 1978 1971
f 1971 1978 1972
f 1983 1972 1979
f 1985 1983 1979
f 1985 1979 1980
f 1980 1979 2004
f 1980 2004 1987
f 1965 1981 1982
f 1965 1971 1981
f 1966 1982 2256
f 1982 1990 2256
f 1988 1986 1992
f 1982 1984 1988
f 1981 1983 1984
f 1981 1984 1982
f 1986 1985 1980
f 1984 1986 1988
f 1984 1985 1986
f 1991 1986 1987
f 1990 1988 1989
f 1990 1989 2259
f 1989 1992 2260
f 1992 1991 2265
f 1996 1995 1998
f 1997 2000 2001
f 2124 2000 2119
f 1993 1996 1997
f 1993 1995 1996
f 1994 1993 1997
f 1996 1998 1999
f 2118 1996 1999
f 2119 1996 2118
f 2000 2124 2001
f 1935 2003 1914
f 2297 2010 2011
f 2013 2008 2007
f 1987 2003 2009
f 1914 2003 1977
f 2004 2003 1987
f 2009 2003 2007
f 1941 1994 1997
f 2005 1941 1997
f 1937 1941 2003
f 2009 2007 2008
f 2001 2013 2007
f 1987 2009 1991
f 2009 2010 1991
f 2265 1991 2289
f 2289 1991 2010
f 2289 2010 2297
f 2009 2011 2010
f 2011 2013 2461
f 2461 2013 2012
f 2059 2050 2061
f 2025 2045 2062
f 2058 2149 2128
f 2025 2062 2064
f 2015 2040 2044
f 2026 2017 2018
f 2016 2017 2026
f 2026 2019 2021
f 1847 2014 2017
f 2021 2022 2023
f 2018 2044 2020
f 2044 2045 2020
f 2020 2045 2022
f 2019 2020 2022
f 2021 2023 2024
f 2024 2025 2064
f 2035 2032 2036
f 2027 2029 2030
f 2027 2026 2028
f 1856 2026 2027
f 2029 2035 2030
f 2030 2035 2098
f 2031 2030 2098
f 2028 2021 2029
f 2032 2021 2033
f 2032 2034 2052
f 2036 2032 2052
f 2053 2036 2052
f 2099 2035 2036
f 2111 2099 2037
f 2111 2037 2112
f 2015 2042 2041
f 2059 2043 2050
f 2014 1892 2038
f 2042 2015 2014
f 2038 2042 2014
f 2042 2038 2043
f 2041 2043 2059
f 2041 2059 2060
f 2044 2040 2041
f 2040 2015 2041
f 2044 2041 2060
f 2022 2045 2025
f 2054 2066 2046
f 2054 2046 2055
f 2054 2024 2064
f 2039 2048 2047
f 2047 2049 2043
f 1902 2350 2048
f 2043 2049 2051
f 2034 2054 2055
f 2054 2034 2024
f 2053 2052 2058
f 2052 2055 2056
f 2056 2057 2058
f 2052 2056 2058
f 2037 2053 2128
f 2074 2065 2071
f 2082 2069 2073
f 2065 2060 2061
f 2063 2060 2065
f 2064 2067 2066
f 2068 2067 2073
f 2064 2063 2067
f 2062 2063 2064
f 2062 2045 2063
f 2063 2065 2074
f 2068 2073 2069
f 2069 2046 2068
f 2066 2067 2068
f 2061 2050 2065
f 2065 2050 2070
f 2065 2070 2071
f 2051 2072 2070
f 2070 2072 2071
f 2071 2072 2375
f 2073 2067 2075
f 2075 2071 2077
f 2078 2075 2077
f 2076 2078 2087
f 2081 2057 2080
f 2081 2080 2089
f 2079 2083 2080
f 2079 2069 2083
f 2083 2069 2082
f 2057 2056 2080
f 2150 2057 2081
f 2150 2081 2090
f 2085 2082 2388
f 2084 2083 2082
f 2084 2082 2085
f 2080 2084 2089
f 2089 2085 2086
f 2086 2085 2088
f 2091 2092 2093
f 2091 2088 2092
f 2081 2089 2091
f 2091 2089 2086
f 2090 2081 2091
f 2095 2092 2400
f 2094 2401 2399
f 2094 2095 2401
f 2399 2093 2094
f 2401 2400 2398
f 2145 2137 2439
f 2154 2165 2172
f 2129 2148 2130
f 2139 2133 2153
f 2139 2153 2171
f 2173 2140 2171
f 2175 2140 2173
f 2488 2147 2175
f 2099 2111 2100
f 2100 2111 2101
f 2031 2098 1919
f 2098 2099 2100
f 2109 2101 2113
f 2108 2101 2109
f 2100 2101 2108
f 2101 2111 2113
f 2106 2110 2122
f 2097 2098 2102
f 2102 2098 2105
f 2117 2106 2118
f 2116 2104 2117
f 2108 2110 2106
f 2107 2108 2106
f 2110 2108 2109
f 2143 2121 2138
f 2131 2130 2132
f 2126 2121 2143
f 2122 2114 2118
f 2109 2114 2110
f 2131 2121 2120
f 2115 2114 2109
f 2123 2115 2109
f 2117 1999 2116
f 2110 2114 2122
f 2126 2120 2121
f 2124 2123 2125
f 2115 2123 2124
f 2123 2126 2125
f 2124 2125 2134
f 2112 2037 2127
f 2112 2127 2113
f 2113 2131 2120
f 2127 2129 2113
f 2138 2132 2139
f 2132 2130 2133
f 2121 2131 2132
f 2138 2121 2132
f 2132 2133 2139
f 2140 2139 2171
f 2135 2125 2144
f 2134 2125 2135
f 2125 2126 2136
f 2125 2142 2144
f 2144 2142 2137
f 2144 2137 2145
f 2138 2139 2140
f 2143 2138 2140
f 2141 2136 2143
f 2142 2136 2141
f 2141 2143 2442
f 2442 2143 2147
f 2147 2143 2175
f 2143 2140 2175
f 2012 2145 2146
f 2135 2144 2145
f 2134 2135 2012
f 2013 2134 2012
f 2146 2145 2460
f 2461 2146 2462
f 2461 2012 2146
f 2155 2152 2160
f 2148 2152 2155
f 2152 2151 2162
f 2160 2152 2162
f 2155 2160 2167
f 2155 2167 2165
f 2148 2149 2151
f 2149 2150 2151
f 2148 2151 2152
f 2155 2165 2154
f 2166 2157 2164
f 2162 2159 2163
f 2162 2161 2160
f 2160 2157 2166
f 2161 2164 2157
f 2160 2161 2157
f 2162 2151 2159
f 2158 2156 2096
f 2159 2158 2096
f 2159 2465 2163
f 2164 2161 2162
f 2164 2162 2467
f 2467 2162 2163
f 2165 2167 2169
f 2167 2164 2169
f 2167 2160 2166
f 2174 2165 2169
f 2170 2164 2168
f 2169 2164 2170
f 2170 2492 2490
f 2174 2169 2170
f 2171 2154 2172
f 2173 2172 2174
f 2173 2171 2172
f 2489 2173 2174
f 2489 2174 2490
f 2488 2173 2489
f 2174 2170 2490
f 2176 2185 2191
f 2208 2180 2213
f 2213 2194 2193
f 2218 2246 2227
f 2227 2246 2308
f 2208 2179 2180
f 2179 2178 2176
f 1866 2178 1863
f 1866 2176 2178
f 2177 2179 2208
f 2179 2176 2191
f 2179 2191 2180
f 2191 2185 2180
f 2199 2192 2189
f 2182 2181 2184
f 1866 2181 2176
f 2181 2183 2184
f 2176 2182 2185
f 2186 2187 2184
f 2186 1883 2188
f 2186 2188 2187
f 2184 2189 2182
f 2187 2190 2196
f 2189 2187 2196
f 2194 2185 2192
f 2194 2192 2195
f 2185 2182 2192
f 2193 2194 2218
f 2192 2199 2195
f 2199 2189 2198
f 2189 2196 2197
f 2189 2197 2198
f 2196 2198 2197
f 2199 2198 2245
f 2218 2199 2246
f 2195 2199 2218
f 2246 2199 2245
f 2207 2177 2208
f 1899 2202 1901
f 2202 2210 2204
f 2204 2211 2217
f 2204 2205 2206
f 2202 2201 2203
f 2210 2202 2203
f 2200 2202 1897
f 2203 2201 2207
f 2210 2203 2207
f 2202 2204 1901
f 1901 2204 2206
f 1901 2206 1902
f 1902 2206 2350
f 2212 2209 2219
f 2211 2207 2209
f 2207 2208 2209
f 2210 2211 2204
f 2211 2209 2212
f 2217 2211 2212
f 2209 2208 2213
f 2209 2213 2214
f 2219 2209 2214
f 2214 2213 2193
f 2205 2204 2215
f 2216 2205 2215
f 2217 2212 2221
f 2215 2221 2220
f 2215 2220 2216
f 2221 2212 2219
f 2225 2219 2214
f 2214 2193 2225
f 2219 2225 2226
f 2220 2221 2223
f 2220 2416 2356
f 2222 2221 2219
f 2416 2220 2223
f 2224 2222 2226
f 2416 2223 2224
f 2226 2228 2233
f 2193 2227 2225
f 2227 2228 2225
f 2228 2226 2225
f 2227 2308 2313
f 2227 2313 2230
f 2228 2227 2230
f 2232 2229 2230
f 2228 2230 2229
f 2230 2315 2232
f 2422 2231 2423
f 2422 2224 2231
f 2224 2226 2231
f 2235 2231 2233
f 2234 2232 2325
f 2236 2234 2325
f 2426 2236 2325
f 2229 2232 2234
f 2235 2233 2234
f 2233 2229 2234
f 2235 2234 2236
f 2255 1966 2256
f 2286 2309 2310
f 2322 2319 2342
f 2333 2286 2310
f 2312 2311 2344
f 2282 2283 2312
f 2302 2305 1812
f 1961 1966 2237
f 2251 2241 2247
f 2190 2240 2196
f 2240 2238 2239
f 2255 2249 2248
f 2188 2237 2190
f 1883 1962 2237
f 2237 2238 2190
f 1966 2255 2237
f 2238 2237 2239
f 2237 2255 2239
f 2248 2239 2255
f 2198 2241 2242
f 2240 2247 2241
f 2245 2242 2306
f 2245 2198 2242
f 2242 2243 2244
f 2246 2245 2306
f 2252 2251 2253
f 2239 2248 2247
f 2250 2247 2248
f 2251 2247 2250
f 2248 2249 2250
f 2253 2249 2268
f 2243 2251 2252
f 2243 2252 2244
f 2252 2253 2270
f 2249 2266 2267
f 2266 2277 2275
f 2279 2277 2264
f 2258 2256 2257
f 2255 2256 2258
f 1990 2257 2256
f 2255 2266 2249
f 2262 2264 2261
f 2259 2260 2262
f 2257 2259 2262
f 2262 1992 2264
f 2258 2277 2266
f 2277 2258 2263
f 2277 2263 2264
f 2268 2249 2267
f 2271 2270 2254
f 2269 2268 2281
f 2310 2271 2272
f 2254 2272 2271
f 2310 2273 2274
f 2273 2282 2274
f 2254 2273 2272
f 2284 2275 2278
f 2284 2268 2275
f 2280 2278 2279
f 2284 2280 2285
f 2278 2275 2276
f 2277 2276 2275
f 2279 2276 2277
f 2280 2279 2265
f 2273 2281 2282
f 2282 2281 2283
f 2281 2284 2285
f 2311 2283 2285
f 2305 2302 1814
f 2304 2294 2337
f 2293 2292 2304
f 2297 2296 2289
f 2301 2298 2291
f 2291 2011 2461
f 2291 2461 2290
f 2297 2011 2298
f 2300 2291 2290
f 2292 2293 2294
f 2304 2292 2294
f 2265 2289 2296
f 2296 2285 2265
f 2265 2285 2280
f 2303 2337 2347
f 2295 2297 2301
f 2295 2301 2347
f 2288 2301 2300
f 2290 2299 2300
f 2288 2302 2304
f 2304 2302 2293
f 2301 2303 2347
f 2308 2306 2244
f 2308 2246 2306
f 2318 2308 2307
f 2307 2252 2309
f 2318 2307 2309
f 2286 2318 2309
f 2335 2282 2312
f 2310 2309 2271
f 2314 2318 2321
f 2330 2326 2331
f 2328 2327 2323
f 2328 2323 2348
f 1840 2332 2328
f 2324 2316 2317
f 2313 2316 2315
f 2313 2308 2314
f 2313 2314 2316
f 2316 2314 2321
f 2322 2321 2319
f 2317 2322 2323
f 2318 2319 2321
f 2320 2318 2286
f 2325 2324 2329
f 2324 2317 2326
f 2317 2327 2326
f 2329 2326 2330
f 2507 2329 2330
f 2331 2326 2328
f 2331 2332 2509
f 2345 2339 2344
f 2348 2323 2343
f 2337 2338 2295
f 2341 2342 2336
f 2337 2346 2340
f 2341 2336 2339
f 2343 2340 2346
f 2345 2340 2341
f 2334 2320 2335
f 2335 2333 2274
f 2342 2334 2336
f 2339 2336 2344
f 2338 2340 2345
f 2337 2340 2338
f 2343 2342 2341
f 2323 2342 2343
f 2345 2341 2339
f 2345 2296 2338
f 2344 2311 2296
f 2293 1810 2294
f 2349 1815 1837
f 2435 2420 2421
f 2385 2366 2408
f 2420 2382 2387
f 2371 2369 2368
f 2363 2359 2386
f 2352 2216 2355
f 2049 2350 2351
f 2350 2205 2351
f 2205 2216 2351
f 2351 2352 2049
f 2051 2353 2374
f 2353 2352 2358
f 2358 2352 2355
f 2353 2354 2374
f 2355 2216 2357
f 2216 2356 2357
f 2220 2356 2216
f 2361 2357 2413
f 2362 2413 2364
f 2358 2359 2360
f 2355 2359 2358
f 2360 2359 2363
f 2358 2360 2353
f 2353 2360 2354
f 2362 2364 2365
f 2362 2365 2359
f 2359 2365 2386
f 2420 2367 2382
f 2371 2367 2420
f 2373 2407 2372
f 2408 2372 2409
f 2368 2431 2372
f 2372 2431 2432
f 2366 2370 2408
f 2408 2370 2372
f 2370 2371 2368
f 2372 2432 2373
f 2373 2438 2479
f 2479 2411 2373
f 2377 2354 2378
f 2078 2380 2383
f 2383 2380 2384
f 2376 2375 2377
f 2078 2077 2376
f 2077 2375 2376
f 2078 2376 2380
f 2087 2078 2392
f 2376 2377 2378
f 2354 2360 2363
f 2354 2363 2378
f 2367 2381 2382
f 2381 2379 2378
f 2381 2378 2382
f 2383 2384 2385
f 2385 2384 2381
f 2363 2386 2378
f 2382 2386 2387
f 2389 2390 2410
f 2397 2391 2389
f 2394 2388 2392
f 2388 2087 2392
f 2390 2391 2406
f 2389 2391 2390
f 2391 2394 2406
f 2394 2392 2393
f 2397 2395 2396
f 2464 2404 2469
f 2395 2404 2402
f 2396 2402 2398
f 2402 2401 2398
f 2464 2401 2402
f 2464 2402 2404
f 2096 2466 2465
f 2404 2410 2403
f 2404 2395 2410
f 2405 2404 2403
f 2405 2403 2412
f 2390 2406 2407
f 2412 2403 2411
f 2412 2411 2479
f 2357 2414 2413
f 2413 2417 2415
f 2364 2413 2415
f 2413 2416 2417
f 2436 2415 2418
f 2417 2418 2415
f 2364 2419 2365
f 2419 2436 2421
f 2387 2421 2420
f 2387 2419 2421
f 2386 2419 2387
f 2426 2427 2235
f 2424 2418 2423
f 2424 2427 2428
f 2437 2418 2424
f 2437 2436 2418
f 2425 2437 2430
f 2437 2424 2430
f 2428 2427 2426
f 2428 2426 2507
f 2429 2425 2430
f 2430 2428 2502
f 2502 2429 2430
f 2434 2435 2421
f 2434 2369 2435
f 2369 2371 2435
f 2431 2433 2432
f 2435 2371 2420
f 2421 2436 2437
f 2425 2434 2437
f 2429 2433 2425
f 2500 2438 2429
f 2427 2423 2235
f 2452 2486 2481
f 2479 2452 2481
f 2497 2498 2454
f 2486 2454 2498
f 2494 2147 2488
f 2451 1826 2456
f 2450 2443 2444
f 2441 2137 2142
f 2450 2444 2453
f 2443 2440 2439
f 2443 2439 2441
f 2137 2441 2439
f 2439 2440 2460
f 2448 2445 2443
f 2448 2443 2450
f 2443 2141 2444
f 2443 2441 2141
f 2444 2141 2442
f 2455 2147 2494
f 2442 2147 2455
f 2453 2455 2454
f 1821 2449 1824
f 2445 2448 2447
f 1820 1809 2445
f 1820 2445 2446
f 2447 2448 1827
f 1827 2448 2450
f 2446 2449 1821
f 1826 2450 2456
f 2458 2452 2456
f 2505 2506 2451
f 2479 2438 2505
f 2486 2452 2458
f 2457 2453 2459
f 2456 2450 2457
f 2450 2453 2457
f 2459 2453 2454
f 2455 2497 2454
f 2457 2459 2456
f 2463 2290 2462
f 2462 2460 2463
f 2290 2461 2462
f 2463 2440 2290
f 2463 2460 2440
f 2480 2483 2485
f 2473 2472 2482
f 2470 2480 2477
f 2473 2468 2472
f 2472 2466 2471
f 2474 2470 2477
f 2163 2466 2472
f 2467 2468 2470
f 2472 2467 2163
f 2474 2467 2470
f 2470 2468 2473
f 2470 2473 2480
f 2168 2474 2475
f 2492 2475 2476
f 2477 2480 2485
f 2478 2485 2499
f 2478 2475 2485
f 2476 2478 2493
f 2482 2483 2480
f 2483 2482 2481
f 2499 2485 2483
f 2483 2484 2499
f 2499 2484 2487
f 2481 2486 2484
f 2487 2484 2486
f 2487 2486 2498
f 2495 2493 2478
f 2488 2489 2491
f 2494 2491 2493
f 2494 2488 2491
f 2476 2490 2492
f 2491 2490 2476
f 2497 2494 2496
f 2494 2497 2455
f 2495 2478 2499
f 2497 2496 2498
f 2498 2499 2487
f 2506 2500 2501
f 2507 2426 2329
f 2500 2429 2502
f 2501 1826 2451
f 2504 2502 2428
f 1836 2504 1831
f 1841 1815 1823
f 1822 1829 1823
f 2504 1838 1831
f 2504 2507 2508
f 2510 2509 2332
