# decimated from body_3d.obj (Moraes reconstruction)
v -3.964951 25.365850 -77.275661
v -4.434256 24.147049 -77.624746
v -4.635330 23.934674 -77.273131
v -4.011888 24.773459 -77.274987
v -2.836904 24.679874 -76.383263
v -2.758128 25.059025 -77.224914
v -2.055904 24.846878 -77.283549
v -2.185975 24.715101 -77.462801
v -2.790124 25.530591 -77.175707
v -1.859484 25.071021 -77.875845
v -1.716701 24.746111 -77.642880
v -3.594373 25.382541 -78.485320
v -2.097474 25.295111 -77.787822
v -1.479258 24.861092 -77.460957
v -1.148058 24.906209 -77.732851
v -0.481682 25.625359 -77.628486
v -0.178628 26.057228 -77.094573
v -1.012650 25.600008 -78.303361
v -1.608670 24.898130 -77.082598
v -2.881615 25.553676 -78.456162
v -4.678234 24.691116 -78.190643
v -4.897118 24.971746 -79.227167
v -1.365489 26.079791 -78.977794
v -1.964582 25.178294 -75.248198
v -5.225233 23.728839 -77.801130
v -3.978528 24.332390 -76.634820
v -1.625799 25.317462 -73.037264
v -3.443019 25.855279 -79.445615
v -1.967132 24.260812 -84.473772
v -0.113277 26.203204 -78.930766
v -1.639229 26.071476 -80.332906
v -3.036527 24.646131 -83.403399
v -5.667561 23.460882 -78.044708
v -5.907382 23.556306 -78.866763
v -6.411478 22.084330 -78.069059
v -6.087707 21.378529 -79.988176
v -6.239004 20.513199 -73.922169
v -0.731864 26.839454 -74.534284
v -0.227691 27.341520 -74.515138
v -0.167489 28.000038 -72.451004
v -0.739910 27.643912 -72.634462
v 0.036663 26.689646 -72.092630
v -0.516829 27.036511 -72.526636
v -0.984187 25.969436 -72.564714
v -1.477405 26.437026 -73.238545
v -1.159742 25.851695 -72.622253
v -0.779208 26.323056 -72.981307
v -1.985858 25.601674 -70.794599
v -1.193529 26.360029 -72.871978
v -0.919985 26.969174 -72.736244
v -1.344252 25.853762 -69.677375
v -1.960811 24.681206 -70.150583
v -1.820544 25.150222 -70.247793
v -0.998521 26.166204 -70.450403
v -1.719420 25.107482 -70.273448
v -0.904304 25.810843 -70.396603
v -1.267921 25.970323 -70.118134
v 0.082928 26.330339 -69.734786
v -0.583338 26.291068 -70.166178
v -0.544808 26.678441 -70.645592
v -1.011848 25.864388 -70.384699
v -0.000001 25.818011 -70.224657
v -0.985878 25.515228 -70.702097
v -0.483022 25.805768 -70.446503
v -1.443662 25.023601 -70.270671
v 0.263286 25.823878 -70.339107
v -1.638618 25.137872 -70.384974
v -2.006339 25.051884 -72.049990
v -1.333822 25.509050 -71.454932
v -0.020555 25.803539 -69.516288
v -2.896541 23.357075 -70.124502
v -0.849292 25.523961 -69.431905
v -1.985798 24.440299 -69.108199
v 0.037119 25.787015 -71.440836
v -1.728457 24.269822 -68.649064
v -2.252762 24.247252 -72.584739
v -0.659487 24.655712 -73.319185
v -1.606985 25.332924 -72.408951
v -1.742473 23.321296 -68.196653
v -0.012626 25.567915 -72.062781
v 0.536227 23.913908 -67.578352
v -2.560473 22.819637 -73.395931
v -2.493731 23.157554 -68.494954
v -0.877939 23.184954 -74.315708
v -0.597140 24.237776 -67.739393
v -0.000860 23.267221 -73.694746
v -0.004363 21.179066 -66.840382
v -3.795085 19.973088 -71.338173
v -2.892520 20.906606 -73.803687
v -2.989098 20.025204 -68.725827
v -1.145388 21.072352 -74.684357
v -0.793190 20.400600 -67.026100
v -2.090331 20.284362 -67.566768
v 0.000195 21.064689 -74.048556
v -2.624571 18.686974 -73.485092
v -3.002794 18.322649 -68.943874
v -0.513883 17.133288 -65.540249
v -2.284130 17.079030 -67.470011
v 0.004959 18.921498 -73.653369
v -2.114994 16.619605 -72.563919
v -3.335505 16.086195 -71.205418
v -2.839055 16.517137 -72.136284
v -2.400147 15.841955 -69.779182
v -1.553797 16.826396 -72.661526
v -1.968425 15.740782 -68.418131
v 0.004308 16.964715 -72.682943
v -0.591291 16.800432 -72.909398
v -0.478945 15.823310 -67.339412
v -1.437252 15.608262 -71.503202
v -1.593037 15.478239 -69.863025
v 0.000047 15.798302 -71.297587
v -0.315288 15.565098 -69.813399
v -2.086810 25.127369 -69.841754
v -2.751616 25.857046 -80.482380
v -4.030120 24.622091 -82.046632
v -4.996371 24.092711 -80.868118
v -5.858845 22.361850 -80.513144
v -1.133259 25.438767 -68.337073
v -0.286455 25.673671 -68.691119
v -0.183027 24.852814 -65.969785
v -5.216256 16.307454 -70.236526
v -1.201455 23.246946 -65.638118
v -5.739535 13.886894 -70.090982
v -4.785626 14.789678 -66.779580
v -4.862382 14.158869 -64.722312
v -4.869323 14.793019 -63.145109
v -5.327780 12.509098 -63.118564
v -6.259378 13.768629 -61.415819
v -4.471524 16.314045 -67.820650
v -4.471897 15.792445 -65.268165
v -5.474743 15.088465 -61.357486
v -5.574555 15.714225 -60.444328
v -0.475465 22.231462 -65.127024
v -1.111722 20.238405 -64.667422
v -1.432303 19.316390 -63.760894
v 0.000250 19.615010 -63.678950
v -0.596031 19.536970 -62.138193
v -2.720525 17.944279 -59.948054
v -1.143092 18.474910 -59.911578
v -2.218458 18.855010 -63.960831
v -0.238115 18.261093 -58.585840
v -4.284692 17.238509 -58.132436
v -5.242890 13.073771 -67.798921
v -6.099669 11.120991 -62.458040
v -4.947874 11.141832 -65.056016
v -5.162165 10.423239 -63.646394
v -3.915364 10.284817 -68.491896
v -4.819312 11.137051 -66.721137
v -5.548340 9.542380 -62.617974
v -4.389045 9.784044 -64.989652
v -4.519060 8.557310 -62.627630
v -3.220134 9.020664 -65.816490
v -1.023845 8.248936 -66.742910
v -0.448027 7.732540 -62.502411
v -7.083160 14.293041 -79.374367
v -3.907720 10.038070 -86.329715
v -7.139835 12.227067 -81.453501
v -5.969081 16.664577 -72.017588
v -6.711723 12.169757 -75.046920
v -6.367010 13.932310 -84.732620
v -4.774283 13.432853 -86.725925
v -1.638746 13.311831 -87.921656
v -0.531213 16.795257 -88.054622
v -5.131680 12.210308 -69.272703
v -4.547128 10.760649 -70.938079
v -2.921651 9.386900 -69.211566
v -2.105603 8.627172 -70.999818
v -4.666364 19.122642 -67.683850
v -2.352174 24.443249 -68.092782
v -0.211716 28.081681 -73.099519
v -5.481623 23.583708 -74.845927
v -1.257142 25.766194 -75.709317
v -5.356769 19.115744 -70.700220
v -5.801412 17.823939 -71.924594
v -3.092960 22.197007 -66.441088
v -2.329606 19.799734 -65.128741
v -3.984025 16.978954 -62.443980
v -6.413450 11.078356 -74.993839
v -0.105887 6.528989 -74.525808
v -4.975382 8.503592 -76.042738
v -5.013896 7.701993 -79.434611
v -3.530123 6.470193 -79.177784
v -0.000011 5.492274 -76.788434
v -5.863432 9.337988 -82.081834
v -4.276318 8.331379 -84.093595
v -0.000000 7.898320 -85.166210
v -3.458309 16.594998 -87.387675
v -6.832569 15.358630 -83.171533
v -0.266412 24.046747 -85.182632
v -5.654465 17.225468 -85.662052
v -4.570950 19.665834 -86.072035
v -0.641268 8.237756 -70.171144
v -2.753583 7.722587 -84.865218
v -0.000000 19.391292 -87.687016
v -3.613479 17.615083 -65.799968
v -2.171100 8.047900 -64.281040
v -3.342600 8.306770 -63.003465
v -1.825279 8.618587 -69.654399
v -2.553635 20.448563 -86.995796
v -3.493687 25.189780 -77.613048
v -4.035575 24.666853 -77.773665
v -2.043520 24.766116 -77.604918
v -2.418452 25.004474 -77.586541
v -4.467709 23.875573 -77.798472
v -3.406206 24.733547 -77.253190
v -2.138738 24.600105 -77.694418
v -4.205952 24.425525 -78.353231
v -4.686602 23.844161 -77.688235
v -4.055585 24.385025 -77.006019
v -2.749936 24.793360 -76.763460
v -1.912910 24.641409 -78.064947
v -2.588266 24.877529 -78.599571
v -3.487098 24.804023 -78.657134
v -4.672797 23.660280 -78.370791
v -3.969492 23.955031 -76.567600
v -1.989959 23.803061 -76.649751
v -1.826537 24.329196 -78.511777
v -1.771618 24.414546 -77.421893
v -2.555811 24.061049 -79.140074
v -3.778358 23.931704 -79.110164
v -4.521687 23.841972 -77.183538
v -3.566226 23.345439 -76.319622
v -4.649470 23.146432 -77.592297
v -1.613107 23.751944 -78.508804
v -4.220092 22.893128 -76.948993
v -2.974540 23.710504 -76.177257
v -2.211913 23.436223 -79.042731
v -4.269699 23.230340 -78.825079
v -1.647824 22.977057 -77.271747
v -3.380666 23.026499 -79.145254
v -1.439372 23.476399 -77.817366
v -4.172328 22.578412 -78.522700
v -1.849317 22.925795 -78.595552
v -1.842666 22.499893 -77.722050
v -3.842681 22.329721 -76.999496
v -2.902044 22.646435 -76.424663
v -4.076353 22.294473 -77.830002
v -3.096194 22.444421 -78.811854
v -3.461076 21.993103 -77.992644
v -2.985193 22.059079 -77.063112
v -2.440636 22.238299 -78.365497
v -2.247577 22.320678 -77.034608
v -20.270420 16.755852 -52.626173
v -17.763412 17.847342 -51.503805
v -14.251217 19.721751 -49.189828
v -13.286158 20.370259 -47.653533
v -19.473275 16.679125 -54.494888
v -16.233279 17.655451 -53.230694
v -13.126194 19.670587 -50.728719
v -12.309943 20.677333 -48.908146
v -17.298227 16.452709 -56.330017
v -10.701344 20.294941 -51.286719
v -10.097541 21.573412 -48.935820
v -11.196126 16.166127 -56.946111
v -16.865717 12.935534 -58.993512
v -12.145286 17.932167 -54.220902
v -7.611278 20.931324 -51.080796
v -12.096495 15.080207 -58.043057
v -0.043936 22.840211 -47.069846
v -24.274718 13.776698 -46.345994
v -22.505663 15.440158 -48.583015
v -16.408123 18.288524 -47.781104
v -15.551746 18.387903 -46.687399
v -21.910764 15.384414 -45.286900
v -20.126193 15.566698 -41.398190
v -16.583833 12.715871 -46.096903
v -14.752548 11.963287 -38.460086
v -23.417718 14.394206 -51.019328
v -16.004763 18.974267 -48.688159
v -14.857182 19.379320 -46.978106
v -18.047990 14.709610 -45.582570
v -16.943053 15.355809 -46.706087
v -16.240240 14.795120 -45.691200
v -15.209092 16.462840 -43.706369
v -21.507814 15.569439 -54.112942
v -19.567430 15.150510 -57.047570
v -15.826567 15.398756 -57.782462
v -23.121045 15.472586 -41.635156
v -22.228758 15.758186 -50.653980
v -23.244981 14.682280 -45.294147
v -8.781893 15.137156 -58.722463
v -2.609250 5.760633 -58.678760
v -0.000000 6.700790 -58.824040
v -3.275527 7.349826 -61.037716
v -10.978959 5.999956 -58.988714
v -4.974534 21.804860 -50.799838
v -2.678817 18.710981 -55.603067
v -12.605480 7.265462 -59.512552
v -8.135827 13.114415 -60.964571
v -8.571947 12.022450 -61.509371
v -13.732168 10.092373 -60.697402
v -5.187389 7.675408 -61.228236
v -0.000000 6.701290 -59.925530
v -0.083975 7.687644 -61.026011
v -6.812092 8.998612 -61.698193
v -7.838435 10.816025 -61.855071
v -2.681871 20.969432 -52.446595
v -2.805215 22.754986 -49.203322
v -6.902151 18.833315 -54.847187
v -2.308752 17.970290 -57.184550
v -7.888896 16.475349 -57.394712
v -12.621168 13.596246 -58.974597
v -1.002327 19.481843 -54.401596
v -0.054767 18.568879 -55.885881
v -6.892170 5.051410 -58.293340
v -14.915597 11.510714 -60.151461
v -0.118298 5.801336 -57.522527
v -7.714850 3.796010 -57.209010
v -9.675197 4.507544 -57.027836
v -12.411706 4.730829 -56.789476
v -15.880159 7.257485 -58.090514
v -18.704870 9.514820 -58.232280
v -19.748680 11.240510 -58.058830
v -20.154987 13.256985 -57.565515
v -18.040831 5.861215 -54.735734
v -12.623023 2.820407 -45.695790
v -12.424376 3.257435 -53.365236
v -11.970220 2.277800 -50.980330
v -11.025880 2.940810 -42.608660
v -9.744774 1.533134 -49.923400
v -7.830290 2.038043 -53.607254
v -6.776066 1.033283 -42.866679
v -5.850268 1.657460 -52.319119
v -5.211777 1.261931 -44.654679
v -2.545181 3.984856 -54.451242
v -0.058073 2.441934 -43.888777
v 0.010450 4.464730 -53.718524
v 0.007140 2.655400 -46.691390
v -18.905671 7.399623 -56.330178
v -21.041144 9.228369 -56.421552
v -21.924651 11.076704 -55.938680
v -21.790171 13.692940 -55.650023
v -22.909486 13.880342 -53.564762
v -17.863392 4.842681 -49.492002
v -14.289090 6.445598 -43.809628
v -22.444090 7.344601 -51.981535
v -23.344057 8.891092 -52.534463
v -24.010606 10.792901 -51.970434
v -19.123123 5.256062 -51.105913
v -14.692295 3.637090 -50.800465
v -15.228950 9.366595 -43.997746
v -14.685494 8.760665 -40.830096
v -24.266924 8.980102 -49.780278
v -15.963027 8.572974 -45.968689
v -15.565292 12.270062 -42.475932
v -23.367365 7.720551 -48.434281
v -25.217552 10.600873 -46.936223
v -20.758907 6.024109 -48.046274
v -16.612840 10.938810 -45.748360
v -24.752690 9.221797 -46.249623
v -24.977329 12.372889 -46.870845
v -17.128909 10.639441 -42.854695
v -23.794434 8.429690 -43.371271
v -24.664874 13.062049 -43.109461
v -21.837789 7.230277 -44.091458
v -16.903426 8.336930 -43.453599
v -15.128210 7.349110 -45.239670
v -23.946407 12.703177 -51.538971
v -21.324427 6.358787 -50.691965
v -20.871664 16.064628 -47.889010
v -18.003976 17.676653 -48.097134
v -19.057426 5.673299 -48.187549
v -19.132267 7.006333 -42.114292
v -11.996809 4.612963 -37.827240
v -13.366721 4.632003 -43.201713
v -18.109103 13.405018 -40.635538
v -24.752316 9.701504 -39.944683
v -22.972264 7.802365 -39.232982
v -17.191972 9.867108 -39.317086
v -17.362435 11.541098 -39.065583
v -20.777213 7.044238 -40.977345
v -22.066166 16.129958 -39.990545
v -19.291182 14.790641 -40.797634
v -18.255911 12.635957 -35.944844
v -23.874942 15.149910 -39.671868
v -24.165327 8.990289 -36.570833
v -24.940136 10.758476 -41.114729
v -24.603758 13.561468 -40.395109
v -17.618608 8.988492 -39.002974
v -24.296506 15.675055 -34.106941
v -25.527128 13.805361 -33.305933
v -18.381039 11.441453 -33.652249
v -25.004777 14.821990 -34.013103
v -23.365908 16.389237 -34.535715
v -22.014383 16.597173 -33.812411
v -20.566666 15.603268 -31.022498
v -19.730201 14.168280 -29.948948
v -23.000713 8.637279 -34.185431
v -19.093023 9.485035 -33.237466
v -21.262484 8.851178 -31.327846
v -9.162885 22.934684 -42.910010
v -9.747391 22.701621 -44.173010
v -7.716389 23.192399 -44.477090
v -8.330306 23.204717 -43.137557
v -10.468940 22.188970 -43.421039
v -6.163265 23.404404 -41.159494
v -11.287208 20.690813 -40.562221
v -4.776840 23.764330 -43.698196
v -8.497129 22.591056 -40.834433
v -11.679358 21.139294 -44.572156
v -10.723401 21.645428 -45.622672
v -6.182392 23.133261 -47.089260
v -3.079521 23.719366 -45.114428
v -2.582299 23.667028 -42.477717
v -7.056512 22.206808 -38.296500
v -8.046067 21.481173 -37.756227
v -11.107259 19.257883 -37.626639
v -12.505122 20.355946 -42.351291
v -13.653788 19.800628 -44.292405
v -8.948016 22.612719 -45.349354
v 0.005075 23.308530 -40.906470
v 6.344371 26.263158 -1.708137
v 3.112431 28.282570 -4.159466
v 2.733500 27.402954 -3.828611
v 7.059525 23.441419 -1.238756
v 6.465703 25.072331 -1.252319
v 7.086653 25.173840 -1.945422
v 7.283468 23.836832 -2.061251
v 6.494290 24.063334 -0.852815
v 5.176643 28.533079 -3.314754
v 6.129158 23.723523 -1.087495
v 2.961987 27.847712 -3.784693
v 4.033867 27.258503 -2.862135
v 3.668966 27.098122 -5.942794
v 3.451812 28.508007 -4.684721
v 6.729548 26.231149 -1.964488
v 4.195131 27.829556 -2.651050
v 5.517544 27.307654 -4.461319
v 4.513300 26.658027 -3.744599
v 4.709759 28.359533 -2.840834
v 5.566691 28.256395 -3.814670
v 5.356040 25.789484 -1.676181
v 5.511217 25.311878 -2.848671
v 6.351363 23.342516 -1.964984
v 6.789949 25.778367 -3.079127
v 6.606148 23.581206 -2.408161
v 4.797735 26.164537 -3.931142
v 5.036850 26.800519 -4.199680
v 5.892478 25.347265 -3.161953
v 4.083918 26.901889 -3.276722
v 5.731959 24.005757 -1.691111
v 6.648091 23.650830 -0.869540
v 2.139167 26.259295 -4.290586
v 4.306847 26.330895 -3.142988
v 6.888079 25.017035 -1.870071
v 7.279959 23.458943 -1.691814
v 6.852767 26.200110 -2.529098
v 5.227780 25.449187 -2.297382
v 4.882081 25.616997 0.950768
v 5.414524 26.009936 0.812607
v 2.433074 28.392787 -2.714611
v 1.171297 26.691688 -1.720177
v 2.226849 27.007562 -0.840085
v 2.468891 27.315797 -3.487226
v 6.055037 24.848483 1.320252
v 6.310434 24.570145 1.013012
v 5.721963 24.096589 1.690016
v 6.865847 23.395842 0.511625
v 3.101535 27.076863 -2.843423
v 4.404181 28.400360 -0.681362
v 5.820503 26.053420 0.500112
v 3.870502 25.735812 -0.657171
v 5.363848 26.156384 -1.148810
v 4.486444 25.335154 0.641059
v 4.720118 27.451230 -1.660093
v 3.498603 27.862815 0.054414
v 4.026782 28.291885 -0.206836
v 6.172222 25.715210 -0.036958
v 5.316361 24.836858 -0.490507
v 5.056084 24.416311 -0.050534
v 6.441474 25.007947 0.819099
v 6.165142 25.056136 -0.305269
v 7.160332 23.345837 1.149147
v 6.697940 22.936650 0.826610
v 3.453387 26.573043 -2.222721
v 4.250408 26.840980 -1.621491
v 5.910165 23.165810 0.514812
v 3.457874 26.608550 -1.030220
v 2.438963 26.473000 -1.391327
v 6.841249 23.214341 1.749220
v 4.586577 24.929387 0.409225
v 0.320075 28.392665 -0.126524
v 0.902248 28.143229 -1.127411
v 2.793442 25.437446 2.279602
v 1.003677 27.014159 -1.447003
v 3.942614 23.826640 2.833298
v 5.242623 23.343246 2.246637
v 3.006297 25.144236 1.460943
v -0.060154 26.185555 -1.027831
v 3.715155 23.911320 1.537844
v 4.361007 25.088996 2.468371
v 3.161174 25.724201 2.552850
v 3.988285 25.536079 0.955520
v 2.006994 28.277142 0.919052
v 1.609401 26.479817 0.356480
v 2.399500 28.172999 0.320628
v 1.183926 27.201293 1.298040
v 4.327137 25.750422 1.376519
v 3.844930 26.091017 2.368839
v 5.018632 23.587157 1.685720
v 3.968606 24.830955 2.753207
v 0.485518 26.464855 -1.457661
v 1.949152 26.670786 -0.018263
v 3.436311 25.267077 1.111311
v 4.168355 24.174314 1.210102
v 0.049053 26.469378 -0.142091
v 1.228013 26.702812 1.058476
v -0.957722 26.105328 -0.602093
v 1.013531 26.678090 0.811543
v 4.721212 23.139951 2.559437
v 4.730867 24.829193 2.107957
v 4.625959 23.340699 2.993818
v 2.726791 25.280265 1.998203
v 0.079472 25.933209 2.735564
v 0.485839 26.392570 2.722630
v 0.800080 26.627157 2.331306
v -1.565571 27.620932 0.884972
v -2.372474 26.362411 0.983393
v 1.746142 25.261806 2.452874
v 1.412042 24.666006 3.334382
v 1.280613 25.190354 3.024947
v 2.047908 24.788082 2.625763
v 1.121108 24.385932 2.157034
v -0.297030 26.517477 0.528485
v -0.707691 27.445423 1.359389
v -0.039755 26.816419 0.797904
v -0.341992 25.617636 1.374336
v -1.097907 27.232548 1.711556
v -0.943324 26.320541 2.027155
v 0.225283 25.380120 2.097593
v 1.016370 25.992856 1.561717
v 0.823775 25.537957 3.136919
v 1.367105 25.956174 2.611034
v -0.062080 25.458142 1.579784
v -1.854306 26.010922 1.035739
v 0.768547 24.423140 2.607139
v 1.405364 24.105432 2.987189
v 1.725211 24.484887 3.318632
v 4.739683 22.957233 -7.094922
v 4.262382 24.729300 -7.196200
v 3.965428 24.508082 -7.625997
v 4.880933 24.058439 -6.520661
v 3.932952 23.413593 -7.897005
v 4.572224 24.566640 -6.745633
v 3.299253 23.633713 -6.594018
v 3.224430 24.143846 -9.006134
v 3.115064 25.011805 -7.438175
v 1.733034 23.786354 -7.618708
v 3.012010 23.611365 -9.178943
v 2.341070 25.112549 -7.971769
v 2.050293 24.870208 -7.704743
v 1.414735 23.217469 -9.132035
v 3.020558 23.099947 -8.693377
v 3.673212 22.646619 -7.396573
v 3.128326 24.721587 -6.895764
v 1.705501 23.201547 -8.219969
v 4.501681 23.003571 -6.592592
v 4.968176 23.321446 -6.982764
v 2.937951 22.908569 -7.100960
v 1.831247 24.527592 -7.600267
v 4.417488 23.962173 -6.322559
v 3.811483 24.027855 -7.951697
v 3.150589 24.703479 -8.251612
v 7.216379 24.469012 -2.187657
v 4.008208 28.213601 -5.221122
v 5.680163 27.883073 -4.090177
v 5.862776 26.043979 -1.494973
v 6.536029 24.894960 -1.407424
v 7.067758 23.879071 -1.293413
v 5.373804 26.845057 -0.669463
v 4.709301 28.070040 -1.285764
v 1.178421 27.600092 -1.709674
v 6.834432 24.210530 0.614790
v 5.947893 24.422536 1.592899
v 4.167421 26.054217 1.713425
v 4.094535 24.631692 2.709661
v 5.248539 23.935410 2.068741
v -0.678648 28.220585 -0.409396
v 1.475493 27.758707 1.361130
v 2.578073 27.744574 -0.164972
v 4.939608 23.748635 2.655553
v -1.551278 27.633974 -0.260163
v 1.254685 26.200931 1.925892
v -0.368386 27.235408 0.807345
v 5.498713 26.739480 -4.247662
v 4.512159 26.296885 -2.500208
v 2.157605 26.399226 -3.671052
v 2.911616 26.743370 -4.144949
v 4.176821 26.808002 -5.309056
v 6.487016 25.503013 -3.300086
v 4.913186 25.666696 -1.200407
v 6.363366 23.480460 1.948401
v 3.692370 25.795385 -0.036044
v 5.405841 23.544288 1.163271
v 6.027777 22.925108 1.586436
v 3.147326 27.199221 -0.139462
v 5.723605 25.061431 -0.587212
v 2.437519 27.210025 -0.274494
v 3.409623 23.988852 2.079534
v 4.093899 23.215046 2.280734
v -0.191676 26.055716 0.788960
v 1.967608 24.542715 2.379599
v 0.729382 25.654631 1.546325
v 1.005615 24.707535 3.237439
v 2.030373 24.446422 2.902677
v -0.826559 25.897284 1.831637
v 0.128781 25.485046 2.580447
v 2.926153 26.480161 -5.431998
v 0.708591 28.926474 -2.473748
v 2.039008 28.734325 -2.346494
v 1.181594 25.810517 -2.868466
v 0.714598 25.871573 -2.956582
v -1.006961 28.775373 -0.954093
v -0.864352 28.816288 -1.531380
v -2.437010 28.131824 -0.998654
v -2.398570 26.945201 1.036721
v -2.307987 27.993738 0.143458
v -1.578633 26.272491 -0.158006
v 1.223111 25.823949 -5.663530
v -1.038785 25.815305 -1.891686
v -2.936808 25.544198 -0.389880
v -2.887698 27.717396 0.326516
v -1.355820 24.084023 -11.145091
v -1.201541 23.530651 -10.367151
v 1.984628 28.606995 -4.826781
v 3.175640 28.447560 -5.713846
v 0.587180 26.936297 -8.115342
v -0.734630 25.962251 -5.080977
v -1.870407 26.058494 -3.668044
v -3.502151 26.061854 -0.009163
v 0.063750 28.355397 -2.013322
v -3.437213 28.194344 -9.717127
v -3.997278 27.028013 -0.381875
v -1.306040 29.142504 -4.860495
v -3.366417 24.282150 -10.779982
v -2.966069 23.656019 -8.698293
v -0.964578 25.180764 -6.863757
v -3.504259 27.956943 -1.139008
v -0.260147 25.252496 -7.680727
v -0.858899 28.595795 -2.680177
v -1.910572 28.771255 -2.137136
v -2.424438 25.479430 -1.402213
v -3.928179 28.711679 -8.637908
v -7.132711 25.152325 -3.307313
v -6.091610 24.583371 -3.759302
v -7.198232 27.156269 -3.220660
v -0.825380 26.520486 -10.006494
v 1.067111 28.696426 -4.057942
v 0.446685 29.125800 -3.430356
v 1.964295 28.848806 -5.724387
v 3.581406 27.588469 -6.012046
v 3.544014 26.368103 -4.588342
v 4.212740 26.510217 -4.780151
v 2.645652 26.309480 -1.822925
v 2.062545 28.545489 -1.560606
v 2.216648 27.780183 -3.513782
v 2.565942 26.431562 -2.635378
v -0.185514 27.251259 0.288460
v 0.953721 27.472882 -1.531403
v -0.984183 27.036051 -0.019827
v 0.628453 28.443880 -0.490211
v -1.034573 26.785767 -0.174577
v -1.821124 26.020008 0.309486
v -24.798397 15.176859 -30.748119
v -21.890638 16.296047 -31.542873
v -24.936555 10.311498 -29.199247
v -25.203113 10.846089 -31.842151
v -25.996831 13.184507 -29.861940
v -21.796497 8.275681 -34.583512
v -18.941424 10.412346 -30.859561
v -18.613578 12.041545 -31.475848
v -23.041526 15.858548 -31.112733
v -20.380937 14.928154 -28.309672
v -24.077605 15.525170 -30.869074
v -26.118731 11.903023 -27.970983
v -24.620600 10.074098 -27.257862
v -19.501181 11.579434 -29.047005
v -19.382522 12.573134 -29.241197
v -24.424339 16.062450 -28.234611
v -23.148928 15.754298 -29.748605
v -25.517080 11.058910 -27.242760
v -26.045101 14.357110 -27.184435
v -25.566744 14.995657 -28.653179
v -23.767898 9.594251 -27.842497
v -20.544755 10.071819 -28.002040
v -19.250194 13.478261 -27.003647
v -25.979440 13.289960 -26.018590
v -25.380268 11.395862 -25.555649
v -24.372800 9.892580 -25.597040
v -19.666885 11.562501 -25.898355
v -21.903740 15.689207 -28.500106
v -19.643532 14.235633 -27.639374
v -22.821287 16.527592 -28.065014
v -25.167013 12.043431 -23.936984
v -24.596625 16.338562 -24.617429
v -24.442512 16.362856 -26.741682
v -20.348540 10.770710 -25.463700
v -19.306554 12.568309 -26.355389
v -23.791558 10.149427 -23.681799
v -18.430478 14.268688 -26.548755
v -18.064935 12.729662 -26.169748
v -23.517307 14.695832 -21.252382
v -25.332101 14.603989 -24.366972
v -22.766713 17.889135 -24.117315
v -23.964700 12.898285 -21.932198
v -20.018380 10.453120 -24.224590
v -18.449481 11.410800 -25.674572
v -22.328080 17.697523 -25.563106
v -22.208452 17.278301 -20.070316
v -22.333039 18.025489 -21.444021
v -23.404799 11.604691 -22.162836
v -19.315339 11.900548 -22.059101
v -19.031106 10.991319 -24.891952
v -19.463810 18.030976 -25.027140
v -19.232508 16.574621 -26.377282
v -15.439914 16.185860 -22.307705
v -15.176649 15.284441 -21.004809
v -19.431847 20.110986 -20.198469
v -19.791277 16.885502 -17.410087
v -18.469609 20.194871 -21.285696
v -20.440779 17.510062 -17.954791
v -17.113671 21.358474 -15.585412
v -14.855782 23.573897 -14.436993
v -16.012431 14.374372 -19.681165
v -17.777390 16.744207 -16.148308
v -14.892692 22.822396 -17.281269
v -12.409593 23.834900 -15.983078
v -14.495446 20.735603 -19.690555
v -12.749075 20.145670 -17.430885
v -12.768519 18.938703 -16.642736
v -11.876503 20.978007 -12.247290
v -13.651905 24.767670 -12.396496
v -15.216013 22.344228 -13.119710
v -13.959160 21.695131 -11.479265
v -12.260250 25.134145 -14.262947
v -10.923652 21.390141 -14.455453
v -14.866874 21.714509 -12.507485
v -9.256443 23.553334 -10.602762
v -8.953689 24.051904 -12.746294
v -9.076765 23.625919 -11.763679
v -11.514821 26.857471 -9.144302
v -13.909432 24.387679 -14.059745
v -10.289263 24.861908 -14.147278
v -10.896405 27.153453 -8.116426
v -9.840984 24.448318 -8.483624
v -8.455612 24.741062 -8.727867
v -7.430761 24.904627 -10.102720
v -8.958320 28.440568 -7.437468
v -10.092342 27.120994 -6.915904
v -4.036538 27.245620 -10.566198
v -6.345149 27.553678 -10.332778
v -4.853033 29.086620 -6.505109
v -5.879540 28.446381 -9.398208
v 2.491371 28.015210 -4.164501
v 0.863599 23.497449 -9.668154
v 1.764255 24.527563 -9.730861
v 1.044403 23.923335 -9.970915
v 1.585185 25.126277 -9.214257
v 0.122119 23.384362 -8.868234
v -0.118156 24.138362 -8.231468
v 0.220870 25.635637 -8.544185
v 0.060503 25.721856 -9.795280
v 0.085486 25.168170 -8.191468
v -0.231882 24.778056 -8.151874
v -1.135087 23.332129 -9.434306
v -0.119536 26.158441 -8.340383
v -0.391384 24.959462 -10.879963
v -1.108953 23.857421 -8.568394
v -3.436494 23.816207 -9.364006
v -2.931975 24.772708 -6.893873
v -2.845406 25.924235 -5.084470
v -6.430808 24.940557 -8.046510
v -4.499234 25.080347 -2.920942
v -7.499490 24.420382 -5.426223
v -5.361148 25.062200 -2.051346
v -5.266539 28.756476 -4.644879
v -2.010176 25.368579 -11.363559
v -5.498191 25.919222 -1.554846
v -9.027588 25.427517 -6.693804
v -7.098969 24.512517 -6.866339
v -8.499652 24.978998 -7.792018
v -6.411592 25.031063 -8.805926
v -4.906671 26.303568 -10.561421
v -4.691399 16.770600 -59.122070
v -3.990567 17.972997 -66.741515
v -4.222541 21.476581 -67.326499
v -3.323511 22.011721 -69.779165
v -2.424647 15.432024 -70.960363
v -3.598849 18.139743 -71.771908
v -3.139390 22.538665 -72.226586
v -2.181952 24.530404 -70.202651
v -1.994975 25.214976 -70.281968
v -12.928788 17.164008 -54.921495
v -18.207290 17.985273 -49.388100
v -19.698620 16.803910 -48.004530
v -19.609449 15.861603 -47.000196
v -19.927272 15.610959 -44.855464
v -20.683397 15.723949 -43.119906
v -6.798236 26.686496 -10.811017
v -11.784309 1.982733 -48.954046
v -7.763291 0.495901 -50.553823
v -5.340822 1.016861 -48.316383
v -2.902884 2.063561 -46.924182
v 0.012122 3.312808 -48.570735
v -18.389493 6.278845 -46.714543
v -16.932531 4.875932 -48.155034
v -15.214978 4.094701 -48.130698
v -19.767548 8.292510 -35.468961
v -20.327303 9.209135 -30.608200
v -22.437554 9.062029 -27.760277
v -22.800314 8.946785 -26.042559
v -22.354060 9.445410 -24.498990
v -22.061857 10.754168 -22.826381
v -19.518034 13.943789 -18.789053
v -13.918357 20.073278 -12.239633
v -10.930854 24.812748 -8.578274
v -0.382757 25.890137 -2.781038
v -2.428791 25.977040 0.328002
v 0.759657 26.211527 -7.747188
v 0.675586 25.744293 -6.864197
v -2.356089 27.309637 -10.401160
v -5.573314 24.603465 -6.763487
v -5.840685 24.554641 -8.078606
v -4.949889 24.490588 -7.627388
v -11.069173 1.934826 -46.888855
v -8.840924 1.437628 -46.545415
v -7.324363 0.548536 -46.480818
v -15.487340 5.381410 -46.726580
v -16.715196 6.077106 -47.229743
v -17.197050 7.015701 -46.171454
v -18.141417 7.993332 -39.538308
v -19.436794 9.634559 -31.059506
v -21.569296 9.193342 -27.295275
v -21.177982 10.302860 -23.697498
v -17.389444 14.043845 -18.669696
v -12.400627 21.256657 -11.493099
v -8.207561 27.014876 -4.542344
v -5.243651 27.569103 -1.962348
v -12.988348 21.049985 -17.918471
v -16.794247 17.110764 -23.894227
v -21.475131 15.434745 -29.082202
v -9.128508 27.768568 -10.714500
v -7.050120 25.549131 -10.950189
v -10.954399 26.022756 -8.042204
v -10.220854 27.902183 -9.337863
v -9.072777 26.003569 -5.863727
v -9.550010 27.940855 -6.911307
v -7.787650 28.699535 -8.412202
v -5.814513 25.375332 -9.748231
v -6.112149 25.854432 -10.359702
v -6.462056 1.482955 -37.762349
v -2.550045 1.991533 -42.129460
v -0.000630 2.424220 -40.912190
v -14.869567 16.595729 -41.201194
v -15.005255 14.783568 -39.335223
v -9.033765 2.657459 -38.063206
v -2.429732 2.492690 -36.186338
v -0.000000 3.013110 -38.511610
v -12.580787 7.026241 -36.630194
v -13.490180 9.187530 -35.688885
v -7.185539 2.763974 -30.456765
v -4.618010 1.639939 -37.083807
v 0.000000 2.631112 -35.696745
v -12.784677 9.438307 -31.515726
v -13.542758 11.762699 -32.458089
v -11.063302 5.324628 -32.987265
v -13.859750 15.085334 -35.444697
v -8.330155 3.458025 -29.646445
v -12.973493 16.648202 -34.136235
v -9.639802 4.309268 -30.266293
v -2.266523 3.518325 -27.888483
v -0.000021 3.816214 -28.188420
v -11.805394 7.434626 -30.033848
v -12.499599 11.542893 -25.997963
v -10.821381 6.804355 -24.994330
v -12.848018 15.393710 -27.160271
v -5.804688 2.941768 -28.164138
v -4.234269 2.879327 -28.595046
v -11.505487 8.229548 -25.959581
v -12.639474 13.382413 -25.899982
v -12.641962 15.889837 -24.416010
v -4.049073 4.599033 -21.853446
v -0.000323 4.710040 -23.967987
v -12.234240 9.930252 -24.089829
v -12.196625 17.460025 -24.098365
v -9.923763 5.819388 -24.710388
v -8.312221 5.030769 -23.280001
v -1.969940 4.770813 -22.824285
v -12.342542 9.236378 -22.578032
v -0.000673 5.652052 -22.707037
v 0.014790 22.888055 -21.328269
v -13.518385 17.894234 -17.119902
v -13.813916 13.698951 -19.911235
v -9.428973 6.496340 -19.093127
v -5.774604 4.879995 -21.455019
v -0.002814 5.315022 -20.299031
v -11.413959 7.458070 -17.656475
v -14.700278 17.758144 -43.976659
v -12.858454 18.220159 -39.254912
v -10.441724 19.002473 -33.616134
v -6.786246 21.776785 -31.369050
v -6.351462 22.231082 -27.442507
v -7.968547 21.073383 -26.789909
v -10.540842 19.500942 -26.923456
v -0.210905 23.493987 -36.799277
v -9.534470 19.857120 -30.288460
v -3.399728 23.433286 -31.788564
v -4.562380 22.997123 -30.179780
v -3.686882 23.494145 -38.790941
v -11.209372 18.128949 -28.842949
v -11.123123 18.859350 -23.338119
v -12.509281 8.534761 -17.811998
v -1.971048 23.527103 -17.712034
v -1.183115 23.391985 -15.675161
v -0.000795 23.404590 -13.952292
v -0.000002 22.747482 -17.691020
v -0.138909 22.628191 -17.112561
v -3.363654 23.168479 -21.688654
v -9.150492 21.253252 -17.219230
v -14.190036 12.213027 -17.052754
v -5.669138 23.367517 -16.003835
v -3.882924 23.687386 -15.849545
v -11.163067 20.884826 -14.403098
v -13.213477 11.931405 -22.288476
v -13.194664 10.117514 -18.564068
v -12.940534 17.163336 -20.413282
v -11.059014 7.408123 -20.287554
v -2.002709 4.936099 -21.030581
v -7.756077 5.649593 -20.748902
v -1.211272 23.263735 -28.213708
v -0.001379 22.827940 -24.291624
v -4.965795 22.582606 -21.342741
v -9.635233 19.982805 -23.117150
v -15.046664 11.580861 -14.179173
v -14.319838 8.277859 -12.924555
v -14.223166 15.957866 -16.362107
v -12.696156 19.541325 -15.600299
v -7.366387 22.787645 -14.979688
v -9.383553 6.326749 -17.587819
v -6.506290 5.650197 -18.084676
v -9.499959 5.413029 -14.999659
v -6.058272 5.484911 -16.718995
v -2.904745 5.027430 -17.550756
v -0.008440 5.691410 -18.089430
v -5.529970 4.843864 -14.959103
v -2.645916 4.834974 -15.031282
v -0.018631 5.322483 -15.911598
v -11.638451 5.915672 -13.848794
v -12.989866 6.373655 -12.346838
v -4.277380 2.510828 -8.276598
v -2.408531 3.533011 -9.773447
v -7.606294 2.122170 -4.313183
v -3.435435 1.953472 -5.105894
v -1.584310 2.889120 -5.423700
v -0.792324 4.083138 -7.342708
v -12.529936 4.665135 -5.284258
v -4.319653 1.994788 -1.801603
v -1.650683 2.826486 -2.585424
v 0.006875 4.625434 -3.780755
v -10.341470 3.117032 -4.877088
v -7.142964 2.184114 -0.594616
v -2.553736 2.951342 -0.076370
v -0.841890 4.740273 0.722632
v 0.064432 5.462109 -1.663953
v -10.915050 3.420518 -2.156870
v -5.803342 2.691633 1.711778
v -3.748433 3.995445 3.281680
v -9.333722 3.282602 0.691877
v -5.241320 3.341924 3.338862
v -0.145152 6.257758 0.407213
v -8.744807 3.712989 4.789606
v -11.322467 4.536182 2.639130
v -3.051366 6.420608 5.207908
v -0.465931 7.561046 2.192135
v -11.637378 5.204119 7.028751
v -6.185001 4.704564 6.278302
v -4.177337 6.889234 8.698757
v -0.458761 8.794654 3.204754
v -15.467207 14.959598 -10.309960
v -13.764999 19.901704 -7.673747
v -15.354510 10.678098 -11.024965
v -14.376110 7.038770 -7.746790
v -16.267361 14.495192 -4.798307
v -13.991209 6.243468 -3.044074
v -15.929434 17.093332 -4.912898
v -15.720564 16.640229 -0.218618
v -14.514529 19.439552 -3.608063
v -13.630490 6.285370 -0.045710
v -15.780602 11.285305 -0.672116
v -15.048265 8.341427 -0.473946
v -13.626509 5.993403 2.339891
v -16.186113 14.181144 0.802454
v -15.947469 16.859647 5.541106
v -14.365794 19.321593 1.504878
v -15.413852 8.848322 7.245546
v -16.554895 14.089931 5.292431
v -7.393493 21.657970 3.417170
v -11.958288 21.445063 -8.424088
v -5.632831 23.525997 -10.348365
v -7.901612 22.910845 -10.205564
v -2.867525 23.473491 -7.975949
v -7.588193 22.590763 -7.563598
v -10.101720 22.166200 -7.501940
v -12.758200 20.783913 -0.689607
v -6.394791 21.805200 -5.519418
v -10.405970 21.869370 -3.940027
v -5.545275 20.348998 -2.462240
v -4.721361 20.007838 -0.666527
v -10.100922 21.812166 1.847235
v -7.536590 21.191960 -0.632640
v 0.044054 19.696103 1.298796
v -2.163490 19.394840 1.400660
v -4.357490 19.687350 1.246740
v -2.538187 22.276562 -3.627413
v -1.092962 21.005587 -0.671594
v -9.844108 22.056170 -10.241972
v -0.886017 23.736371 -11.171648
v -0.252351 18.247533 2.693469
v 0.047201 15.670040 3.434916
v -0.009817 11.735947 3.610398
v 0.050766 9.985834 3.495391
v -1.573152 18.432596 2.535604
v -0.668308 15.718467 3.338207
v -1.183930 8.728137 4.032013
v -8.039280 2.939981 -7.960055
v -12.844490 19.799550 -12.498340
v -14.250282 17.683245 -11.893706
v -8.991071 5.990246 11.147402
v -16.367710 11.350498 5.494125
v -5.418706 20.182711 4.029236
v -14.391258 19.985876 9.297261
v -2.196840 18.565270 3.859210
v -12.470547 21.951581 10.378294
v -2.284353 19.051240 6.707200
v -0.662296 16.089816 4.348795
v -1.234350 10.160853 4.935600
v -0.509540 16.543384 8.725657
v -0.320442 11.715309 7.155138
v -2.453920 8.056046 6.419896
v -6.795263 6.118987 10.947032
v -11.573246 6.637671 11.503709
v -13.663138 6.761203 7.496355
v -10.116016 22.866004 9.081642
v -4.782162 20.662421 7.211629
v -2.345321 19.028496 10.144005
v -0.263695 11.923827 11.108082
v -16.513603 14.477057 9.743832
v -16.328520 11.922974 10.336793
v -4.578037 21.425608 12.190362
v -1.035987 9.788762 9.187994
v -15.660855 17.506670 10.794627
v -7.426658 22.797335 10.430014
v -0.604780 16.764988 13.916032
v -1.839346 8.670821 16.973689
v -3.941046 7.444654 18.566036
v -6.790847 23.514968 18.566000
v -10.329712 9.291935 24.597893
v -11.098517 10.823900 26.205888
v -14.767287 15.466321 18.632830
v -14.800297 13.200679 18.185192
v -9.375510 23.483380 19.123270
v -4.045670 22.170250 18.837910
v -13.517568 20.239487 16.530699
v 0.266686 12.938082 17.910188
v -0.204582 10.908490 18.691697
v -1.291861 9.795354 27.247715
v -7.040485 23.341912 25.031887
v -12.812597 15.556959 25.356588
v -4.413646 22.603476 25.549546
v -11.200495 20.836483 26.817691
v -2.025916 20.536000 25.740192
v -5.626379 8.747289 29.735491
v -11.506278 12.993227 27.904007
v -9.444909 22.865849 24.211706
v -11.987956 19.368942 26.977416
v -0.743204 17.964220 25.235517
v 0.491206 14.214355 31.512431
v 0.076973 12.000387 28.267108
v -12.502230 17.514746 26.827712
v -3.397947 9.153860 30.034420
v -7.483178 9.120189 29.526213
v -9.286832 12.600477 34.932671
v -9.000906 21.070134 33.185407
v -4.863730 22.695100 29.957470
v -2.084710 21.187130 30.256830
v -4.649629 10.524762 36.136854
v -7.237576 22.046583 34.015662
v -7.727794 11.521532 36.381307
v -10.464761 16.082437 34.638535
v -10.294319 14.416821 35.114679
v -2.315959 21.594944 35.585308
v -0.299500 19.355480 33.539295
v 1.002032 15.140703 37.942725
v -1.081847 11.507027 35.947589
v -2.825340 10.807647 37.349536
v -9.901491 14.741847 38.390803
v -8.369160 20.821190 37.144230
v -4.785396 22.307408 34.670568
v -9.649549 19.170645 36.109778
v -0.577630 19.890110 36.686930
v 0.141340 12.839057 33.647863
v -4.488054 10.639644 39.811288
v -6.623280 21.280920 39.379910
v -7.505203 11.934780 40.678865
v -6.321747 10.858600 36.582765
v -9.402000 13.998537 40.509278
v -9.766989 16.146444 42.333450
v -4.652310 21.825260 39.043670
v -7.920761 19.995339 40.593108
v -9.634666 17.613960 38.435010
v -2.235240 21.645550 39.143490
v -0.353742 20.146453 39.397916
v 0.422990 13.075190 39.145440
v -9.071317 17.080073 43.726468
v -1.150884 11.729854 42.102897
v -3.306979 10.554007 41.852434
v -6.282160 21.498390 42.158410
v -4.346980 21.932990 41.951740
v -6.805602 20.297184 44.802797
v -1.938365 21.226230 42.214206
v -0.645350 19.306580 42.053550
v -5.555860 21.269840 45.018100
v -7.777009 11.439194 44.539464
v -5.853460 10.841276 41.434498
v -9.296000 15.711067 46.186687
v -3.840360 21.444720 44.973050
v -1.985860 20.304240 44.886260
v 0.620774 14.715820 43.319145
v -0.152759 12.637328 43.796538
v -3.736555 9.864834 44.999400
v -2.171764 10.382744 45.868380
v -5.109470 20.266620 47.889520
v -5.292559 9.714789 44.810241
v -8.890143 12.793309 44.972262
v -6.676840 19.812770 47.612160
v -3.289666 19.800567 47.533965
v -0.081582 12.744806 48.627609
v -0.734256 11.545801 46.448285
v -4.343416 18.010794 52.996483
v -6.561646 10.167937 45.011098
v -9.502236 14.196957 45.781490
v -6.108000 18.169146 52.078138
v -7.390086 17.880334 50.952025
v -8.310429 17.720889 47.964997
v -1.162802 15.166321 52.858458
v -0.995941 16.209334 48.590422
v -0.521854 10.734927 49.127219
v -3.164000 7.132570 50.529400
v -5.445252 7.200210 49.833619
v -8.925350 9.590230 50.100907
v -10.120872 11.342107 52.691706
v -3.085379 17.749715 51.429793
v 0.637351 9.854469 55.341182
v -9.303636 14.962082 54.259527
v -0.534664 8.322855 52.726898
v -2.778110 6.152560 54.401120
v -1.233030 6.889520 54.976890
v -3.142402 16.342216 59.020749
v -4.987899 6.155067 54.012738
v -8.744466 8.466751 53.923334
v -10.030270 12.789350 54.965180
v -5.642794 16.942572 58.933962
v -8.180343 16.736762 53.582518
v -0.221201 13.734255 56.216094
v -2.467911 5.685160 59.017835
v -0.443378 6.454403 59.462389
v -8.617340 8.282686 60.040300
v -7.214716 6.906313 59.410476
v -9.442610 12.606440 60.273560
v -9.674260 10.356360 59.644880
v 1.243291 10.160728 61.078568
v -8.349500 14.574760 60.532180
v -5.739375 6.112088 59.046404
v -4.420846 5.700709 58.772452
v -7.732360 12.609750 66.563140
v -7.758226 10.354216 68.239245
v -4.252201 16.804578 59.582075
v -1.925377 15.100732 59.470712
v -4.429730 15.279160 66.743770
v -6.179964 15.561072 64.445096
v -0.851449 13.764905 62.196763
v 0.288851 12.785749 61.926024
v 0.910026 8.672532 60.466645
v -6.234123 13.440920 69.483195
v -0.756225 6.536332 64.683293
v -1.254157 5.957964 71.872596
v -1.593894 12.861581 72.240337
v -3.692534 5.853602 71.413545
v -5.705764 7.698336 75.774206
v -5.184874 6.877560 76.248907
v -5.325174 11.096863 77.692912
v -3.260129 13.763547 72.558091
v -3.796538 13.215906 75.143725
v -0.322119 11.060595 72.296806
v -0.169940 7.326686 71.708024
v 3.758771 7.707342 92.217767
v 4.553049 11.081396 93.935985
v -4.525150 7.844454 83.921619
v -0.999813 11.995307 77.223309
v -3.581982 5.524195 79.219347
v -2.545110 5.148510 77.565090
v -4.609750 12.154520 78.162150
v -2.860915 12.938215 77.555045
v 0.227266 7.587699 77.289490
v 0.026478 6.355754 79.158127
v -2.078187 4.736198 81.892609
v -4.724370 7.425800 87.863030
v -4.346461 6.889711 84.164673
v -4.188128 11.468840 82.737816
v -1.687639 12.563487 81.460564
v -0.275392 11.435145 81.238438
v -2.868548 12.705199 81.889144
v -4.507341 10.248697 84.003759
v -1.238374 12.995607 85.001148
v -0.599148 12.895095 84.797039
v -2.688477 12.586466 85.664248
v -4.464099 24.740004 -77.525587
v -4.509501 24.235289 -77.632995
v -3.571863 25.049118 -77.255059
v -1.396630 25.184080 -78.175786
v -3.208591 25.586048 -77.528901
v 7.918933 20.692615 98.335697
v 8.647834 19.221262 98.675202
v 8.785472 22.205565 100.488643
v 9.496723 20.022138 99.492424
v 6.697209 20.734339 99.148706
v 8.446837 18.640417 99.591910
v 8.704810 22.323432 100.973520
v 7.790931 20.477402 101.620756
v 7.839706 22.307336 101.375686
v 6.924137 21.217935 100.018394
v 6.456604 20.563507 99.755989
v 8.386992 19.991942 98.202317
v 8.826204 20.900485 99.234146
v 8.343419 21.393440 99.448873
v 7.845345 18.854313 100.372095
v 7.151905 20.993726 101.421793
v 9.117326 20.763561 101.172334
v 6.639134 19.541094 100.426700
v 5.328764 21.623223 100.901443
v 6.556516 20.369603 101.878379
v 6.008805 22.359606 102.172638
v 6.731804 21.484006 101.132175
v 6.405807 21.901281 101.127393
v 6.233026 21.619148 100.520500
v 5.093475 21.233199 101.211012
v 6.601493 22.357388 101.743367
v 6.799921 20.541244 101.472663
v 5.402720 21.369981 102.176487
v 6.885927 21.578082 102.059171
v 5.684264 20.398730 102.144705
v -0.834662 27.798114 -73.023102
v -1.745172 24.848535 -76.539404
v -4.332723 24.382295 -73.666206
v -1.271913 25.772958 -74.245311
v -0.333451 26.545077 -76.471768
v -2.264077 24.501269 -77.489762
v -2.258779 22.974776 -76.539706
v -3.197858 24.499479 -70.060017
v -2.824485 25.052015 -73.725931
v -0.263047 25.917645 -67.247451
v -1.413028 25.203622 -66.916166
v -0.303628 25.615054 -66.562703
v -5.562580 22.328031 -72.676039
v -5.814383 22.965465 -76.650189
v -0.030792 25.303046 -83.116537
v -6.583411 18.992473 -75.773774
v -4.980370 22.236159 -70.840160
v -2.482976 23.838715 -66.905688
v -1.503010 24.415612 -66.179337
v -3.483719 23.439376 -68.431967
v -5.201202 23.210702 -82.054478
v -1.920757 25.199798 -82.948154
v -0.664941 26.797487 -75.696195
v -0.449229 6.833396 -73.519614
v -1.775715 7.891742 -72.218926
v -4.654341 10.147196 -72.547194
v -6.267743 12.623101 -72.912546
v -5.915734 11.883270 -72.680295
v -4.178007 22.093115 -67.782275
v -4.299014 23.101228 -70.381776
v -0.968087 25.273245 -76.911193
v -2.655749 21.999140 -77.615368
v -2.262875 25.328698 -71.706757
v -5.874551 22.701738 -73.528388
v -6.428781 21.457316 -75.642016
v -3.288256 24.711328 -71.941507
v -0.903703 25.847650 -69.331512
v -0.011870 26.545642 -71.422725
v -0.612770 26.475456 -71.993316
v -0.701334 25.706327 -72.219687
v -1.265862 26.440471 -70.828365
v -1.014101 18.764356 -74.080387
v -0.604305 15.600404 -71.508837
v -6.333237 11.317373 -84.359084
v -0.000000 9.905300 -86.978320
v -7.004018 14.571302 -77.147666
v -3.756346 6.948933 -82.292715
v -0.000000 6.200410 -83.161220
v -1.996637 6.391231 -82.904895
v -7.107544 13.368606 -77.121072
v -6.091530 9.467281 -78.819986
v -7.081894 12.113494 -78.153530
v -2.111421 5.792761 -79.064650
v -6.414782 18.159051 -79.414052
v -6.844663 16.638904 -77.722530
v -6.000508 14.958933 -72.100188
v -6.212615 14.010208 -72.868233
v -7.859160 15.052290 -77.563230
v -8.014885 13.529967 -75.393475
v -8.099759 13.997143 -76.984194
v -7.153278 15.916996 -76.972999
v -7.890039 14.658469 -72.920624
v -7.141579 15.769936 -72.687419
v -7.485989 15.930373 -76.533942
v -7.032904 15.984949 -72.212065
v -8.296677 14.668903 -77.185895
v -7.464516 15.169807 -72.171335
v -7.993879 14.822262 -76.858046
v -8.588382 13.867449 -76.128978
v -8.393679 13.614867 -75.071764
v -6.760434 16.265764 -73.193200
v -7.939305 14.288340 -76.288216
v -7.968485 14.799273 -73.133250
v -6.825217 16.236790 -75.102634
v -6.955016 15.519514 -76.280603
v -8.199261 14.058848 -74.247990
v -6.713273 15.805728 -74.722828
v -7.022164 14.712732 -74.019003
v -6.845719 15.705008 -74.946867
v -6.351558 15.749189 -73.920453
v -6.418526 15.680401 -73.658685
v -7.823588 14.584578 -75.014919
v -7.396125 15.033929 -75.417042
v -7.712570 14.970666 -75.664817
v -2.101762 6.917081 -74.919669
v -5.424570 21.539596 -83.749499
v -4.417973 22.305734 -84.897967
v -5.951578 20.735003 -81.921981
v -3.994998 8.327568 -73.898172
v -0.063515 22.468108 -86.587264
v -2.641998 22.553332 -85.799631
v -6.721276 17.409542 -76.559452
v -6.733757 13.356231 -74.517701
v -7.794476 13.855713 -73.972229
v -8.237196 14.011614 -73.872352
v -8.278857 14.322046 -74.661133
v -7.192563 16.031865 -75.846911
v -6.535929 14.904610 -74.053614
v -7.206200 14.551404 -74.793049
v -6.855340 14.739648 -75.129185
v -7.022633 15.448246 -75.370572
v -7.461384 15.405912 -73.215410
v -6.763989 15.975530 -73.614509
v -6.708299 15.082970 -75.142699
v -6.707466 15.005220 -74.707868
v -6.432395 15.396143 -74.486341
v -8.062581 14.529020 -75.725992
v -7.026278 15.808078 -74.368311
v -7.425815 15.664431 -73.597527
v -7.648355 14.935895 -76.738704
v -7.792469 14.766527 -74.036322
v -7.420352 14.769626 -77.219225
v -6.678032 17.194201 -75.000508
v -7.753025 14.003177 -76.448495
v -6.966117 16.250434 -76.639044
v -7.575455 13.916532 -74.583961
v -6.332912 16.182493 -72.057378
v -6.576804 15.319891 -72.301298
v -7.122188 13.681934 -74.957830
v -7.030202 14.676875 -73.248137
v -7.185030 13.957269 -76.510687
v -6.848011 15.666341 -77.507166
v 6.462514 19.676331 97.929741
v 6.626371 18.517829 99.308337
v 8.244008 16.837497 98.384927
v 7.404691 17.934347 99.390281
v 8.146801 17.910209 96.123959
v 6.368447 19.475821 98.604129
v 7.103912 17.416112 99.505380
v 7.457388 18.541538 95.877682
v 8.525008 17.239818 96.684464
v 6.263768 18.567119 98.844400
v 5.733503 18.817320 97.569393
v 8.431920 15.630678 96.803892
v 6.576101 17.517792 99.537011
v 4.544713 20.439344 99.488835
v 5.419233 20.294085 98.861902
v 6.135970 19.136870 100.189628
v 5.137000 19.062958 100.665611
v 6.087230 19.617103 99.589481
v 5.549999 19.058656 100.786185
v 4.586071 20.219964 100.214737
v 4.584595 18.486159 99.785387
v 4.711773 19.659206 100.608696
v 4.969764 20.972579 100.045677
v -0.712778 0.043197 88.157060
v 5.908671 19.002821 100.579272
v 5.714152 20.943702 99.569845
v 5.211080 17.902986 100.358233
v 4.358875 19.231978 98.489502
v 6.292785 18.043608 100.025306
v 3.907347 18.717732 98.200604
v 6.518164 16.827868 99.580941
v 5.232149 18.926168 97.776818
v 4.844862 17.642845 99.998501
v 4.737356 21.723270 101.836740
v 5.133741 20.839650 101.860049
v 3.729109 21.150412 101.276886
v 3.746838 20.556456 102.402414
v 4.691887 21.122124 102.622037
v 4.045819 21.740427 102.073105
v 4.197648 19.698008 102.446612
v 4.747846 20.881595 101.174254
v 3.742632 21.213717 101.725681
v 3.453528 20.623956 101.796868
v 5.095130 20.130119 101.721351
v 3.358373 19.037506 101.408452
v 3.838465 18.715291 101.332134
v 4.537671 19.091288 100.792367
v 3.857488 20.250762 99.841004
v 2.987969 19.828289 100.733866
v 3.769293 18.688732 99.029485
v 2.962090 17.360274 100.508330
v 3.044406 20.189860 100.396742
v 4.216949 18.662615 101.097601
v 4.266540 19.838893 100.133156
v 2.924077 18.355243 100.453347
v 2.912625 18.508657 98.636159
v 3.232378 18.574634 98.553117
v 4.243747 18.540032 99.779103
v 4.337429 16.978475 100.349218
v 3.514518 16.927024 100.626732
v 2.653675 18.382658 99.255116
v 4.355453 17.833522 100.272429
v 2.077272 20.028769 101.622664
v 3.206773 18.735237 102.081863
v 2.371203 20.389218 102.061034
v 2.977022 19.821231 101.111257
v 3.314041 19.563193 101.572686
v 1.803416 19.589538 101.643448
v 2.020014 19.582969 102.318631
v 3.308620 19.740842 102.278493
v 2.419747 19.301315 100.278742
v 1.533090 18.199363 101.265752
v 2.224084 18.884139 99.763238
v 1.449750 19.086778 100.445983
v 2.664462 17.848199 100.261103
v 1.109902 17.173918 100.402186
v 2.122055 18.034480 99.345202
v 1.583741 16.554579 100.922371
v 2.394299 18.771789 102.413261
v 2.648271 17.895965 101.460695
v 2.877730 18.055102 100.920193
v 2.696879 17.197009 100.882998
v 1.704271 17.842159 98.907178
v 1.003433 17.504654 99.635889
v -0.451934 17.225323 100.145436
v -0.396444 16.524614 100.875066
v 1.135109 16.356463 101.037893
v 0.637206 17.306737 99.819603
v -1.014510 16.199820 99.947960
v 0.031965 16.099892 101.088108
v 0.099720 17.096560 99.054780
v -0.637894 16.900488 99.054032
v 8.220583 21.160415 101.744509
v 8.775226 19.114691 100.420866
v 7.030276 20.142809 97.838964
v 7.439949 21.214022 99.304801
v 7.314140 22.190292 101.133487
v 6.094710 18.476630 95.460670
v 4.457713 16.183708 93.110007
v 2.454633 16.277617 94.040934
v 1.265124 15.932117 94.932703
v -0.843288 15.172335 97.969388
v -1.486460 14.638546 99.179846
v 0.214312 15.116113 95.937038
v -0.841104 13.837204 94.483050
v -1.809469 12.389586 95.290319
v -2.102469 11.417201 96.587850
v 3.322006 16.055718 92.885840
v 3.263790 13.895909 90.531758
v 4.209123 13.159169 90.893191
v 0.453614 14.343990 89.881481
v 1.950272 14.760852 90.906968
v -1.758960 12.708465 91.736669
v -2.493775 10.443388 93.726691
v -3.089801 11.907917 88.483288
v -0.947366 13.685203 90.142320
v -4.028575 7.183341 89.322733
v -3.708352 10.673523 88.805074
v 1.113970 13.395920 88.009980
v 2.805029 14.105022 90.354879
v 6.287819 14.905894 93.452626
v 7.896174 14.198409 96.348813
v 7.314892 14.605366 94.843679
v 6.505000 13.283400 94.860600
v 5.116789 12.863939 92.093998
v 4.708226 11.566984 92.712447
v 4.083948 10.589380 90.522881
v -0.878595 13.276929 99.941901
v 0.809819 12.932021 99.561694
v -1.581870 11.572940 97.903440
v -0.212634 10.298877 97.491326
v -0.557844 11.276543 98.374074
v -1.751762 9.129383 95.941506
v -1.165722 5.868191 94.266483
v -2.036634 7.010906 94.153917
v 6.419051 14.125028 97.976359
v 4.986206 14.975727 99.083273
v 2.634694 13.929165 99.242997
v -4.827242 7.846505 86.375112
v 2.562082 10.202390 95.269684
v 3.845834 12.559871 96.728664
v 2.353909 12.087829 97.287509
v 5.673985 12.579771 94.962667
v 2.741642 1.490211 89.419872
v 3.533302 3.797487 90.041864
v 1.090900 0.103470 88.135000
v -0.552055 0.272126 89.872183
v -1.356960 0.460000 89.216910
v 1.349263 0.455400 89.605010
v -1.988278 1.542116 90.614883
v 3.731006 6.476659 90.930962
v 3.580024 10.878346 89.545095
v -1.700456 3.718833 84.530104
v -2.693024 2.938447 86.522544
v -2.190825 1.326707 87.782224
v 0.367339 8.906535 81.551095
v -3.342645 4.924463 87.257180
v -2.971010 3.250143 88.756065
v 0.042981 13.885748 3.580266
v -3.552815 5.493745 88.992437
v 1.098559 9.912231 84.488292
v 2.991433 7.797451 88.294699
v 1.381550 8.454272 84.885192
v 2.163736 9.113353 86.608372
v 0.929985 5.620112 85.738497
v 2.280997 2.096503 87.739885
v -0.205625 3.501661 85.283953
v 0.756681 1.238561 86.487034
v -2.490739 4.894017 83.876235
v -0.748687 5.122660 82.420364
v 0.348253 7.377761 82.584373
v -1.559661 4.313630 83.697053
v -1.487792 1.255731 86.353840
v -4.684976 6.265491 87.161788
v -3.239252 5.434825 85.516619
v -0.433346 4.743227 84.530569
v 0.856985 6.587915 84.213780
v -0.643031 13.537522 3.678082
v -0.071509 13.874905 7.421072
v -0.062143 14.146224 11.845110
v 0.169036 15.772101 26.694806
v 0.588323 16.800435 34.077588
v 0.416265 17.470863 39.204827
v 0.027220 16.331120 44.620730
v -0.167755 13.914006 49.943511
v 0.220740 12.738193 53.291384
v 1.086427 11.459669 61.374453
v 0.235164 9.757273 71.070245
v -4.577372 8.804670 81.866029
v -0.346389 10.979541 76.866771
v -2.429988 4.618804 92.282408
v 1.362780 11.667892 86.613613
v 0.135230 12.352890 84.895016
v -3.316977 9.372412 92.123592
v 1.031907 11.357541 97.912021
v -3.407997 6.910606 90.672973
v -2.761897 8.632609 92.802640
v -2.384170 11.378130 92.885590
v -2.168494 2.717345 91.686060
v -1.352954 3.568776 92.908955
v 0.559127 8.897436 96.120043
v 0.762882 6.473233 94.263795
v -0.174385 0.780045 90.705858
v -1.371927 2.013988 91.785822
v 2.429734 2.514553 91.345127
v 3.141069 3.993305 91.496835
v -0.176252 3.036731 92.595822
v 2.448547 6.984155 93.451169
v 4.850289 19.862788 102.264461
v 2.430568 17.799674 101.583673
v 6.235900 21.583535 102.574746
v 4.165716 20.974310 100.831457
v 1.735212 19.076051 99.888507
v 2.684997 19.725879 102.684489
v 1.302307 17.833185 98.945748
v 2.640082 16.529284 100.832629
v 2.262698 19.856485 100.914909
v 4.953374 20.050668 98.753098
v 5.001076 20.754524 99.224082
v 5.474910 21.876252 101.286137
v 0.882051 16.635368 101.230949
v 4.450798 21.187443 101.320770
v 3.035904 20.394687 101.721917
v 3.434464 20.261076 99.877494
v 5.700124 22.324088 101.938093
v 5.338790 16.456060 99.681490
v 2.803067 20.076412 101.364183
v 0.019748 17.980900 100.002564
v 1.921822 17.379899 101.234871
v 2.099572 16.897964 101.234716
v 0.504912 18.799836 101.644400
v 0.370216 18.711125 101.210828
v 1.459690 18.624474 102.409327
v 0.523352 18.572997 102.401060
v 1.173198 19.323307 102.326730
v 1.486537 18.645546 101.258661
v 1.208504 18.789307 101.377263
v 1.698968 18.465266 101.643146
v 1.407009 19.274144 101.877166
v 0.632600 19.134383 101.934319
v 0.424952 18.045646 102.247951
v 0.170968 18.457654 101.489951
v -0.021294 18.459776 100.792496
v 0.942001 18.085647 100.489530
v 1.170799 17.379311 101.077837
v 0.792683 18.623857 100.539461
v 0.350469 17.911649 99.945041
v -0.207819 17.891287 101.176858
v 0.945707 17.063369 101.604910
v -0.052817 17.550178 101.607602
v 1.195099 17.549401 102.169136
v 0.985471 18.824117 101.103144
v 6.967494 16.638997 94.980567
v -1.424985 13.581212 99.548340
v 5.844633 16.836701 94.382938
v 5.612756 18.475978 96.294402
v 4.273633 17.372432 95.450212
v 1.476619 16.610151 96.918714
v 8.192020 15.124360 97.497060
v 6.713023 15.188568 98.687677
v 0.178777 13.344398 100.122478
v 2.426850 14.615960 100.026020
v -1.989558 19.519906 17.869272
v 0.143584 14.826321 15.301749
v -6.434400 6.958310 18.867930
v -9.120621 6.968210 16.805714
v -13.071661 8.822903 16.319287
v -14.542742 10.593763 16.043250
v -14.321250 18.004950 18.373518
v -11.802587 22.224819 17.320570
v -9.717010 23.463119 14.789859
v -2.101350 25.036055 -77.561684
v 3.247323 25.607234 -77.438623
v 3.985500 25.311209 -77.218908
v 4.392883 24.990970 -77.613899
v 4.509703 24.229738 -77.624576
v 4.012338 24.757641 -77.271469
v 2.964129 25.097551 -77.251383
v 5.210361 23.754116 -77.797479
v 3.210730 25.516835 -78.410258
v 1.117748 24.916028 -77.807822
v 0.285804 25.999296 -77.023181
v 4.705167 24.724186 -78.313974
v 2.322211 25.508781 -78.425493
v 1.236066 25.717631 -75.274587
v 1.398389 25.202015 -78.255963
v 0.642222 25.480461 -77.757596
v 0.100358 25.816906 -77.751451
v 1.972535 25.172909 -75.167001
v 4.013944 24.323280 -76.659456
v 4.962922 23.760981 -77.321605
v 3.426647 25.862900 -79.455620
v 4.892625 24.980163 -79.310814
v 1.352414 26.228680 -79.480205
v 0.966297 25.327244 -76.682483
v 5.655954 23.495565 -78.123333
v 4.740743 24.191655 -74.586799
v 1.324471 26.002645 -78.903668
v 1.526421 24.271830 -84.649509
v 2.748609 25.856803 -80.486710
v 1.692167 26.011504 -80.584862
v 4.904988 24.156192 -80.972097
v 4.200376 24.361511 -82.273804
v 5.285713 22.954004 -82.254095
v 5.814390 23.681164 -78.859559
v 6.016552 20.898364 -80.380915
v 0.389331 27.147753 -74.739330
v 1.230704 25.741855 -72.640312
v 0.168261 28.062343 -72.522155
v 0.363659 27.500412 -72.351459
v 0.466005 26.969680 -72.428728
v 0.521957 26.571669 -72.235818
v 1.179800 26.395144 -72.852898
v 0.865453 27.034415 -72.658011
v 1.384555 25.615712 -74.079543
v 0.815128 27.804939 -72.761027
v 1.029874 25.925897 -72.596111
v 0.731219 26.693825 -72.901529
v 0.830147 26.315665 -72.978670
v 1.613071 25.519492 -69.748146
v 0.648255 26.786348 -70.985001
v 1.687170 25.231432 -70.304961
v 2.019472 25.171111 -70.187998
v 1.771671 25.031441 -70.250957
v 0.829727 26.563661 -70.585893
v -0.621327 26.835588 -70.917475
v 1.141990 26.041137 -70.149394
v 0.975684 25.814489 -69.498537
v 0.221996 26.260533 -70.324120
v 0.868521 25.911094 -70.362563
v 1.139908 25.411460 -70.581895
v 1.462402 24.898456 -70.164744
v 1.999205 24.489922 -69.398918
v 0.673479 25.674188 -70.723867
v 1.293063 25.514871 -71.460122
v 1.585752 25.115715 -70.396332
v 1.467640 24.783307 -69.191451
v 0.840348 25.497129 -69.492831
v 0.889206 25.751668 -70.395595
v 2.192630 24.411715 -70.654220
v 2.190922 24.499251 -70.210968
v 2.060743 24.144793 -68.803263
v 0.773522 24.825512 -68.412809
v 0.219976 25.685885 -72.092015
v 1.589507 25.331016 -72.428152
v 2.330214 23.566317 -68.613042
v 1.583332 23.515089 -68.185089
v 2.557007 22.819723 -73.436522
v 3.131862 22.527964 -72.254364
v 3.082183 22.996735 -70.299000
v 0.873835 23.187678 -74.342130
v 2.814884 20.891986 -73.879567
v 1.144542 21.076438 -74.684722
v 0.791460 20.400620 -67.080210
v 2.101128 20.185370 -67.678397
v 2.962182 18.525146 -73.135856
v 2.237110 18.703927 -73.685729
v 3.675985 18.155925 -71.771474
v 3.710269 20.135697 -70.618430
v 3.036336 18.316984 -68.947283
v 1.270823 18.754551 -74.011095
v 0.841810 17.066510 -65.733760
v 2.335111 17.082179 -67.494397
v 0.399014 18.769739 -73.906869
v 2.138384 16.618445 -72.563135
v 3.382650 16.087757 -71.207061
v 2.110745 15.756042 -68.541641
v 1.104201 15.707905 -67.657301
v 0.551366 16.824327 -72.929997
v 0.910478 15.595480 -71.391277
v 1.444241 15.608339 -71.503540
v 0.664968 15.513783 -69.691241
v 1.602901 15.478107 -69.863785
v 0.420018 15.585156 -71.593973
v 5.367873 23.815922 -80.323156
v 0.999788 25.500466 -68.264228
v 5.396670 19.835572 -71.126615
v 4.269883 21.433813 -67.648626
v 4.910885 18.644161 -68.261191
v 4.473735 19.404599 -67.386136
v 1.442323 23.891506 -65.910146
v 5.232499 14.407862 -67.635735
v 5.126163 13.709261 -63.618820
v 5.704401 12.853836 -62.791342
v 6.586268 11.538286 -62.359999
v 4.610874 16.251565 -67.694778
v 4.956710 14.952886 -63.037993
v 5.575445 15.082741 -61.362187
v 6.424994 13.936645 -61.295181
v 4.255953 16.566969 -64.747724
v 4.665017 16.110388 -61.715462
v 1.100813 22.025018 -65.196211
v 1.165443 20.220150 -64.710174
v 2.172712 18.838006 -63.875807
v 1.020257 19.378529 -62.204072
v 1.113555 18.777640 -60.819096
v 1.605736 18.350016 -59.607330
v 3.025361 17.765139 -60.225185
v 1.484146 18.200556 -58.151952
v 5.178264 12.434407 -66.106038
v 5.137954 12.222354 -69.289397
v 5.021240 11.591259 -67.362585
v 5.654454 11.545629 -63.335435
v 4.571487 10.210815 -65.627867
v 5.229603 11.195037 -64.694480
v 5.079349 9.742486 -63.734427
v 5.785793 9.547760 -62.544357
v 3.881475 10.278535 -68.470856
v 2.578282 9.030540 -68.524743
v 3.491638 9.119646 -65.525063
v 4.092873 8.302811 -62.633151
v 2.108206 8.444106 -65.943808
v 6.333306 11.317428 -84.358951
v 4.576600 10.305010 -85.949920
v 7.138206 12.158693 -81.425634
v 6.133037 17.069590 -72.139701
v 6.323548 18.803686 -78.580384
v 6.366860 13.932310 -84.732620
v 4.774369 13.432885 -86.725875
v 5.757685 13.935676 -69.871052
v 4.443344 10.713755 -70.958843
v 3.726575 25.293634 -80.888574
v 2.199177 24.968830 -69.637856
v 1.844912 25.151043 -68.689939
v 5.453844 18.732232 -70.174016
v 2.773011 22.398039 -66.432197
v 2.334743 19.844296 -65.258356
v 3.697146 17.297242 -62.328194
v 4.228334 17.036045 -60.059706
v 6.338371 15.486759 -60.094562
v 5.953220 16.064300 -71.988110
v 6.210769 12.612217 -72.949675
v 4.887956 8.463713 -75.908126
v 3.551327 7.984807 -74.074277
v 6.662265 11.828415 -75.214484
v 6.861557 13.193675 -75.102738
v 6.334772 10.989151 -75.090412
v 3.533023 6.471387 -79.175753
v 5.020043 7.706129 -79.415411
v 5.642231 8.934258 -81.888808
v 4.276342 8.331400 -84.093592
v 4.585555 16.573118 -86.782161
v 4.570943 19.665830 -86.072040
v 5.791430 22.166239 -81.124959
v 5.780767 17.468704 -85.356874
v 7.075174 14.689829 -79.245376
v 3.035649 24.647475 -83.401797
v 5.456069 16.311085 -70.697169
v 2.718969 20.374459 -65.884547
v 4.480335 16.896180 -67.547235
v 3.772749 17.980230 -66.350170
v 5.460027 20.909941 -84.155161
v 6.831787 15.358229 -83.171993
v 0.708859 8.266934 -69.831754
v 0.000940 7.891382 -71.435564
v 2.531451 13.296962 -87.704006
v 2.111423 5.792761 -79.064644
v 1.840974 6.575586 -75.593338
v 3.628939 17.502160 -65.210940
v 1.428590 19.315937 -63.766537
v 1.796872 8.493835 -71.008152
v 2.582842 8.184078 -64.148397
v 2.668076 19.198560 -87.261771
v 1.294608 7.725815 -62.169899
v 2.753583 7.722587 -84.865218
v 2.051018 16.827473 -87.824198
v 1.253356 8.401277 -67.893780
v 2.531117 21.130359 -86.695658
v 2.226882 24.689951 -77.826210
v 2.092436 24.635823 -77.615973
v 4.030588 24.665471 -77.732876
v 4.498744 23.994679 -77.867788
v 4.447031 23.867897 -77.696945
v 3.775143 24.491371 -77.332659
v 2.965023 24.761195 -77.303189
v 2.421472 25.010102 -77.594088
v 4.184626 24.437313 -78.336796
v 4.055350 24.385210 -77.005683
v 2.752488 24.793004 -76.765220
v 2.587315 24.876644 -78.616824
v 1.905503 24.604817 -78.278673
v 1.863401 24.450289 -77.334049
v 3.358714 24.842266 -78.625735
v 4.567326 23.788575 -77.240738
v 3.941450 24.012356 -76.581391
v 2.975972 23.708722 -76.182761
v 1.687021 24.361846 -77.673970
v 3.614034 23.894759 -79.186278
v 3.997046 24.166336 -78.826625
v 4.584727 23.750475 -78.438333
v 4.711252 23.788469 -77.727262
v 3.567407 23.344331 -76.320669
v 1.942739 23.891471 -76.737002
v 1.787900 23.877444 -78.712368
v 1.454992 23.364872 -77.712917
v 4.157573 22.982736 -76.832363
v 2.288727 23.279504 -76.438717
v 1.505886 23.838526 -78.123552
v 2.544568 23.942010 -79.164368
v 4.674945 23.395806 -78.190303
v 2.902145 22.650106 -76.422023
v 4.255812 23.298355 -78.822678
v 4.372040 22.854223 -78.479236
v 3.780743 22.902665 -78.985628
v 1.972998 23.041350 -78.768405
v 3.591953 22.413539 -76.780636
v 4.570538 22.908970 -77.813713
v 1.903259 22.423229 -77.551058
v 2.716780 23.135599 -79.134284
v 1.571908 23.124417 -78.259687
v 3.461046 21.993105 -77.992649
v 2.655776 21.999136 -77.615323
v 2.430273 22.366101 -76.817050
v 2.440678 22.238502 -78.365987
v 3.050727 22.044032 -77.116250
v 3.971016 22.212012 -77.545621
v 22.695750 14.297000 -52.578220
v 20.133681 16.745196 -52.477272
v 14.082017 19.709592 -49.396778
v 13.524339 20.172760 -47.521954
v 19.706058 16.680881 -54.384988
v 16.138506 17.684712 -53.486611
v 13.073294 19.699747 -51.103511
v 12.257958 20.672172 -49.154795
v 17.665902 16.461916 -56.386947
v 12.372170 18.168956 -54.171606
v 10.817634 20.298619 -51.682476
v 10.192362 21.371314 -49.722969
v 16.382864 15.388497 -57.917819
v 17.422850 13.772630 -58.605010
v 9.113937 18.408450 -55.143790
v 7.929510 20.375020 -51.787060
v 7.973856 21.523287 -50.243692
v 11.013731 16.257449 -57.131851
v 13.640660 13.337520 -59.267260
v 19.764285 16.050567 -47.660624
v 17.619680 15.534110 -46.855570
v 16.406500 16.023710 -47.393770
v 15.640168 17.091852 -47.445087
v 15.114994 16.646466 -45.778392
v 15.018985 14.848783 -42.592013
v 22.770205 13.737793 -45.214259
v 21.148632 15.073245 -45.191222
v 18.361913 15.542821 -41.740442
v 17.358332 14.753402 -41.481129
v 15.616779 13.353866 -44.962101
v 23.111159 13.136079 -42.736386
v 21.318265 15.450813 -41.838843
v 21.556223 15.776743 -50.190970
v 18.194890 17.604256 -49.684391
v 15.566954 18.905073 -49.035597
v 20.359362 15.448807 -45.710413
v 18.439324 15.610685 -44.739173
v 16.668330 14.709610 -45.753460
v 15.649260 14.694610 -46.576490
v 21.684930 15.638920 -52.428050
v 21.347770 15.418720 -54.588320
v 20.168273 15.068175 -56.840584
v 12.378803 15.100544 -58.275538
v 21.483645 15.389549 -48.018143
v 22.022932 14.555075 -43.729760
v 4.356449 17.216285 -58.244775
v 2.604550 5.769230 -58.693143
v 0.003680 22.120583 -49.628365
v 14.504661 11.645627 -60.479259
v 11.597974 12.093749 -61.126020
v 13.519193 10.101627 -61.009648
v 5.753720 7.164172 -60.696482
v 1.135442 7.444286 -60.884758
v 2.910792 7.309015 -60.946731
v 4.869901 7.709073 -61.373243
v 7.000741 8.902145 -61.605639
v 2.673740 22.297505 -50.288441
v 8.277783 10.862585 -61.846386
v 8.485165 12.468308 -61.421431
v 3.196143 19.588072 -54.581887
v 2.711351 18.723866 -55.643926
v 7.998564 16.538048 -57.560026
v 9.791117 14.860033 -58.955360
v 8.975160 13.721465 -60.301562
v 1.303232 18.291891 -56.839782
v 0.055490 19.637926 -53.919508
v 2.915077 23.116783 -48.224865
v 3.099313 23.572447 -46.050791
v 5.464327 23.215581 -47.293013
v 5.039159 21.848444 -50.786097
v 2.181901 5.306802 -57.563647
v 6.916840 5.051410 -58.326470
v 11.198587 6.173781 -59.207653
v 13.756659 7.284641 -59.274350
v 16.764530 9.710300 -59.621520
v 17.499248 12.014233 -59.408984
v 7.740550 3.796010 -57.254310
v 12.536070 5.217513 -57.613014
v 17.110130 7.790500 -58.086120
v 19.420300 9.514820 -58.106060
v 20.654615 11.920973 -57.686799
v 12.478511 3.234609 -53.395443
v 12.206722 2.457031 -51.296083
v 11.442362 3.319035 -42.256387
v 13.246113 4.568395 -56.219304
v 9.746397 4.488619 -57.072864
v 9.739270 1.863420 -51.046780
v 8.841362 1.439323 -46.623937
v 9.492914 2.197356 -43.588863
v 7.850090 2.045578 -53.689966
v 7.731480 0.695800 -51.280650
v 7.326710 0.547534 -46.599329
v 3.105463 4.119099 -55.080946
v 5.887246 1.661306 -52.416003
v 5.132696 1.119537 -47.003652
v 2.727635 3.254719 -52.232146
v 2.906380 1.972410 -46.089830
v 5.466685 1.237326 -43.541438
v 2.546060 1.991462 -42.164102
v 21.221960 9.244890 -56.406240
v 22.031390 11.058430 -55.921390
v 22.196149 13.679193 -55.116486
v 19.315863 7.413378 -56.189558
v 22.942250 10.940110 -53.958400
v 23.065310 12.734010 -53.085320
v 17.865898 4.982099 -51.934947
v 17.021977 4.537110 -50.255113
v 13.899229 6.602535 -43.984110
v 12.431554 6.909826 -36.992174
v 22.621178 8.942416 -53.484381
v 23.380250 12.709462 -50.730305
v 18.959422 5.960418 -53.652237
v 20.921685 6.473449 -49.068276
v 19.489947 5.774216 -48.744693
v 15.121187 12.688623 -42.778110
v 14.558513 9.552924 -40.850491
v 22.289077 7.462640 -49.349354
v 23.353022 8.843291 -50.285774
v 14.770118 7.988920 -46.214027
v 14.708650 9.268110 -46.011760
v 15.057532 10.026753 -45.879010
v 21.967002 8.220374 -44.379179
v 23.831062 10.616593 -46.783217
v 23.532458 12.344658 -46.217315
v 15.447122 12.779584 -46.032035
v 23.187156 9.311337 -44.540499
v 15.290886 8.310031 -43.298549
v 15.504772 10.740064 -42.899779
v 14.363570 8.931287 -43.448860
v 23.573437 10.820415 -51.405048
v 21.827839 7.325720 -52.259708
v 19.354299 5.541544 -51.044235
v 22.797910 14.382823 -50.297021
v 15.730190 18.339785 -48.080734
v 16.727778 17.814671 -48.306227
v 14.353547 17.981579 -43.824117
v 14.952022 18.430482 -46.357673
v 17.980448 5.543905 -48.585263
v 18.326990 6.776316 -43.649772
v 17.700280 4.974400 -49.528980
v 13.248923 4.637982 -43.391542
v 16.535660 13.188276 -39.188773
v 23.390402 10.931278 -41.227021
v 23.415551 12.352377 -40.346460
v 20.472610 7.315310 -43.801336
v 20.855263 7.484564 -39.483295
v 16.004555 8.972664 -39.043603
v 23.112027 13.773206 -40.395806
v 22.390530 16.376015 -36.171225
v 22.554536 15.168681 -39.912057
v 23.078875 9.574535 -40.622484
v 24.273293 11.671997 -35.770161
v 15.860157 9.753139 -38.906550
v 15.953967 11.524103 -38.758351
v 24.482577 15.015896 -33.650657
v 21.295020 16.541447 -36.883781
v 18.923396 14.832407 -34.069152
v 17.455429 13.406372 -36.823533
v 23.729896 15.832875 -33.911961
v 20.925779 8.411606 -33.524778
v 17.499823 12.567859 -34.096867
v 18.787081 7.122079 -40.366398
v 22.829920 16.394930 -33.243810
v 21.953933 16.646602 -32.218994
v 23.068604 9.171588 -35.280956
v 24.241569 10.664696 -32.915468
v 24.887324 13.810574 -33.477321
v 17.765440 10.231200 -32.969970
v 9.781696 22.712631 -44.162192
v 9.133262 22.900652 -42.980078
v 8.689466 23.033719 -44.095534
v 5.155175 23.518012 -44.143947
v 10.173084 21.620360 -41.102677
v 3.373501 23.565366 -39.568825
v 8.607335 22.606772 -41.413588
v 11.146000 21.654964 -43.229565
v 9.326344 22.283721 -47.386284
v 2.701323 23.647170 -42.279805
v 7.012525 22.124451 -38.099488
v 10.996272 19.460060 -37.699665
v 12.398908 20.087469 -41.859724
v 13.969436 19.645343 -45.271111
v 11.186721 21.533255 -46.451832
v 12.455835 20.734583 -45.733765
v 9.198203 22.693069 -45.138538
v 7.729650 23.201500 -43.197337
v -0.016719 23.113609 -44.303969
v -4.230565 24.341241 -0.230019
v -4.677412 25.098232 -0.281947
v -5.709310 25.236969 -1.019038
v -3.217302 24.588592 -1.571924
v -6.047138 24.360090 -1.616116
v -2.724712 24.199749 -1.649008
v -4.709519 24.360047 -3.226159
v -7.809952 23.689219 1.849290
v -5.899306 22.935513 -0.547691
v -5.129195 23.369476 -1.116136
v -3.942725 23.460002 -2.534927
v -8.934544 22.914191 2.291637
v -8.499240 22.231750 2.611190
v -7.071530 24.352780 1.315838
v -4.489768 25.360683 -2.630146
v -7.328801 24.275271 0.759413
v -6.119655 23.306511 1.627151
v -6.695109 24.219785 1.537461
v -6.947513 22.814784 0.441270
v -6.207049 24.773805 0.361506
v -4.299265 23.804781 -0.436624
v -4.875595 25.468287 -0.916799
v -7.927121 22.149251 1.866658
v -6.571747 22.875016 1.975140
v -7.507430 23.103780 2.965604
v -3.508849 23.653234 -3.384509
v -4.667412 23.625907 -2.588001
v -8.961422 22.913535 2.648071
v -8.752110 22.488843 2.164833
v -5.664710 23.633771 -1.487454
v -8.171474 22.369679 1.561875
v -4.722845 23.451213 -0.722919
v -7.826927 22.243878 2.718655
v -5.466390 22.988636 0.327435
v -8.719714 22.837263 3.044434
v -7.482022 23.519641 2.296483
v -8.090282 22.906923 3.320129
v -8.460486 23.419338 1.778090
v -8.492562 23.084683 2.987185
v -7.781780 24.002474 1.574039
v -6.829401 22.496605 1.780651
v -4.511581 24.333843 2.517992
v -4.505807 24.783783 0.865408
v -4.294536 22.871915 2.839641
v -7.250163 22.717365 5.585078
v -7.986945 23.015212 4.493785
v -4.103109 25.020571 1.393139
v -5.472089 22.538776 2.080097
v -2.317919 22.930981 -0.336069
v -6.548341 22.721455 5.131307
v -8.082347 22.051489 4.988274
v -6.203514 22.137403 3.314396
v -5.278982 22.592390 3.753172
v -3.246283 24.191659 -0.947683
v -2.938872 23.632748 1.787900
v -3.140513 24.016827 2.016751
v -5.003890 24.426753 2.366764
v -4.909017 24.069346 0.702887
v -5.370220 23.078797 4.001285
v -6.507932 23.391349 4.530045
v -5.243291 24.279061 1.688623
v -4.059308 23.767605 2.698022
v -3.972319 23.021305 0.977531
v -6.648427 22.979588 2.665387
v -5.651864 23.583260 3.986482
v -7.344580 21.777300 4.549780
v -6.565558 23.685580 4.029398
v -7.432894 23.289973 4.051643
v -6.395173 22.501454 2.810701
v -5.572880 22.336341 3.283960
v -3.587543 23.013947 1.369354
v -7.222622 22.116748 5.480584
v -6.743573 21.951255 4.804927
v -4.582957 22.508276 2.870829
v -0.936900 23.030880 -0.476030
v -6.560380 23.123233 4.868499
v -7.824540 22.836095 5.341744
v -2.079345 24.063514 1.506381
v -2.804432 22.968641 4.429803
v -2.026927 23.605441 1.417506
v -0.992787 23.585732 0.373887
v -5.844466 22.437703 5.103454
v -4.479792 22.879044 4.921367
v -5.266871 22.170439 6.095679
v 0.191449 22.814500 0.400476
v -5.320392 22.094287 4.290443
v -3.619517 23.433650 4.269602
v 0.153032 24.848676 1.390153
v -0.682783 23.370922 2.902807
v -1.209221 22.779683 1.939136
v -3.290455 23.255093 4.481362
v -1.383763 24.636823 2.409012
v -0.806388 24.001723 2.925338
v -2.814708 22.373137 4.393265
v -3.913094 23.368504 3.655701
v -4.708284 21.500834 4.472078
v -4.442112 22.126246 5.724134
v -3.611048 22.199620 3.293729
v -0.263262 23.123062 -0.097932
v -5.840946 21.886229 5.122870
v -1.643114 23.049199 1.607011
v -5.022694 21.490986 5.560809
v -4.096041 21.619444 5.021083
v -3.003582 22.075455 4.079010
v -5.742505 22.053288 5.799511
v -4.300855 22.657842 5.358984
v -5.418085 22.482657 5.586917
v -3.238888 22.029767 3.684259
v -4.384222 22.877055 3.546015
v 0.863387 23.253173 1.346170
v -1.123367 22.181782 4.583710
v -0.475663 23.156654 3.654655
v 2.545862 24.368269 1.112025
v 2.266152 22.756962 0.481769
v -1.725935 22.299948 3.523839
v -1.534158 21.777865 4.424837
v -0.003806 22.080701 2.777427
v -1.201207 22.820036 3.294118
v 1.929261 23.260604 2.558620
v 1.572750 23.700245 0.806445
v 1.472214 22.758240 2.809670
v 1.795282 22.621146 1.402024
v 0.300657 22.507199 3.756161
v 1.790718 23.885389 2.487110
v 1.513494 24.128011 2.206486
v 0.902943 23.655330 1.351504
v 1.101361 23.111479 3.084675
v -0.379358 22.927946 2.411264
v 0.482662 22.342293 2.160725
v -1.673426 21.735596 3.704246
v -1.083980 21.579175 4.009736
v -0.117630 21.874912 3.596380
v 0.376590 22.115799 2.937373
v -1.700093 22.335210 4.568641
v -1.039936 22.453362 4.415093
v -1.445138 22.709316 3.665196
v -1.086005 22.918068 3.560653
v -5.568479 21.975839 -4.398140
v -5.267161 22.982347 -2.969521
v -5.603335 22.104470 -2.648106
v -6.227676 21.333080 -3.412226
v -5.674498 23.073235 -3.323185
v -6.009315 21.232457 -3.602713
v -5.140055 23.070322 -5.446757
v -5.332124 21.103975 -4.062910
v -4.587859 21.465842 -4.851429
v -5.186420 22.337265 -5.200586
v -4.152669 23.781781 -4.403913
v -4.311762 21.932323 -5.644283
v -4.765673 23.524390 -5.000568
v -3.848643 23.494429 -4.263248
v -4.946595 22.539802 -5.815522
v -4.571230 21.938334 -3.286484
v -4.718926 23.471473 -3.747997
v -5.460255 22.599489 -4.334533
v -5.753726 21.233960 -3.118034
v -3.561649 22.035046 -5.095405
v -4.358504 21.378308 -4.032134
v -3.632894 23.086685 -4.247277
v -4.213516 23.176453 -3.574021
v -6.106694 22.211272 -2.691377
v -5.943881 22.734941 -2.956998
v -5.523010 22.990578 -3.852406
v -6.239730 21.971397 -3.257427
v -3.470029 22.471085 -4.499876
v -5.112038 23.232293 -4.297057
v -5.085833 21.731386 -5.052947
v -7.700742 23.707872 0.487610
v -2.801480 24.908771 -1.981269
v -7.283955 23.592340 2.422612
v -6.004405 24.908169 -1.213678
v -4.409336 24.723233 -0.218030
v -6.405725 23.796539 1.794936
v -6.613773 23.711225 3.134539
v -3.480739 24.722834 1.924727
v -7.045867 23.347052 3.344375
v 1.321736 25.248675 0.569190
v -0.777145 24.088810 0.069870
v -1.052627 24.326206 2.818278
v -1.878954 24.500120 1.848344
v -5.022178 22.839448 4.586532
v 3.394015 23.509036 1.489319
v 2.053212 24.176631 0.682457
v 2.339258 23.905620 2.019960
v 0.340043 23.583282 2.417451
v 0.261378 23.199312 3.515888
v 1.077443 24.032151 1.683734
v -0.677124 22.263287 4.431801
v -4.674691 24.024551 -3.073065
v -6.018425 23.958663 -1.563565
v -7.736918 23.164874 0.504444
v -7.594854 22.651770 2.991083
v -6.244823 22.849549 1.103340
v -2.311830 23.214957 -1.778602
v -8.158544 22.540761 4.427566
v -3.687318 23.770810 -0.497587
v -6.015178 23.066237 1.855776
v -4.504936 23.470104 0.587209
v -8.229179 22.818706 5.035758
v -7.799432 22.131561 4.181940
v -3.264137 23.265098 1.733660
v -2.339585 23.262244 0.946290
v -7.885169 22.648694 5.578456
v 1.489130 23.327884 0.784448
v -3.958970 22.627352 3.074997
v -0.709257 22.949570 2.570439
v -1.914665 22.476716 3.987417
v 2.562874 22.634367 1.667866
v -0.360248 22.436103 2.482053
v 1.090163 22.871646 1.372085
v 1.112164 22.465082 2.883012
v -3.816860 25.529071 -2.206423
v -2.708720 23.370017 -2.303811
v -2.367867 25.178858 -0.723528
v -1.660583 25.525163 -0.463580
v -1.169115 22.624320 -1.560640
v -0.131478 22.790786 -0.982815
v 0.088323 25.071433 0.793669
v 1.416560 22.651077 0.288994
v 3.036553 22.502396 0.831935
v -2.459167 25.638633 -2.589536
v -1.427700 23.038787 -3.201316
v 1.384138 25.517947 -0.448278
v 1.518680 22.615394 -1.116432
v 4.084889 22.710117 0.263218
v 3.517697 22.238186 -0.130329
v -3.894703 25.594692 -3.175388
v 4.365585 24.249085 -0.312181
v -4.412000 24.845185 -3.452585
v -1.759306 23.533407 -5.169686
v -0.437750 26.067803 -1.687679
v 5.893430 23.055820 -2.235627
v -1.116633 23.071906 -7.186472
v 1.406164 25.702211 -1.524872
v 5.530383 22.447679 -2.501315
v -1.628620 25.098780 -5.854510
v 1.440549 23.527418 -3.344570
v -1.463213 22.648407 -6.013660
v -0.650064 22.853968 -5.809328
v 0.093234 25.002429 -0.354718
v 0.626993 26.527797 -2.945869
v -2.311071 26.197772 -3.726327
v -0.412730 23.921770 -8.983640
v 1.097588 22.923048 -8.895144
v 1.107277 22.540915 -7.989883
v 1.903448 22.826775 -6.879003
v 2.797686 24.827458 -0.066083
v 4.474832 23.518463 0.007022
v 2.545339 25.297466 -0.570030
v -0.506585 25.169810 -8.673295
v -0.711116 25.851399 -6.598559
v 2.968109 22.377585 -1.193813
v 2.582866 27.256186 -7.558855
v 1.680463 26.955367 -8.433643
v 6.486582 27.089243 -6.484897
v -0.648265 25.610625 -0.593680
v 7.029830 23.051274 -4.221375
v -1.334542 25.662621 -2.056226
v 0.483674 25.802373 -1.732929
v 2.764049 26.064047 -2.069219
v -3.415433 25.105576 -1.653219
v -3.180892 23.925738 -1.887300
v -3.381163 23.644947 -2.247033
v -1.929979 24.766271 0.644773
v -2.292062 23.075089 0.275839
v 3.581421 24.317605 0.853836
v -1.013290 23.625610 -0.006723
v -2.741462 23.257867 -0.833907
v 0.682279 23.637369 1.500647
v 0.553531 23.037462 1.121309
v -0.719399 24.657161 0.541265
v 0.533723 24.243529 1.648012
v 1.925766 23.009790 0.609229
v 3.097121 24.476373 0.946758
v -1.083601 24.288996 -0.013700
v -2.024244 25.175910 0.413653
v 3.137555 22.890848 1.504043
v 1.986166 22.558329 1.741233
v 22.831534 16.143488 -30.881713
v 18.684177 13.973682 -31.765863
v 23.963761 15.780837 -30.356678
v 25.490587 14.551133 -30.139342
v 21.811123 8.530807 -34.648650
v 17.973635 11.531178 -31.197368
v 20.441169 16.174807 -31.405597
v 19.767854 15.018724 -29.406760
v 24.472979 10.291205 -29.040731
v 25.477600 11.433750 -28.958590
v 25.853968 13.203776 -29.391376
v 18.300886 10.468256 -30.597456
v 18.939537 11.413232 -29.266234
v 18.422531 12.612557 -30.528649
v 20.841599 8.908883 -30.971606
v 24.897291 15.556218 -29.531864
v 22.830868 16.117330 -29.305751
v 19.266027 13.911243 -28.957103
v 25.144990 10.930080 -27.046730
v 25.873500 12.081270 -27.167800
v 26.055640 13.890230 -27.185930
v 25.514520 15.238390 -27.708210
v 24.235698 10.037938 -27.071374
v 23.406700 9.645866 -27.797058
v 22.050132 9.194062 -27.622492
v 21.622791 16.507508 -27.796892
v 19.373643 14.667566 -27.741904
v 23.327388 16.716324 -28.021577
v 25.200120 11.682080 -25.362350
v 25.700800 12.922440 -25.453760
v 25.735160 14.543750 -25.619670
v 24.758257 16.230849 -25.764530
v 24.529970 10.638080 -25.412140
v 23.355384 9.416655 -25.782892
v 19.328819 11.667034 -28.170460
v 19.144577 12.845589 -27.978856
v 24.068162 16.776676 -26.454364
v 20.296417 18.123053 -25.079304
v 20.193353 15.316612 -27.928036
v 19.021178 13.942556 -27.225714
v 25.020767 13.254873 -23.816879
v 24.209990 11.076680 -23.793150
v 22.912073 9.730850 -24.148793
v 19.863200 11.007900 -25.797420
v 18.955826 12.592183 -26.453402
v 18.257558 14.718093 -26.980440
v 23.763404 14.378010 -22.122566
v 24.525134 15.700281 -23.567653
v 22.097570 10.942537 -22.443110
v 18.812983 11.078988 -25.514976
v 18.899909 19.757311 -19.743968
v 17.966509 13.265785 -26.929715
v 19.369824 19.288261 -22.289430
v 21.182998 16.319256 -19.320771
v 22.895300 17.440904 -23.152153
v 22.775953 12.032363 -21.838898
v 18.087704 12.281445 -26.767554
v 21.017221 10.709039 -22.896906
v 20.368328 15.504326 -18.721272
v 21.757699 17.252803 -20.490181
v 18.164354 13.888784 -18.750645
v 17.139147 12.339008 -23.044451
v 16.526716 13.012257 -23.712210
v 14.792994 15.610972 -22.760612
v 14.862035 20.675531 -20.403954
v 15.168552 16.853211 -23.236670
v 18.395231 15.713320 -17.522395
v 15.469641 17.016117 -15.648945
v 13.307697 16.606900 -19.986358
v 14.235732 22.057680 -18.415458
v 11.298336 19.745447 -17.298452
v 14.494417 22.518234 -16.899426
v 13.344179 23.381827 -14.219524
v 13.800514 15.738680 -19.060270
v 15.394909 16.175152 -16.242014
v 9.124682 26.579913 -11.106554
v 8.174319 26.700471 -12.096643
v 10.381040 24.234531 -15.323224
v 9.561677 23.386943 -15.355436
v 10.921615 20.721405 -16.918934
v 10.221093 25.626063 -13.162650
v 14.710155 21.290529 -14.135186
v 13.974744 20.350899 -13.326343
v 12.080196 20.336637 -11.932076
v 10.238315 20.064508 -13.210501
v 11.233353 19.039379 -16.411614
v 13.588603 21.702387 -12.896489
v 13.549286 22.947838 -13.748867
v 10.603091 21.363107 -11.019494
v 6.993713 24.817505 -13.050471
v 10.065334 25.609156 -9.544704
v 11.186461 23.324555 -10.357270
v 8.669469 24.499412 -8.097960
v 7.235210 23.564310 -12.120257
v 9.559472 25.448779 -8.613874
v 9.740631 26.160615 -10.196696
v 7.970509 22.600302 -11.613210
v 6.426815 27.605846 -8.069387
v 6.750217 27.547852 -9.953433
v 7.900191 26.424148 -6.954031
v 6.193739 24.194568 -10.147595
v 1.328090 23.806930 -9.887200
v 4.746586 27.574013 -8.763628
v 7.468166 27.140627 -7.479088
v -2.362248 24.663972 -1.554659
v 3.945528 24.820729 -0.577293
v -3.622222 24.169914 -5.631783
v -4.187414 23.504652 -6.112735
v -2.303710 22.514896 -6.283151
v -2.460109 24.441217 -5.072833
v -2.199566 24.912853 -6.126808
v -2.733707 23.686055 -4.493198
v -1.960227 23.081091 -4.964949
v -2.553141 23.314243 -6.869791
v -2.704789 22.706426 -6.486994
v -2.125518 24.387344 -7.052814
v -1.681184 23.806498 -5.131879
v -1.028074 23.566656 -5.391957
v -1.563172 23.777857 -7.608266
v -1.833975 24.998371 -5.193892
v -1.236160 23.582370 -5.867100
v -0.249427 23.452737 -4.578981
v 1.954130 23.660310 -4.658030
v 4.575407 24.133966 -9.311856
v 2.552486 23.572778 -4.478117
v 5.191686 23.837128 -8.812796
v 4.470755 22.558121 -3.101049
v 5.884671 23.770831 -2.072706
v 3.334293 27.180280 -5.333880
v 6.100145 22.990499 -7.522961
v 3.403340 23.674060 -9.664990
v 7.625169 24.321851 -6.387392
v 3.872241 25.936376 -10.740758
v 5.128798 16.632454 -59.086524
v 1.820950 25.181187 -70.158411
v 1.874715 24.717783 -70.171176
v 2.911236 22.282512 -68.944377
v 2.956008 19.999452 -68.729392
v 3.196870 18.179320 -69.938170
v 2.421861 15.841132 -69.766059
v 2.442811 15.432095 -70.960806
v 2.877110 16.517354 -72.136727
v 3.654097 20.523957 -72.013462
v 2.230614 24.170723 -72.693820
v 1.969745 25.036996 -72.112566
v 1.875245 25.352996 -70.378535
v 6.411036 21.477393 -78.323001
v 6.054186 22.850142 -79.647220
v 14.794090 17.106830 -55.151020
v 17.248915 17.904409 -51.635807
v 18.653080 16.803910 -47.991500
v 18.692170 15.812100 -46.683810
v 19.382392 15.715198 -43.296885
v 19.848184 16.172910 -39.314490
v 21.161371 16.668259 -32.427330
v 4.844904 26.118111 -11.206906
v 3.195570 24.857872 -10.427762
v 14.858775 3.850321 -48.756686
v 11.278815 1.765196 -48.341990
v 9.564910 1.416320 -48.932670
v 7.602710 0.415590 -49.259000
v 5.463450 1.118000 -49.472130
v 16.164610 4.559110 -48.340450
v 16.709262 5.512129 -48.158333
v 17.156896 6.238618 -46.727877
v 17.721781 7.333872 -39.834187
v 18.638180 8.327100 -35.041690
v 19.674292 9.250373 -30.490011
v 22.009410 8.997290 -26.569200
v 21.628080 9.390770 -24.833130
v 17.736346 12.950140 -20.061403
v 11.583727 19.234774 -12.698196
v 8.746089 23.386557 -9.052157
v 7.699206 24.348222 -7.511486
v 7.356564 25.680880 -5.524588
v -2.784444 23.411552 -3.560313
v 0.066031 22.854079 -1.987321
v -1.600436 24.267941 -5.532379
v -2.149470 25.231640 -5.683000
v -2.638746 24.188740 -5.414300
v -0.613212 23.359146 -5.524242
v 0.280103 26.711059 -6.313489
v -1.926190 25.947240 -5.339320
v 0.717696 26.303339 -9.069837
v 0.867590 25.373200 -9.771230
v 6.824818 22.810909 -6.344457
v 5.839536 22.440163 -4.287298
v 4.704704 22.970511 -7.489693
v 4.571170 23.232415 -8.587033
v 3.030030 23.027130 -9.143300
v 3.178385 22.884199 -8.321955
v 12.613646 2.824453 -45.729522
v 3.061349 2.171130 -48.107693
v 15.123070 5.381410 -46.886800
v 15.521650 6.580410 -47.059130
v 15.704638 7.079533 -46.230199
v 16.491906 7.862927 -39.909832
v 14.339098 7.206036 -45.492355
v 18.322886 9.298082 -33.045340
v 18.720246 9.638385 -30.973057
v 20.856360 9.542697 -27.859140
v 20.280708 10.313109 -24.431236
v 16.126743 13.598560 -19.965594
v 11.038559 19.377450 -13.080973
v 8.124682 22.879534 -9.939822
v 6.896423 24.981365 -3.608813
v 14.403070 4.129810 -46.718430
v 13.004306 20.902274 -19.015943
v 18.508953 16.558475 -26.171996
v 21.380801 15.798995 -29.016246
v 8.118702 27.168313 -9.082508
v 5.396950 25.120907 -11.417287
v 8.918268 25.049309 -8.011812
v 5.906460 27.136292 -10.977774
v 8.704178 26.457008 -8.142813
v 7.491919 25.909798 -13.099900
v 8.022208 25.278739 -6.822611
v 3.527771 27.102618 -9.653205
v 7.225181 24.073167 -7.685631
v 6.642843 24.008010 -8.372655
v 5.637224 24.273444 -9.811194
v 4.473358 25.163417 -10.742385
v 3.198562 26.457619 -10.261380
v 14.830704 16.655357 -41.493364
v 14.799479 13.126034 -38.798062
v 9.149633 2.440271 -40.002011
v 6.781016 1.027219 -42.775833
v 4.614550 1.640470 -37.083344
v 13.851119 8.963692 -38.187868
v 14.093050 11.731535 -34.893494
v 14.952294 14.836511 -39.047361
v 9.548668 3.576310 -35.394904
v 6.437597 1.391890 -39.151772
v 12.849977 9.165354 -32.828892
v 11.965064 4.619251 -37.862116
v 13.118803 16.611357 -34.653745
v 13.505433 11.987204 -32.410094
v 13.859000 15.085443 -35.325540
v 2.430029 2.492530 -36.187005
v 13.312621 11.757533 -30.642816
v 9.644501 4.433231 -29.436608
v 11.942705 7.781883 -29.969504
v 11.051738 5.338157 -32.956794
v 12.519130 16.841220 -31.016310
v 12.847484 15.393124 -27.161719
v 5.849021 2.217706 -32.092806
v 4.234127 2.879354 -28.594924
v 12.506801 11.576392 -25.940064
v 11.210374 18.127019 -28.834024
v 12.660142 13.447539 -25.716185
v 7.199736 2.758433 -30.502649
v 11.504977 8.229312 -25.960043
v 12.195338 17.459438 -24.105469
v 9.942682 5.861670 -24.615611
v 8.346951 3.341077 -30.185450
v 6.004624 3.666562 -25.227621
v 2.266404 3.518307 -27.888622
v 12.233474 9.930209 -24.090452
v 13.814363 13.699977 -19.897740
v 12.640996 15.890919 -24.416367
v 4.047236 4.598878 -21.854813
v 12.341163 9.236236 -22.579063
v 13.023093 12.052335 -23.212215
v 10.820505 6.803759 -24.996120
v 9.449355 6.019340 -22.140817
v 7.548781 4.547251 -23.835913
v 1.968582 4.770811 -22.824615
v 8.925857 6.287640 -19.858077
v 6.038567 5.094817 -20.835742
v 13.935652 11.726814 -17.606167
v 12.837599 18.149123 -38.850848
v 9.144003 20.652670 -37.660413
v -0.020460 23.930539 -33.115088
v 6.781372 21.779319 -31.468352
v 4.557556 22.998654 -30.241314
v 6.352625 22.229950 -27.452608
v 7.969135 21.072691 -26.796915
v 3.399158 23.433696 -31.930199
v 1.016045 23.358419 -29.008478
v 9.533940 19.857120 -30.312490
v 3.645649 23.462295 -37.599024
v 5.246482 22.518326 -20.888431
v 10.443739 19.000393 -33.598782
v 10.539196 19.501656 -26.929870
v 11.121671 18.859118 -23.342628
v 1.968913 23.526974 -17.714359
v 0.386321 22.744728 -17.252201
v 1.215297 23.416989 -15.619246
v 5.508402 23.123561 -17.697239
v 3.710550 23.545720 -18.792230
v 9.721371 19.985404 -22.811164
v 13.479628 17.908674 -17.190836
v 14.142225 15.975786 -16.922613
v 13.482884 9.945505 -17.424177
v 10.653712 20.399825 -17.444712
v 12.677778 19.513641 -15.714558
v 13.447097 11.434194 -20.343219
v 12.625291 17.799895 -20.208488
v 13.222341 16.074584 -20.552785
v 11.055052 7.408340 -20.290914
v 1.305550 23.042847 -21.667611
v 3.536198 23.133345 -21.801503
v 7.808565 20.944707 -23.079090
v 3.813219 23.698716 -15.848468
v 5.938311 23.557485 -12.946942
v 14.991117 10.651786 -13.554582
v 14.615038 15.540799 -13.871312
v 14.555515 13.627945 -15.531926
v 11.287159 20.752861 -14.780458
v 7.449312 22.745201 -14.946563
v 12.442999 8.663050 -18.458281
v 12.221438 8.095173 -17.588026
v 13.010902 6.982288 -13.865796
v 9.407872 6.337668 -17.574532
v 6.493702 5.650474 -18.093026
v 3.808541 5.093427 -17.866770
v 1.999190 4.936122 -21.031091
v 7.368842 5.649814 -16.716065
v 1.965390 5.124610 -17.726840
v 8.608067 4.836816 -14.082368
v 5.355126 5.382325 -16.594819
v 2.818912 4.859698 -15.231415
v 11.237555 7.009241 -16.909913
v 12.959163 5.822773 -10.105641
v 7.960389 2.940231 -8.144399
v 5.091998 2.568719 -8.420730
v 3.469990 2.763110 -8.688580
v 2.361148 3.609930 -10.341019
v -0.007553 4.491475 -6.418603
v 11.392106 5.600989 -13.139595
v 7.595082 2.117292 -4.466585
v 3.601657 1.922406 -5.126173
v 1.584560 2.889120 -5.456610
v 0.835960 3.857900 -5.859990
v 12.371551 4.370902 -3.120752
v 7.312644 2.186208 -0.834706
v 4.419400 1.994008 -1.931573
v 2.390590 2.539710 -2.279270
v 1.113370 3.476908 -2.413938
v 10.381118 3.123128 -5.150268
v 2.764411 2.945288 -0.117039
v 9.916410 2.951710 -1.871600
v 9.560042 3.281481 0.336349
v 6.081203 2.692410 1.488814
v 5.598379 3.331658 3.090727
v 2.273391 4.060411 1.359805
v 0.877686 4.620067 0.112911
v 0.309479 6.292154 0.519681
v 11.639354 4.536720 2.175974
v 4.394160 4.183820 3.706350
v 6.687146 4.700530 5.979303
v 3.989890 6.051220 5.257450
v 1.812328 6.603374 3.513748
v 0.523568 7.579030 2.211311
v 9.126579 3.574746 3.870547
v 4.599730 6.638710 7.423440
v 0.047921 7.697747 2.679870
v 9.170090 4.239810 5.799310
v 14.291220 8.340555 -13.065218
v 15.733047 14.899594 -9.065604
v 14.239312 17.632147 -11.926019
v 13.767320 19.883059 -7.805096
v 14.329540 7.038810 -8.101580
v 15.180580 8.964787 -5.544309
v 16.288265 14.397871 -5.192695
v 15.865724 12.145394 -6.150357
v 15.930704 17.114304 -5.323141
v 14.565819 19.437791 -3.934810
v 14.129221 6.326908 -3.428047
v 15.954491 11.341566 -1.047613
v 15.311134 8.339435 -0.516999
v 13.828740 6.284660 -0.568760
v 16.431630 14.171960 0.116391
v 15.899744 16.696339 -1.684743
v 14.647922 19.317658 0.898749
v 16.833966 11.345876 4.743287
v 13.928836 5.992526 1.777180
v 17.010776 14.079639 4.468110
v 11.319445 21.189867 -11.755506
v 5.902720 23.303020 -9.378830
v 9.833444 22.038457 -10.319184
v 4.904418 23.023777 -7.209270
v 7.968070 22.477500 -7.542510
v 12.247697 21.365356 -6.652345
v 4.108407 22.364430 -4.884104
v 5.982978 20.804610 -3.713103
v 10.139352 22.170135 -5.853013
v 7.922300 21.827930 -5.353230
v 10.335428 21.807112 -4.119061
v 12.807767 20.848162 -0.666425
v 5.337980 20.141230 -1.138470
v 10.309191 21.739255 -0.303112
v 7.703790 21.192490 -0.906180
v 2.307030 19.396740 1.366150
v 4.551460 19.690510 1.128540
v 7.763600 21.649718 3.020341
v 5.795727 20.187142 3.778806
v 2.351603 23.476983 -7.950835
v 2.265594 22.309186 -3.724398
v 2.249001 20.507221 -0.312147
v 7.838613 22.904224 -10.082292
v 3.418422 23.759665 -11.592482
v 0.980386 18.230683 2.461771
v 0.528810 15.930530 3.208600
v 0.086229 11.788933 3.613191
v 0.588427 8.775512 3.203264
v 2.032990 18.561090 2.707500
v 1.177690 10.198430 3.865780
v 15.356988 12.832753 -11.992917
v 12.805910 19.799690 -12.582550
v 12.167167 5.197796 6.486668
v 15.961255 8.839298 6.528683
v 14.224258 6.768322 6.895878
v 13.121960 21.509109 6.168849
v 2.527520 18.570910 3.795880
v 1.030732 16.149511 3.436668
v 1.064267 12.151793 3.704639
v 1.541015 10.177879 4.880634
v 10.511116 22.161028 4.037367
v 5.312250 20.641769 7.055666
v 2.791116 19.055361 6.580488
v 0.816131 11.734875 7.189153
v 1.656969 9.807012 9.349998
v 1.768790 8.507020 4.464820
v 16.414914 16.832438 4.722091
v 2.590210 8.297200 5.796620
v 7.517916 6.122275 10.627867
v 8.169982 22.810107 10.172000
v 9.727758 5.996796 10.749931
v 17.193183 14.463052 8.961235
v 17.034707 11.908672 9.545203
v 1.132352 16.552175 8.766752
v 4.939064 6.948271 9.826446
v 10.781087 22.863589 8.606304
v 15.061955 19.969337 8.559652
v 3.046106 19.035528 9.982666
v 0.992691 11.937642 11.058401
v 2.932743 8.165407 8.109742
v 5.084701 7.457058 18.399550
v 12.326775 6.640626 10.981960
v 10.154251 6.973107 16.424510
v 15.745421 10.129252 13.050295
v 14.099943 8.802462 15.625864
v 10.709914 23.460612 14.331044
v 5.416581 21.442406 12.058211
v 13.154941 22.072968 11.735075
v 16.402932 17.494997 10.079714
v 9.386539 8.881181 27.777969
v 15.042759 11.285093 18.399635
v 10.614670 23.480890 18.672170
v 5.280740 22.186130 18.673260
v 12.934457 22.214886 16.729141
v 3.157471 19.528657 17.682936
v 15.506925 17.983358 17.553545
v 7.424455 8.552482 28.274324
v 8.616684 23.348574 24.658046
v 14.655800 15.986853 23.608888
v 10.966845 22.858583 23.782727
v 6.016947 22.615686 25.342186
v 2.259053 17.888260 24.252957
v 1.131014 13.517638 24.158626
v 5.101518 9.003661 28.900057
v 11.430304 10.089190 27.581471
v 13.165483 13.292665 27.817001
v 12.772548 10.760580 25.261679
v 12.797353 21.106716 25.111202
v 13.628921 19.340243 26.541220
v 3.635716 20.548117 25.330774
v 1.592624 12.251783 29.180290
v 14.203742 17.537837 25.779979
v 2.934139 9.849108 27.336577
v 9.198710 22.573480 30.031530
v 12.622779 14.110067 32.368695
v 6.716710 22.719850 29.728360
v 2.346350 19.390168 33.300875
v 1.260102 14.193402 30.112441
v 5.005271 10.788891 36.216737
v 8.559851 10.906406 36.324327
v 11.073196 11.477345 32.262957
v 12.272219 14.995948 37.469976
v 11.043239 21.092549 32.602359
v 6.988281 22.374802 34.171113
v 11.965444 19.787142 33.211818
v 12.496567 18.451294 33.178109
v 4.053523 21.400196 31.400154
v 12.734554 16.408195 32.956155
v 6.812213 10.603216 36.125934
v 9.342987 21.862909 35.180982
v 11.855752 13.916407 36.680923
v 12.450383 15.928406 36.033915
v 10.655280 20.827370 36.743750
v 11.958739 17.666004 37.986080
v 2.827070 19.965820 36.718310
v 1.852552 13.158780 35.455733
v 3.255130 11.684651 36.444588
v 5.256364 10.919761 39.417646
v 9.021580 21.311820 39.092950
v 9.945470 11.816550 36.943670
v 8.537065 11.028935 39.888241
v 7.025960 21.896940 38.908660
v 11.298972 19.362077 38.047177
v 4.536764 21.694784 38.824643
v 2.723630 20.192210 39.454120
v 1.323552 15.231381 38.194028
v 2.013297 13.146836 39.549072
v 6.893944 10.691664 39.186269
v 8.812390 21.517740 41.909130
v 11.866691 14.051899 39.828316
v 10.016735 11.924556 40.776095
v 12.296389 16.158750 41.994798
v 12.372304 14.913274 42.147817
v 10.193726 20.234399 40.103700
v 6.868520 21.963640 41.799360
v 11.786400 17.249535 40.766915
v 4.516136 21.280109 42.169173
v 3.171650 19.348930 42.055980
v 3.751707 11.699894 42.200646
v 6.042578 10.378823 42.445170
v 8.199970 21.265760 44.804550
v 8.302630 10.502250 42.451610
v 11.576468 12.883805 44.911362
v 10.283264 11.676481 42.986250
v 9.526840 20.225700 44.834940
v 6.487690 21.441540 44.844650
v 10.190198 18.874385 46.932126
v 11.113758 17.627377 46.545318
v 4.625840 20.315300 44.815860
v 1.963117 14.753527 43.276614
v 3.109763 12.156388 45.727060
v 6.334977 9.885305 44.811920
v 4.417036 10.549340 45.941458
v 7.766050 20.294450 47.644330
v 9.151482 10.192354 44.744381
v 11.980202 15.482995 46.105438
v 12.110356 13.952303 45.828913
v 9.332670 19.832150 47.331580
v 6.153400 19.759110 47.762790
v 2.584470 13.429290 46.911950
v 7.894851 9.733275 44.584741
v 11.812883 10.192714 49.638725
v 10.430617 11.109253 45.171833
v 8.903500 18.889670 50.096090
v 5.723018 17.759282 51.246527
v 10.030129 17.902936 50.678808
v 11.144543 17.176478 48.263678
v 4.937125 18.231970 48.185888
v 3.646112 16.297355 48.346805
v 3.146294 10.754984 48.985458
v 5.808730 7.144550 50.337930
v 3.388598 8.471016 51.802885
v 6.990277 18.019650 52.799662
v 7.393520 7.066620 49.917830
v 9.525040 7.872561 49.675277
v 12.733196 12.754914 54.408011
v 12.739063 11.356088 52.401054
v 3.712373 14.972963 53.160760
v 2.703963 12.346274 49.634217
v 5.466970 6.163650 54.216060
v 3.915110 6.895140 54.831590
v 7.633124 6.171593 53.781260
v 11.380680 8.506659 53.529464
v 7.952868 17.778098 53.586196
v 6.067935 16.791334 56.564822
v 10.904331 16.753676 52.788896
v 4.001540 14.501520 57.376480
v 2.637140 13.448570 57.240230
v 2.060764 9.791821 55.237001
v 11.960390 15.007844 53.771902
v 2.713750 8.142260 55.390560
v 3.551820 6.375350 59.269990
v 8.397787 6.304257 58.914788
v 7.069195 5.895227 58.714335
v 12.144970 12.836510 59.996300
v 12.347493 10.686384 59.533350
v 5.383032 15.744327 61.978780
v 8.079061 16.922120 60.030095
v 9.420190 16.347870 60.842320
v 2.401597 12.901493 62.005313
v 1.845452 8.683259 60.341709
v 11.011800 14.862500 60.341740
v 2.524740 7.404650 59.964910
v 5.158139 5.905957 58.947161
v 3.630602 6.828635 65.028106
v 11.254051 8.493162 59.765039
v 9.797108 7.101080 59.326517
v 10.424148 12.812562 67.657093
v 6.614658 16.512506 61.853271
v 7.216910 15.682790 66.798940
v 8.470640 15.559720 66.757190
v 3.496373 13.917279 62.234916
v 1.529220 10.161682 61.163572
v 4.414407 6.511665 71.619162
v 6.816487 6.269625 71.057047
v 9.577560 8.620980 72.092610
v 8.996420 7.607460 71.640350
v 9.915050 10.345630 72.096850
v 6.176551 14.191286 73.771377
v 4.479188 13.303617 72.150622
v 3.348420 11.434910 72.112810
v 3.424258 7.655823 71.756068
v 9.030564 14.220232 69.234529
v 6.807869 4.650803 93.436942
v 4.260589 7.121898 95.718259
v 8.454249 8.388228 81.434002
v 8.356930 7.696051 83.606058
v 8.374255 10.539977 85.006190
v 5.969097 5.506465 77.931837
v 7.472160 6.065410 77.570270
v 8.765829 7.759859 78.311233
v 7.592159 12.106059 82.256977
v 8.366486 11.072176 81.039745
v 5.879140 13.426453 78.111794
v 4.435339 12.632152 77.449750
v 3.820003 11.717851 77.695025
v 3.428641 7.901884 77.166808
v 6.962707 13.815737 75.728701
v 4.562155 5.445699 82.229493
v 6.144616 5.290003 83.028848
v 6.307837 13.042091 82.250002
v 4.260732 12.546284 82.304016
v 3.512180 8.124262 80.730359
v 3.685378 6.551314 79.363616
v 5.172509 13.039758 83.446277
v 2.942443 25.567884 -77.146959
v 3.596173 25.037727 -77.251072
v 1.768091 24.678809 -77.615724
v 1.855112 24.791129 -77.623070
v 2.499505 24.977169 -77.138957
v 1.857453 25.079735 -77.901868
v 1.493350 24.865174 -77.433505
v 2.122742 25.310123 -77.853247
v -0.608774 14.028941 102.455875
v 0.128322 13.348894 104.538063
v -0.921645 15.333421 106.072705
v -0.706182 14.654091 103.839179
v -1.957532 14.125126 102.863949
v -2.192279 12.661794 103.385159
v -2.820376 13.532989 105.283574
v -2.135387 14.621583 104.505117
v -2.305155 15.019107 106.429789
v -1.948067 13.441630 106.383353
v -0.746686 13.717561 106.316487
v -2.328084 13.553161 103.115640
v -2.289024 14.606661 104.752605
v -0.716295 14.822991 104.768162
v -2.611797 14.023113 104.450426
v -0.235399 13.708147 102.801013
v -0.210226 14.440959 104.208094
v -1.539203 12.016916 103.998140
v -0.776950 12.210414 104.386212
v -2.426036 13.446781 105.976287
v -2.779151 12.827848 104.410671
v -0.555029 12.590409 104.999072
v -1.163291 15.279108 106.501312
v -0.346688 14.216245 105.979491
v -0.132181 15.393607 105.936835
v 1.276700 15.147025 106.516975
v -0.084270 15.611495 106.725075
v 0.130820 14.768075 106.950787
v 0.767700 14.903530 107.011740
v 0.554422 15.762182 106.838902
v -0.029623 15.331525 105.168872
v 0.913821 15.575838 105.283110
v 0.483782 13.802491 106.121958
v 0.846925 15.678831 105.750331
v 1.337082 15.239412 105.387912
v 0.891848 15.707015 106.648033
v -0.252176 14.884416 106.012723
v 1.542288 14.358947 105.826560
v 0.078828 13.955612 105.865281
v 0.926240 27.636744 -73.055244
v 0.486153 27.983937 -73.131731
v 1.610330 25.332276 -73.317696
v 2.370896 24.769303 -76.103626
v 0.435134 26.719679 -75.872842
v 4.447561 24.152375 -77.636064
v 5.704229 23.126535 -76.729473
v 6.574832 17.026786 -73.535899
v 2.264099 24.501235 -77.489768
v 4.518515 23.054144 -77.372657
v 1.743684 23.121725 -77.010576
v 3.866979 22.408803 -78.527222
v 1.473327 26.388039 -73.228427
v 1.407117 24.932759 -77.002084
v 1.508798 25.370999 -72.782389
v 1.303911 26.121224 -71.809001
v 2.207846 25.336949 -71.718623
v 2.800330 25.055646 -73.737184
v 1.994437 25.536166 -70.837294
v 4.260395 24.338954 -73.419825
v 4.315693 23.421631 -71.447338
v 5.571207 22.326438 -72.585474
v 0.886289 25.635827 -67.210320
v 5.836503 23.105829 -74.845624
v 5.799631 22.951814 -73.590987
v 6.283667 21.844366 -74.243712
v 6.242408 22.649973 -78.332026
v 6.370583 20.343722 -73.882125
v 2.259520 24.143160 -66.946372
v 1.478519 25.089255 -66.787843
v 0.756281 25.323189 -66.465146
v 2.604963 24.116992 -68.086000
v 2.894853 24.802874 -76.654772
v 1.771258 24.260639 -66.301910
v 3.946530 22.424017 -67.911403
v 3.355540 23.683665 -68.919291
v 6.656589 19.488868 -75.685020
v 1.918205 25.225496 -82.882386
v 2.900762 8.345204 -72.770768
v 6.211470 13.999530 -72.872121
v 2.986542 9.281369 -71.210225
v 3.037670 24.579068 -70.160295
v 4.808933 22.143890 -70.054456
v 3.182740 22.461440 -78.833734
v 6.494863 21.314091 -76.467757
v 3.228764 24.790773 -72.229971
v 0.546382 26.530169 -71.698780
v 0.941648 25.607213 -72.311435
v 0.653251 24.657197 -73.331970
v 1.266001 26.368351 -70.691125
v 1.568560 16.826413 -72.661419
v 3.223407 9.975320 -86.489939
v 7.100338 13.406317 -77.065368
v 3.756350 6.948935 -82.292713
v 6.075979 9.438038 -78.826900
v 7.067348 12.101572 -78.127886
v 1.996637 6.391231 -82.904895
v -0.000000 5.419335 -80.765785
v 6.612562 17.171268 -80.294763
v 6.063901 14.961818 -72.099056
v 7.880080 15.052290 -77.563230
v 7.189089 15.917291 -76.972859
v 8.101160 13.699173 -76.387838
v 8.005384 13.530241 -75.390374
v 8.028841 14.379366 -77.266929
v 7.508212 15.172571 -72.161799
v 7.787412 13.854187 -73.974972
v 7.928988 14.665604 -72.911168
v 8.315651 14.669740 -77.186219
v 8.388230 13.615497 -75.073209
v 6.885407 16.281676 -73.196758
v 8.593750 13.867659 -76.129418
v 7.541660 15.958171 -76.657285
v 7.410305 15.700457 -72.209969
v 6.879534 16.178737 -74.800292
v 8.017119 14.821961 -76.858141
v 7.417042 15.575449 -73.067345
v 7.378094 15.767579 -76.352151
v 8.241157 14.008988 -73.880088
v 8.018983 14.798066 -73.133047
v 7.106489 15.809650 -74.365688
v 7.288706 15.482853 -76.494890
v 7.862153 14.780192 -76.185738
v 6.881497 15.982637 -73.596773
v 7.810251 14.701613 -73.723539
v 7.693301 14.995376 -75.588496
v 6.741866 15.758106 -74.688240
v 7.891732 14.491911 -74.853642
v 7.152693 14.569640 -74.573341
v 7.011243 14.757444 -73.983947
v 1.256162 7.131108 -73.283900
v 4.476006 9.912298 -72.628242
v 4.347892 22.286684 -85.017029
v 1.419654 22.579881 -86.250102
v 5.846743 11.867225 -72.748549
v 7.770436 14.708654 -74.130241
v 6.431917 15.749149 -73.922885
v 7.528378 15.666534 -73.583345
v 8.232109 14.391393 -75.202300
v 6.587007 15.716934 -73.607870
v 6.579696 14.904142 -74.044305
v 7.380350 15.038221 -75.399537
v 7.054733 15.448176 -75.368743
v 6.470049 15.377424 -74.475393
v 7.977504 14.185528 -76.172613
v 6.993334 16.210567 -75.370789
v 8.222420 14.058073 -74.323510
v 6.693893 15.134455 -75.058376
v 6.705172 15.050103 -74.649600
v 6.768092 15.550222 -74.792386
v 6.874910 14.731419 -75.139091
v 7.709810 15.062873 -73.700424
v 6.980293 15.503967 -76.212101
v 7.143824 15.887944 -75.448105
v 8.309754 14.309170 -74.614743
v 7.672350 14.936441 -76.738346
v 7.759044 14.003280 -76.448659
v 7.438281 14.769760 -77.219325
v 7.568533 13.917890 -74.582412
v 6.997888 15.990963 -72.109093
v 7.233378 14.776363 -73.099354
v 6.811182 17.304491 -76.109512
v 7.025515 16.309470 -76.345576
v 6.862179 16.671159 -76.929512
v 7.136416 13.635561 -75.133384
v 7.146015 13.986727 -76.617512
v 6.962567 14.773329 -77.193131
v 6.484196 16.097238 -72.046093
v 6.872312 14.532932 -73.246216
v 6.865509 15.649860 -77.515494
v 6.667606 15.320661 -72.300761
v -1.903252 13.019006 100.303901
v -2.235002 11.291988 100.930394
v -0.371875 12.030657 103.353294
v -0.000974 11.390324 103.209653
v 0.156065 13.536112 101.487749
v -1.787262 10.834395 101.812650
v -0.008590 13.552790 100.399580
v 0.078374 12.485266 103.088833
v -1.345067 10.479639 101.995712
v 0.680875 11.039537 102.939059
v -2.268481 12.150322 100.519588
v 1.116717 15.278325 104.208448
v 0.611459 13.161324 104.091953
v 1.693816 13.348432 104.245075
v 1.450456 15.051366 103.426039
v 1.056457 14.370310 102.347814
v 1.896188 14.054353 104.261436
v 0.486938 14.737703 103.035921
v 0.662206 14.011151 102.039950
v 7.795080 0.398300 85.807670
v 0.291006 15.086446 103.958014
v 0.319185 13.738176 103.673658
v 1.722545 14.690473 104.036356
v 1.676735 14.135928 102.209298
v 0.225514 12.980982 102.751675
v 7.759890 1.221910 84.913570
v 0.708059 12.129683 103.646925
v 1.834130 12.318871 103.630244
v 0.612183 13.720590 101.277013
v 2.042351 13.191179 103.119693
v 7.404375 2.374160 84.057663
v 2.109272 12.286027 103.130292
v 1.939025 14.002661 101.462124
v 0.426273 11.656954 103.120537
v 1.808317 14.127360 105.523858
v 2.110229 15.404096 104.719374
v 2.981731 13.901184 105.824101
v 2.594941 15.573265 106.193291
v 1.751608 15.696564 105.975086
v 2.695108 15.538588 104.824513
v 2.287647 13.859654 105.877333
v 1.965197 15.400878 105.306839
v 2.710693 15.596692 105.483711
v 3.177779 15.139541 105.312956
v 1.729822 15.046371 105.157918
v 2.841780 15.010050 106.255749
v 1.970194 15.340505 106.376788
v 1.630500 14.735029 105.874996
v 2.416776 15.898234 106.051981
v 3.217815 14.555429 105.679621
v 3.474868 13.747087 104.567138
v 3.184927 13.351907 104.412102
v 3.179824 15.166960 103.791288
v 2.084308 14.470300 103.763198
v 2.809795 13.993625 101.663026
v 2.332218 13.361244 103.041097
v 3.801153 13.519577 103.258792
v 3.528383 14.066436 102.380387
v 2.591927 12.576769 103.309703
v 3.548964 14.264097 104.245611
v 2.240646 15.049125 103.512490
v 2.268874 13.559057 104.213194
v 3.444079 14.788329 103.976704
v 2.966649 12.508314 103.755924
v 3.563472 12.737704 103.737502
v 3.846800 11.828330 103.002170
v 2.460463 13.814105 102.274510
v 3.774846 13.844571 101.601817
v 4.117965 12.609848 102.973264
v 3.589216 15.091281 105.065973
v 4.515949 15.123903 104.684688
v 3.511359 14.263112 104.751191
v 4.843335 14.766754 105.143807
v 3.711502 14.285491 105.450185
v 4.415881 14.407735 105.655760
v 4.897854 14.791155 104.422890
v 3.686365 14.880584 104.558820
v 3.585927 14.709947 104.317813
v 4.303622 15.237197 105.220684
v 3.955070 13.496865 104.940516
v 5.037829 14.137588 104.789117
v 5.114465 13.052417 103.790483
v 4.940473 14.708874 103.030933
v 4.050462 14.387331 102.602436
v 5.470885 13.764044 103.234437
v 4.503146 13.788315 101.367584
v 5.276617 13.621936 103.833586
v 4.682473 14.939985 103.949728
v 3.939978 14.596864 103.251991
v 3.944477 13.559777 103.510534
v 4.279165 12.982164 103.708346
v 5.475471 13.579020 101.750886
v 4.104790 13.185363 102.861812
v 4.453869 12.468157 103.219413
v 5.401339 12.881917 103.269838
v 4.687515 11.882976 102.988158
v 5.702697 12.190607 102.766568
v 4.226709 13.729814 101.936344
v 5.921394 13.489510 101.763964
v 6.368409 12.506218 102.919770
v 6.059757 14.118210 101.986374
v 7.035129 13.731495 101.753559
v 5.842682 13.137555 103.107007
v 7.227726 12.343126 102.405230
v 5.733304 13.085174 102.382417
v 7.748880 13.030340 101.116360
v 6.197650 13.639250 100.858810
v 7.425295 12.924594 102.225887
v -1.605577 14.692903 106.688574
v -1.446587 13.712248 106.593734
v -1.641468 12.173416 105.002615
v -0.869528 10.979637 102.661536
v -1.416085 14.662624 103.498099
v -2.472763 15.023221 105.983124
v -0.804080 13.521140 99.545810
v -1.161691 14.067014 101.911537
v 0.424767 12.607846 96.771333
v 3.915677 13.116231 97.782922
v 5.552631 12.413308 97.432877
v 8.328564 11.921854 99.818110
v 8.684819 10.859112 99.853359
v 2.491527 12.977618 95.856101
v 4.567100 12.747971 96.001551
v 7.893369 10.751162 95.492475
v 6.398210 11.873861 95.394890
v 1.171463 12.913069 96.673982
v 8.144860 0.320993 87.197213
v 1.278120 11.766810 93.169190
v 3.486390 13.178200 93.083500
v 6.942860 11.885744 90.617690
v 7.822756 10.605128 92.386225
v 8.855704 9.711424 96.309306
v 5.075233 12.888874 93.068851
v 2.579883 12.797883 92.450579
v 2.015756 10.095705 89.047643
v 4.952448 12.856056 90.418951
v 9.130748 7.127736 86.138905
v 8.002002 10.717247 89.728145
v 8.483554 9.526004 93.275064
v 3.530789 12.984964 89.571428
v 2.824200 12.315260 89.374090
v 1.791849 12.305375 92.498070
v -1.080740 8.885010 99.392330
v -0.854139 10.605448 96.947534
v 0.017350 8.747240 97.537500
v -1.072514 9.675934 98.132101
v 0.004680 10.674445 95.349344
v 0.708663 9.279908 93.695314
v 0.587840 9.011530 94.816120
v 7.665135 10.031472 100.678250
v 8.799170 9.407270 97.698720
v 8.120247 8.682596 98.308567
v 7.768505 7.844453 97.294667
v 8.989680 7.302330 94.815080
v 9.009920 7.413923 94.085028
v 0.942313 8.921784 100.625801
v 4.849540 9.814400 100.738925
v -0.394740 8.729810 99.993230
v 9.231571 8.157742 86.375703
v 6.978770 6.567155 95.816514
v 2.046452 7.602983 95.515807
v 0.989178 8.374490 97.201832
v 3.247436 8.642772 98.337456
v 4.908778 8.621904 98.317712
v 9.073244 1.817688 89.262711
v 4.365976 1.421418 86.540760
v 4.671820 0.398870 87.900220
v 3.582853 2.078332 89.487031
v 4.201698 2.266609 90.693362
v 2.991677 4.277461 91.159785
v 6.113820 -0.060620 85.982800
v 7.955962 0.485852 88.213492
v 6.293565 -0.124380 87.504357
v 8.426166 3.561282 84.807961
v 7.553400 4.479210 84.640230
v 8.686533 1.135252 86.124372
v 9.100678 4.435626 86.376572
v 3.127076 10.420364 83.775512
v 8.358720 6.099309 85.994974
v 9.350815 1.837210 87.885673
v 9.267766 5.234716 87.627218
v 9.565962 2.760391 89.175061
v 2.204672 9.374206 86.851253
v 2.887922 4.862486 88.720224
v 2.122010 7.347504 88.836412
v 2.554487 8.323708 85.387586
v 2.943032 5.927920 87.335662
v 3.084938 6.841472 84.379956
v 3.821408 5.344172 85.607412
v 5.906365 4.565924 83.689269
v 5.373480 3.345620 84.309240
v 5.521496 1.423310 84.741571
v 3.556826 12.228198 84.894592
v 3.794020 6.794500 82.654280
v 3.341061 8.418798 82.730321
v 7.351691 6.242302 83.814798
v 7.509294 11.807180 86.981051
v 4.273886 13.122722 87.883521
v 9.051690 7.675137 88.030237
v 5.638619 4.979068 83.268776
v 7.448890 6.041316 84.842700
v 4.663756 5.385889 83.929278
v 9.201928 7.254923 88.952799
v 6.358680 12.762899 85.953552
v 8.905980 6.527580 87.039880
v 0.837666 14.046274 3.700939
v 0.595576 13.893200 7.404168
v 0.845985 14.163006 11.820006
v 0.861563 14.847972 15.373667
v 1.449831 15.845385 26.763831
v 1.586637 17.251032 35.062828
v 2.187079 17.959321 39.828453
v 2.614130 16.326960 44.608150
v 2.819935 13.947089 49.813061
v 2.581330 12.984830 52.730370
v 1.601626 11.540491 61.145854
v 2.936102 10.125225 70.976393
v 3.702126 11.547644 81.580514
v 9.063568 3.160434 90.851531
v 9.490653 4.442795 90.208862
v 1.354446 8.238387 94.580763
v 1.483634 7.876331 92.013895
v 1.326887 8.806580 91.614685
v 2.892676 11.079081 86.198504
v 9.005450 8.965590 91.279870
v 6.509501 8.292044 98.324765
v 8.938164 7.963863 91.624325
v 8.753702 9.304623 86.392123
v 8.705998 4.773045 92.753018
v 5.290278 0.706221 89.485083
v 2.775959 5.710356 93.213093
v 5.600243 1.735420 90.769934
v 8.251209 2.295389 90.650640
v 5.361346 4.638869 93.340572
v 4.680652 3.192074 91.870701
v 2.125938 14.745541 106.439441
v 4.354353 13.172881 104.317515
v 1.378472 13.103217 104.388981
v 0.986264 13.040194 104.349459
v 1.080603 13.981424 106.204527
v 4.844079 13.690016 105.036518
v 4.471375 14.699853 102.659702
v 2.741531 13.248320 104.326067
v 3.058447 14.215466 101.980773
v 4.880377 13.913292 101.295136
v 0.863981 15.232826 103.397550
v 6.149309 12.201097 102.724813
v 2.630867 15.199572 103.438560
v 0.669358 15.887917 106.440560
v 1.872310 11.101260 102.598340
v 4.045344 15.110579 104.468337
v 4.781133 12.951282 103.996760
v 5.203509 12.314736 103.317918
v 2.865826 11.790135 103.121555
v 6.478475 14.201613 104.574169
v 5.497970 14.610251 104.647050
v 6.750640 13.752379 104.157939
v 5.536748 14.351165 103.825839
v 5.403537 14.601278 104.411290
v 6.631377 14.338813 103.603136
v 5.908286 13.170045 104.155346
v 6.234337 14.504536 103.816067
v 5.293481 14.127508 103.709051
v 6.171719 14.732242 104.289227
v 5.261166 13.874875 104.063213
v 6.363832 14.628886 102.985221
v 6.514458 12.879373 103.394967
v 6.623420 14.468426 102.604125
v 6.150703 12.863417 103.359767
v 5.668682 13.960659 102.692688
v 7.095281 13.740056 103.282229
v 5.566258 13.395832 103.885168
v 6.337783 13.110138 104.149907
v 5.713532 14.439527 102.719426
v 6.358374 14.285968 101.973544
v 5.719991 13.886652 104.750816
v 5.861608 14.662125 104.771272
v 6.146700 14.622832 103.485645
v 5.612025 14.457314 103.470162
v 6.913486 13.718660 100.606258
v -1.260073 11.630506 98.779794
v -0.495706 12.299158 97.956020
v 1.127144 13.151694 98.727484
v 3.194357 13.254327 99.196851
v 4.611948 13.069306 99.033150
v 6.560063 12.511086 98.754112
v 8.410993 10.310184 100.265326
v -1.561952 9.621542 100.295851
v -1.086220 9.310490 100.950850
v 0.655408 9.660580 101.689604
v 2.171735 9.675268 101.166482
v 6.867779 9.809661 100.721013
v 5.804584 9.794720 100.838590
v 2.546343 10.128429 101.681406
v 7.424672 12.312124 99.039535
v 1.537678 16.800349 13.971118
v 0.881314 12.612660 15.533971
v 1.383660 10.951172 18.850261
v 2.900030 8.696026 17.004068
v 7.590320 6.964870 18.574010
v 12.089435 8.451382 20.045318
v 15.949192 13.170286 17.362763
v 16.110630 15.468960 16.814710
v 14.604290 20.221279 15.785176
v 8.001704 23.521249 18.249570
v 3.545688 25.177147 -77.591248
v 4.419783 24.809584 -77.455875
v 2.392896 25.299158 -77.372839
v 2.136381 24.773950 -77.438801
v 2.602410 22.118730 -77.436420
v 2.622410 21.495820 -77.418630
v 3.430810 21.757830 -77.485870
v 3.430710 22.436550 -77.459100
v 2.602410 22.102550 -78.176160
v 2.602410 21.459630 -78.168480
v 3.430790 21.738830 -78.246710
v 3.441810 22.431750 -78.228510
v -2.602410 22.024120 -77.432990
v -2.622410 21.412640 -77.415780
v -3.430810 21.658290 -77.482540
v -3.430710 22.323210 -77.455570
v -2.602410 22.021590 -78.175290
v -2.602410 21.392530 -78.168430
v -3.430780 21.646120 -78.245480
v -3.441810 22.323150 -78.226340
v 1.820098 24.501205 -78.474255
v 1.476927 23.345062 -78.612289
v 2.135531 21.978330 -78.080993
v 2.811913 25.114787 -77.896883
v 2.630362 24.548231 -79.085302
v 2.378610 23.398450 -79.333200
v 2.455790 22.428820 -78.949840
v 3.563615 24.983837 -78.326561
v 3.731002 23.930855 -79.288940
v 3.398006 22.506281 -79.140416
v 4.436966 24.236503 -78.437557
v 4.552700 23.316210 -78.636990
v 4.182685 22.394362 -78.562301
v 3.026438 21.801582 -78.290524
v 4.381703 24.150079 -77.432439
v 4.535090 23.174910 -77.476730
v 4.156122 22.220225 -77.599377
v 3.410458 24.965190 -77.377789
v 3.646792 24.135162 -76.640137
v 3.592120 22.833174 -76.543927
v 3.303269 21.846949 -77.307345
v 2.587824 24.333225 -76.671704
v 2.336865 22.979102 -76.515674
v 2.629932 21.866775 -77.258040
v 1.817821 24.429792 -77.466246
v 1.465212 23.151988 -77.445481
v 1.807000 22.345700 -77.570390
v -2.809277 25.091289 -77.701650
v -1.817333 24.497482 -78.457961
v -1.477004 23.342918 -78.595885
v -2.362080 21.879243 -77.920310
v -2.631185 24.548347 -79.070028
v -2.374839 23.367149 -79.320576
v -2.020880 22.314202 -78.614931
v -3.027311 21.801740 -78.289547
v -3.617455 24.978724 -77.634665
v -3.390089 24.941597 -78.547236
v -3.734830 23.944653 -79.278365
v -3.404938 22.520910 -79.151521
v -4.437034 24.236298 -78.469688
v -4.552700 23.316210 -78.649690
v -4.182592 22.394798 -78.563058
v -4.378659 24.156272 -77.435824
v -4.535090 23.174910 -77.476730
v -4.156060 22.220141 -77.599350
v -3.199641 21.791803 -77.370353
v -3.647061 24.134525 -76.639520
v -3.592991 22.834748 -76.543741
v -2.586858 24.330230 -76.666916
v -2.336752 22.981235 -76.514443
v -2.503178 22.007661 -77.098119
v -1.818486 24.431262 -77.466317
v -1.465230 23.151962 -77.445469
v -1.807000 22.345700 -77.570390
v -4.718664 15.548122 -67.368647
v -3.480302 15.508984 -66.279670
v -6.942138 13.252688 -64.313296
v -7.430288 14.104893 -64.631474
v -5.256233 13.991146 -65.231720
v -4.130403 14.273852 -66.643751
v -3.856685 13.967652 -66.246974
v -6.115703 13.085886 -64.412697
v -5.716748 13.982941 -64.453766
v -6.309274 13.669992 -64.289147
v -3.244755 15.334666 -65.501629
v -3.576779 14.224870 -66.207362
v -4.540970 13.705366 -65.767580
v -6.638779 14.174559 -64.415698
v -5.806284 14.626456 -65.010785
v -5.155113 14.968646 -66.408446
v -6.133854 14.673826 -64.973281
v -6.606567 15.549199 -64.883643
v -5.399518 14.780434 -64.794359
v -5.445016 14.940814 -65.123083
v -4.796985 13.956607 -66.073433
v -4.177685 15.467096 -67.134981
v -3.924579 13.920531 -65.210068
v -4.817027 15.120734 -66.794225
v -4.901599 14.459423 -66.377170
v -6.183975 16.507581 -66.565418
v -6.491805 16.264353 -65.966509
v -7.088406 15.871270 -65.453117
v -6.339598 16.918423 -66.818451
v -6.184663 18.439633 -69.160697
v -4.261232 16.131659 -67.904794
v -5.785019 17.274844 -68.590157
v -6.614825 17.953895 -68.990622
v -5.191398 16.611975 -68.549705
v -5.645691 17.968939 -68.797258
v -5.552573 18.662782 -68.807623
v -4.984454 16.891033 -68.782327
v -4.770381 17.350411 -68.682348
v -6.137974 17.418864 -68.482804
v -7.076475 17.167937 -66.867854
v -7.534962 18.119536 -68.240218
v -6.767243 17.815465 -68.490151
v -6.091411 17.353986 -68.045277
v -6.738193 18.039919 -67.972864
v -9.173776 17.282233 -68.075768
v -8.612897 17.538645 -67.863055
v -6.440161 17.734061 -68.058595
v -7.685233 18.043245 -67.843298
v -6.511133 17.775684 -67.669454
v -5.971510 17.601888 -67.281502
v -7.887142 17.928369 -69.121491
v -7.286382 17.978829 -68.489285
v -6.666366 17.491870 -67.331159
v -8.600459 13.298548 -65.011591
v -9.769560 16.403802 -67.044355
v -8.127575 17.040789 -67.021953
v -9.055872 16.608510 -66.582799
v -9.389367 16.783012 -67.129540
v -10.082699 15.084324 -66.573934
v -8.630420 13.913605 -64.979307
v -9.324234 15.322839 -65.792010
v -8.582704 17.736435 -68.682509
v -8.970199 15.152721 -65.446251
v -9.405259 14.563588 -65.783775
v -8.399798 14.552421 -65.074905
v -8.829706 12.843229 -65.751710
v -9.042227 14.082663 -65.415024
v -8.569796 15.285871 -65.382018
v 8.690426 17.213396 -66.905274
v 8.844042 13.450496 -65.030142
v 8.235442 14.239140 -64.546134
v 8.730940 15.486229 -64.631200
v 8.150766 15.720079 -64.821772
v 9.686789 15.705670 -65.854178
v 8.588114 17.080970 -66.432489
v 9.753676 15.219775 -65.796554
v 7.790204 16.508913 -66.047369
v 8.583670 16.359399 -65.699488
v 6.372618 7.694971 -73.291944
v 6.820854 9.152190 -81.253118
v 6.313488 8.280568 -81.264019
v 6.964193 10.400542 -81.697072
v 7.664203 12.337241 -81.670456
v 7.755288 13.529614 -82.148615
v 8.234990 13.980727 -80.791151
v 6.886237 12.476418 -84.133488
v 7.274287 12.529190 -83.208445
v 6.644504 10.785628 -83.472621
v 7.093282 14.182431 -84.157082
v 7.442184 15.202756 -84.014922
v 7.474824 9.823556 -77.645118
v 7.471522 10.636463 -80.030976
v 8.162474 11.434328 -78.342044
v 5.957501 7.782749 -80.737243
v 6.813623 8.994626 -79.179272
v 6.779659 9.085246 -77.225222
v 8.070808 9.564571 -73.772660
v 7.994012 10.164533 -76.312309
v 8.376191 10.061559 -73.789642
v 8.734974 11.411440 -75.219746
v 8.824272 11.616547 -74.375623
v 6.585045 8.325889 -75.088017
v 7.175147 8.903195 -74.385687
v 7.718752 11.961556 -80.625099
v 8.538702 11.422782 -77.021869
v 8.368390 15.310906 -79.938343
v 8.773615 13.677226 -78.179688
v 8.806737 15.707306 -78.629159
v 9.118875 13.308681 -76.159505
v 8.891986 12.386694 -74.969916
v 9.422805 14.926574 -75.527936
v 9.162966 15.115567 -77.335190
v 8.953411 13.259249 -73.508559
v 9.414605 14.842698 -73.694018
v 4.764930 6.576801 -83.096096
v 5.614133 7.149274 -80.624942
v 4.459816 6.109318 -82.884799
v 4.338386 6.511605 -83.542856
v 3.290005 5.518744 -82.263461
v 1.553085 5.157408 -83.259379
v 2.989369 5.997014 -83.376006
v 2.230148 5.408933 -83.043480
v 2.592775 5.265972 -82.115033
v 1.673436 4.484575 -82.131331
v 0.806238 4.019774 -81.447702
v 1.014736 6.236580 -84.385105
v 5.113953 6.194296 -80.686671
v 5.051069 6.965045 -76.744119
v 5.099761 6.286712 -79.044653
v 3.138058 4.879717 -79.911987
v 3.477108 5.081334 -79.145213
v 3.612865 4.893350 -77.605896
v 3.165705 3.924753 -76.570051
v 3.983134 5.406140 -80.321574
v 3.980736 5.562255 -78.299199
v 4.713303 5.768161 -74.585550
v 4.667339 6.327218 -77.235542
v 5.510459 7.081883 -73.898108
v 5.444985 6.661464 -73.225828
v 4.211452 3.990461 -74.338037
v 3.854315 4.048930 -76.084509
v 3.668634 3.721290 -74.534304
v 3.899955 4.141918 -72.339534
v 2.831372 3.783914 -73.694663
v 4.241944 5.696999 -76.751836
v 4.543580 4.646525 -73.759283
v 2.565871 4.065855 -77.382815
v 3.208275 4.474745 -77.818301
v 1.772503 3.712488 -76.647046
v 2.017107 3.959305 -79.412106
v 1.944142 4.241286 -81.450939
v 0.898188 3.607329 -79.521836
v 1.003260 3.455342 -77.552832
v 2.462677 3.845239 -75.902563
v 0.439234 3.575983 -76.487360
v 1.133901 3.834115 -75.482950
v 0.332398 3.368716 -74.785678
v 1.072739 3.660350 -73.577005
v -0.046097 3.290588 -73.826624
v 5.116426 9.865798 -85.945085
v 4.534657 8.794483 -85.908657
v 3.822852 9.264826 -86.533474
v 4.177208 7.478355 -84.610399
v 4.389199 10.427875 -86.848333
v 2.673425 10.248056 -87.264355
v 6.004740 8.534022 -83.010660
v 5.164995 7.240977 -83.165019
v 5.191870 8.553052 -84.793865
v 6.299958 10.775464 -84.291348
v 4.803516 12.571808 -87.055592
v 5.818648 12.588642 -85.820415
v 3.967551 12.595428 -87.591112
v 2.838563 12.793949 -88.211018
v 4.715005 13.273654 -87.158531
v 4.109833 14.149448 -87.560552
v 4.594888 14.725955 -87.093520
v 2.726787 7.756597 -85.398314
v 2.587551 8.244786 -85.850514
v 2.140506 9.147026 -86.521672
v 1.319141 9.645992 -87.495016
v 0.926239 8.428843 -86.978711
v 1.352676 8.026281 -86.553747
v 1.055018 7.496614 -86.170292
v 0.795961 6.744052 -85.066626
v -0.026883 8.454636 -86.885295
v 0.838357 9.644837 -87.673870
v 2.998265 11.212310 -87.628659
v 2.359017 14.983539 -88.366247
v 1.840770 13.768175 -88.667572
v -0.007260 12.109273 -88.712052
v 1.415816 12.659354 -88.666611
v -0.170527 14.570739 -88.916507
v 5.764301 8.146214 -77.830256
v 5.629993 7.973894 -77.057888
v 5.852251 7.740862 -75.373681
v 6.506616 6.624813 -71.089281
v 6.489413 5.569120 -69.630609
v 6.175168 5.005665 -68.961173
v 6.820860 7.464484 -69.465543
v 6.603551 5.546398 -66.065980
v 6.816453 6.345010 -69.158997
v 6.746899 6.288051 -67.689113
v 6.400234 7.436241 -67.354796
v 6.666271 5.470178 -67.465519
v 6.133382 5.378954 -64.978055
v 6.252120 5.913128 -64.292818
v 6.565504 6.077579 -65.768407
v 6.308691 7.050152 -65.592359
v 6.270285 5.869080 -62.263904
v 6.536463 7.104120 -63.162430
v 7.108023 6.840708 -61.814142
v 6.302814 6.476524 -61.391473
v 6.974464 6.462421 -61.235821
v 7.079363 7.074861 -61.286119
v 7.023138 6.444126 -60.716626
v 6.446736 6.256525 -60.341170
v 6.272210 6.733489 -60.198402
v 8.783523 12.179021 -69.162133
v 9.318410 12.905363 -70.728630
v 9.645244 13.825495 -71.304615
v 9.694705 14.542261 -71.841379
v 9.623111 14.471616 -70.720590
v 9.189945 13.707576 -69.285212
v 9.341786 14.996212 -70.086903
v 9.357894 14.278966 -66.759769
v 9.354249 14.579977 -64.925801
v 9.595550 14.723474 -65.522748
v 7.240591 8.986380 -72.820589
v 8.420932 10.264649 -73.084145
v 8.154021 10.941481 -71.767685
v 8.150123 11.312986 -70.873843
v 7.794164 11.193391 -68.244320
v 6.722371 7.998136 -72.551548
v 7.448016 9.506756 -71.807735
v 6.982634 8.548913 -70.829419
v 7.137998 9.287593 -70.746854
v 7.215930 10.325239 -69.689193
v 8.172099 11.506974 -66.610737
v 7.953003 9.846508 -64.932728
v 8.074029 10.978230 -65.313584
v 6.798112 8.664756 -68.173040
v 6.451872 7.866807 -66.560059
v 6.830433 8.804882 -67.012094
v 7.425931 9.383435 -65.974886
v 7.755478 9.088462 -65.037055
v 6.413890 7.294506 -64.592747
v 6.997166 10.151092 -68.772796
v 7.061184 10.007844 -67.780326
v 7.175406 9.690272 -66.869920
v 8.601550 11.812466 -72.659979
v 8.776433 12.244385 -71.912981
v 8.674658 11.880882 -69.724707
v 8.749717 12.952160 -67.043093
v 8.434894 11.724213 -68.114857
v 8.841095 13.158055 -65.579488
v 6.472546 12.206439 -65.145820
v 7.889061 9.104470 -63.680112
v 7.790811 8.399902 -62.693820
v 7.281664 8.224927 -64.106680
v 7.405488 7.805067 -63.063524
v 7.308555 7.314658 -62.279582
v 7.813108 8.593686 -63.968941
v 7.814499 7.963842 -62.744868
v 6.778583 7.569724 -64.232001
v 7.424728 7.707039 -62.433489
v 7.088409 8.244665 -62.271644
v 7.074736 7.693240 -61.935045
v 6.812446 10.690743 -63.514454
v 7.748811 10.297823 -64.470304
v 7.316534 10.602403 -64.332084
v 6.609150 11.083831 -63.670389
v 8.305837 12.152381 -64.765760
v 8.569099 12.630637 -64.752043
v 9.087666 14.404675 -64.626134
v 8.838111 15.006173 -64.534896
v 8.503503 13.482406 -64.714814
v 7.784905 11.583804 -64.845342
v 7.110056 11.434435 -64.803517
v 7.210227 12.368259 -64.835062
v 6.665513 11.212360 -64.775393
v 6.012241 11.592903 -64.190748
v 6.888306 14.446842 -64.075087
v 7.420375 14.390570 -64.328976
v 4.868261 5.255127 -72.258976
v 5.999948 4.849686 -67.935269
v 6.000085 6.294119 -72.155836
v 5.179611 5.622088 -72.017911
v 5.917615 5.648471 -71.251216
v 5.162222 5.416590 -71.110842
v 5.776662 5.043914 -69.886687
v 4.699547 5.486893 -70.443188
v 5.406183 5.003657 -69.001205
v 4.396645 4.558562 -71.971878
v 4.541956 5.143132 -71.357014
v 4.159741 4.478127 -70.682600
v 3.517886 3.868668 -70.653782
v 3.344325 3.705323 -68.666616
v 3.736802 3.908823 -69.165311
v 4.486088 5.617086 -69.093276
v 4.216284 5.573367 -70.467893
v 6.115435 4.938531 -66.648339
v 5.803956 4.887971 -66.965683
v 5.106086 5.578188 -67.050762
v 5.560872 5.368778 -65.113804
v 3.916606 4.396399 -68.561614
v 3.552217 3.907540 -66.849283
v 3.276405 4.288381 -66.470332
v 3.492128 4.968536 -66.733727
v 3.254174 4.880669 -65.587406
v 4.146625 6.008691 -66.937236
v 4.488412 5.996586 -66.930967
v 3.897038 5.657172 -68.481486
v 3.691163 5.556459 -66.643845
v 4.426952 6.030088 -65.746597
v 2.600022 3.714133 -72.143820
v 1.279264 4.045347 -71.691940
v 2.665209 3.802717 -70.643540
v 2.909900 3.886518 -67.294667
v 1.519794 4.459238 -68.983941
v 0.063055 3.867388 -71.207120
v 0.951748 4.359079 -69.754530
v 2.300017 4.520252 -66.371410
v 3.164683 3.911359 -66.760061
v 3.051775 4.592339 -65.883538
v 2.852804 4.673029 -65.255209
v 2.187970 4.791106 -64.817496
v 1.213802 4.803464 -67.507160
v 1.546572 4.979021 -64.489456
v 0.107555 5.085397 -65.820419
v 5.830346 5.733419 -63.571932
v 6.030784 5.791159 -62.116002
v 6.120907 6.275300 -62.081049
v 6.197833 6.756475 -63.533345
v 5.564534 5.629373 -64.110964
v 4.672139 6.004217 -64.402272
v 5.069790 5.900611 -62.705949
v 6.120787 6.442067 -61.481002
v 5.451741 6.077245 -60.994838
v 3.145005 4.496473 -63.040546
v 3.437926 4.414987 -62.149619
v 3.503120 3.969542 -59.932948
v 4.336393 5.876984 -63.864178
v 5.314059 5.999611 -61.691078
v 3.826642 5.526931 -63.710412
v 4.080690 5.389949 -61.960581
v 5.013136 5.098742 -59.459995
v 5.068973 5.136659 -59.009071
v 5.915315 6.186963 -59.994651
v 5.130497 5.630088 -60.133538
v 5.557128 5.911055 -59.399794
v 5.499228 6.023066 -59.193364
v 5.707377 6.315964 -59.412292
v 4.832942 6.148236 -58.968203
v 5.034427 4.988024 -58.711915
v 3.833439 4.322991 -60.587313
v 4.308017 4.377233 -59.083803
v 3.909994 3.869705 -58.822012
v 4.740133 4.512540 -58.750391
v 3.540826 3.745474 -57.602886
v 4.187649 4.507098 -58.008962
v 3.134830 3.893612 -57.172190
v 3.633634 6.764830 -58.497035
v 4.095835 4.829972 -57.886218
v 3.187611 4.892917 -57.217929
v 1.977025 4.766232 -61.373839
v 0.846009 5.250729 -63.594047
v 1.144270 5.256637 -60.213276
v 3.362624 3.761245 -58.321671
v 2.825799 4.419474 -61.938882
v 1.987273 4.452970 -58.199774
v 2.427636 4.118304 -57.639723
v 2.746112 3.835414 -57.195017
v 2.383980 5.298526 -57.202342
v 1.886332 5.042790 -57.198448
v 2.715072 6.627141 -57.889017
v 1.658213 4.888315 -57.575151
v 0.433003 4.972263 -57.827186
v 0.450255 4.950720 -57.183734
v 1.198876 5.089220 -58.084160
v 0.612766 5.266650 -59.795042
v 0.011231 4.958610 -58.702299
v 1.187689 5.284404 -57.513933
v 1.378008 5.866322 -57.356436
v 1.290324 6.736973 -57.698937
v 0.586140 5.240520 -57.396030
v 5.778407 11.365978 -65.808264
v 5.727045 11.705816 -65.848596
v 5.733174 11.565461 -64.993834
v 6.035359 12.501295 -65.365372
v 5.305719 12.782580 -65.754595
v 5.553455 13.274446 -65.579490
v 5.548418 11.897905 -65.598691
v 4.962364 12.646515 -65.427787
v 6.259348 13.737721 -64.595819
v 6.268357 14.761018 -65.178479
v 5.024839 13.546064 -66.303920
v 4.772644 13.569560 -66.311605
v 4.854453 13.049262 -65.922753
v 4.097287 13.678416 -65.424713
v 4.099328 14.930680 -66.592381
v 4.296471 15.158185 -66.961590
v 3.057120 15.543201 -65.023976
v 6.207188 6.963489 -64.329283
v 6.193889 7.053081 -63.687623
v 5.547676 10.654690 -62.708079
v 4.076957 11.612154 -62.818223
v 4.027533 10.825980 -62.184366
v 4.944108 7.246784 -59.578221
v 5.413945 9.001742 -61.353633
v 6.208586 11.332834 -64.634191
v 5.978338 11.407033 -63.563508
v 5.168841 12.577710 -63.828650
v 5.341033 11.617655 -63.196219
v 4.954147 12.520969 -64.871367
v 6.421893 14.419529 -64.152776
v 6.767286 14.846287 -64.015249
v 6.389848 14.723924 -64.131274
v 4.289556 13.090518 -64.015578
v 4.153203 12.790565 -63.567033
v 3.188975 11.928823 -62.476545
v 2.778467 15.085941 -63.229700
v 3.473746 14.038714 -63.302018
v 1.580204 7.847891 -58.527230
v 3.000367 7.790473 -58.892598
v 2.912239 9.700184 -60.664720
v 2.120801 10.529582 -61.114768
v 2.980843 12.998270 -62.698319
v 2.119608 12.677878 -62.264084
v 2.050760 15.792896 -62.825668
v 2.730188 14.463283 -62.751726
v 0.837665 10.629468 -61.057124
v 0.775273 15.137832 -62.324645
v 6.330834 15.402780 -85.526481
v 6.595802 17.228300 -85.352474
v 7.023393 18.790822 -84.729823
v 6.970618 18.218289 -84.972469
v 7.940710 14.397079 -82.089524
v 8.308346 17.563820 -81.584818
v 7.911369 20.059150 -81.534487
v 7.387619 18.065398 -84.192750
v 7.660810 17.091096 -83.542054
v 7.617187 17.976604 -83.029686
v 7.187114 19.310678 -83.853669
v 7.734468 18.923948 -82.666239
v 7.712939 19.493667 -82.144649
v 7.324938 19.994535 -83.345470
v 7.560256 21.020410 -81.132098
v 7.480830 21.173642 -81.883097
v 7.168745 20.757934 -82.730469
v 6.471911 22.146381 -83.436326
v 6.616614 23.125061 -82.978727
v 6.239998 23.555521 -83.362873
v 6.818406 22.443802 -82.573917
v 6.846692 22.500113 -81.920938
v 6.322453 22.899574 -81.749950
v 6.529059 23.304789 -82.513728
v 8.023893 16.636030 -82.163639
v 8.749265 16.647538 -79.761714
v 8.825421 16.806729 -78.375869
v 8.540876 18.601481 -80.623643
v 8.161115 19.613532 -80.838181
v 8.063007 19.081771 -79.931076
v 8.422000 17.929764 -79.194104
v 8.010218 19.181615 -78.182469
v 9.175762 16.253462 -76.535226
v 9.333153 15.986504 -73.759707
v 8.882877 17.321097 -76.162929
v 8.686682 17.660724 -72.209135
v 8.396846 18.332344 -76.065323
v 8.217436 18.973318 -74.702393
v 7.879525 19.429537 -75.636870
v 7.427761 20.738605 -80.559130
v 7.326807 20.245206 -79.379942
v 7.080444 20.762256 -80.345116
v 6.188149 20.759185 -80.412013
v 6.993856 21.639510 -80.983516
v 7.676155 19.904968 -79.388585
v 7.480829 19.780996 -78.296647
v 7.848101 19.383394 -77.499212
v 7.554328 19.537149 -76.908462
v 6.615454 19.711244 -76.916338
v 7.103262 19.846044 -75.214919
v 7.059918 19.667360 -74.139054
v 7.193592 19.553672 -72.485728
v 6.301657 20.263558 -74.242292
v 5.860455 13.716153 -85.779338
v 5.618317 16.784699 -86.195856
v 4.622395 17.996164 -87.134228
v 4.318731 16.422874 -87.507770
v 3.460729 15.816636 -88.149895
v 3.314870 17.561371 -88.097615
v 2.709689 18.825460 -88.128296
v 5.545847 18.368375 -86.578824
v 5.872162 20.102093 -85.827513
v 4.771875 20.933498 -86.801552
v 5.053237 23.485395 -85.591954
v 4.820248 19.313355 -87.047868
v 3.587230 19.955337 -87.680194
v 3.747099 22.160150 -87.101736
v 4.623605 22.210104 -86.397781
v 6.564791 20.311854 -84.397762
v 5.611182 21.421225 -85.286813
v 6.463665 21.607495 -84.231546
v 5.778410 22.643484 -84.900365
v 5.738209 23.268869 -84.392398
v 6.066012 22.384421 -81.296108
v 5.484187 23.162258 -81.803752
v 6.049682 23.620046 -82.373756
v 4.848104 23.972939 -82.171907
v 5.179871 22.664819 -81.596406
v 4.746223 23.238754 -81.793450
v 4.554225 23.321311 -81.485868
v 2.641821 16.258125 -88.389600
v 1.447961 16.597542 -88.453879
v 2.917428 20.627965 -87.716141
v 0.440047 20.248170 -88.145368
v 2.683356 22.462901 -87.153212
v 1.026336 21.484148 -87.580161
v 0.332690 18.966608 -88.419029
v 5.767748 20.932948 -80.259006
v 5.850816 21.345451 -80.847111
v 5.444812 21.743840 -80.731920
v 6.209853 20.178150 -79.156204
v 6.257617 19.979557 -77.919455
v 5.819152 20.669666 -79.275532
v 5.389132 21.595573 -79.729818
v 5.664659 22.193099 -81.233312
v 5.149827 22.447397 -81.149841
v 5.086235 22.314163 -78.581377
v 4.685170 22.827860 -78.371665
v 6.375224 20.079888 -76.168754
v 5.525405 21.570908 -76.620200
v 4.898443 22.328547 -77.232438
v 4.905927 22.326894 -76.245236
v 5.163582 22.474286 -74.403991
v 4.776520 23.347392 -85.929813
v 3.900691 23.044477 -86.606102
v 4.225837 23.979217 -86.043051
v 3.011096 24.356652 -86.182271
v 2.906593 25.346551 -85.160661
v 5.828334 24.064290 -83.512365
v 5.008402 24.547186 -84.215590
v 5.674154 24.158703 -82.970557
v 5.128922 24.642803 -83.267492
v 4.056773 25.002775 -84.724340
v 4.464855 24.994640 -83.892637
v 3.698433 25.124837 -83.153726
v 3.328569 25.279137 -83.002858
v 4.498883 24.118912 -82.106355
v 4.154304 23.634454 -82.030600
v 4.098059 24.659415 -82.611047
v 3.758262 24.011207 -82.503202
v 3.220846 24.306703 -82.642428
v 3.585537 24.032286 -80.981298
v 2.275103 24.869987 -85.613833
v 2.098888 23.669536 -86.361444
v 1.279998 24.587578 -85.848821
v 1.165102 25.403506 -84.959011
v 0.503700 23.850470 -86.061969
v 0.712782 25.665492 -84.331294
v 2.007422 24.599213 -82.949013
v 2.688109 24.393411 -82.385123
v 2.793391 25.732555 -84.064185
v 2.367346 25.709245 -83.161342
v 1.740418 25.817890 -83.509776
v 2.033681 24.459903 -82.197549
v 0.100205 25.492109 -83.971153
v 0.339413 24.312081 -82.407146
v 2.934969 25.541320 -84.794945
v 0.461000 24.465546 -83.084765
v 0.290319 25.693373 -83.509527
v 4.291073 23.943331 -80.031593
v 4.627616 23.642036 -79.469410
v 3.799515 24.221745 -79.730576
v 4.273791 23.909248 -79.051990
v 3.245934 22.877204 -77.117685
v 3.967129 23.072171 -78.028175
v 3.394396 23.069529 -77.756214
v 4.020671 22.719586 -76.580162
v 4.486299 22.992764 -75.189857
v 4.660653 23.401313 -72.805841
v 2.658166 24.261983 -80.158263
v 3.707920 24.168412 -79.226504
v 2.416440 22.834698 -77.432706
v 2.914262 23.617306 -78.733809
v 1.280143 22.908890 -78.848178
v 1.147059 22.485751 -78.107165
v 0.574056 23.021417 -78.883257
v 0.836420 22.416741 -77.353085
v 0.315335 22.807473 -78.102913
v 0.585793 24.285586 -80.843057
v 2.219067 24.030929 -79.650627
v 0.235766 23.745505 -79.787962
v 0.291036 24.168698 -80.574812
v 0.371342 22.919262 -77.215988
v 2.959078 22.901643 -76.310578
v 1.525279 22.578174 -76.027007
v 3.322335 23.445171 -75.022157
v 2.378126 24.082286 -73.618855
v 2.751338 24.320294 -73.086688
v 1.831548 23.535910 -74.575271
v 1.415414 22.349746 -76.938991
v 0.865013 22.642776 -76.299313
v 1.140063 23.080436 -75.341915
v 0.236120 23.541174 -76.156521
v 0.482510 23.934554 -75.630212
v 1.105936 24.601810 -74.054322
v 1.384418 23.957708 -74.400104
v 1.760694 24.409081 -73.353529
v 1.015520 24.786790 -73.565550
v 0.726404 24.843588 -73.827517
v 0.771504 25.713554 -73.539265
v 0.800977 25.035146 -74.599416
v 0.803838 25.201233 -74.178245
v 0.431245 25.676859 -74.324205
v 0.099993 26.181772 -73.211379
v 9.551443 15.800515 -68.117732
v 9.360058 15.829762 -72.439861
v 9.420925 14.898529 -68.935638
v 8.854931 17.131797 -69.186316
v 8.785362 17.255889 -70.541062
v 8.416145 17.793135 -70.565969
v 7.720069 18.209490 -69.738723
v 7.968036 19.154728 -73.868736
v 7.566303 18.813507 -71.394113
v 6.149060 17.919697 -68.919323
v 6.923842 18.323194 -69.481649
v 6.805919 18.774691 -70.123756
v 9.604535 15.819846 -66.915610
v 8.669319 17.146672 -67.925790
v 9.226727 16.501416 -66.277846
v 9.133046 15.901355 -65.361610
v 8.684703 15.860971 -64.896075
v 8.159950 17.589972 -67.714922
v 7.286615 15.817295 -64.870912
v 6.974180 16.729025 -66.063585
v 7.871642 18.026922 -68.813800
v 7.766778 17.494932 -67.272206
v 7.336435 17.843907 -67.537089
v 7.107791 18.214507 -67.845979
v 6.959599 18.073592 -68.558439
v 6.249921 17.700814 -68.598727
v 6.618538 18.182947 -67.930305
v 6.566376 18.169735 -67.324114
v 6.770502 17.732952 -66.898582
v 6.259800 17.699396 -66.744384
v 6.843596 19.678282 -71.938417
v 6.318712 20.105212 -72.682692
v 6.301327 20.152947 -71.351916
v 6.226972 18.713380 -69.453349
v 5.435091 16.549610 -67.310803
v 4.954417 16.519792 -68.387695
v 4.544907 16.661582 -68.556375
v 4.793187 16.027154 -67.811755
v 7.029551 15.021279 -64.581491
v 6.902008 16.237398 -65.238530
v 6.217258 16.607430 -65.984260
v 5.520814 15.961996 -66.322521
v 4.814414 15.029903 -66.821891
v 5.530083 17.229627 -68.514398
v 5.967005 17.406826 -68.239434
v 5.655361 18.100722 -68.860091
v 6.156336 17.761257 -67.271839
v 5.256545 18.468464 -68.668288
v 5.537746 19.015261 -68.885580
v 4.354247 18.480743 -68.068043
v 5.815027 17.159383 -66.762355
v 4.108919 16.540410 -68.147657
v 4.404959 15.683918 -67.499268
v 3.178960 17.287113 -67.883027
v 2.863089 17.022266 -67.411498
v 4.156107 17.275356 -68.445930
v 5.635912 21.156121 -71.613844
v 5.793112 19.452623 -69.443390
v 5.783909 20.756558 -70.845094
v 5.097634 22.851967 -72.329206
v 5.315869 22.251837 -70.636197
v 5.474020 21.576569 -70.212250
v 4.905491 21.944738 -69.234257
v 4.966943 22.836170 -69.990069
v 5.244524 20.475696 -68.572491
v 4.911299 23.219816 -68.889856
v 4.648389 20.105448 -67.806666
v 4.632551 20.873176 -67.799135
v 3.216361 20.363407 -67.053806
v 4.639121 21.672821 -68.329363
v 4.209359 21.337287 -67.345775
v 4.759799 22.956639 -67.665603
v 4.360039 22.813787 -66.930014
v 3.890842 22.871453 -66.223798
v 3.213831 15.967750 -66.297332
v 2.095076 16.661786 -64.904597
v 3.168946 17.977068 -67.869247
v 2.436613 19.595337 -67.065493
v 2.269628 18.224669 -67.128787
v 1.673341 19.458548 -66.745949
v 2.413924 17.145604 -66.831938
v 1.398290 17.699699 -65.682920
v 1.268855 18.741877 -66.354211
v 0.197367 18.312413 -65.390202
v 3.064989 21.386354 -66.510453
v 3.654817 22.142072 -66.679629
v 1.998583 22.452724 -65.632277
v 2.527147 22.818979 -65.632115
v 0.952815 20.087556 -66.466838
v 0.433958 19.325966 -66.319545
v 1.700968 20.630270 -66.369585
v 1.338998 21.748615 -65.619326
v 2.223453 16.139564 -63.400478
v 1.543975 16.620619 -62.847859
v 1.323987 17.318116 -64.953789
v 1.157955 16.980069 -63.912466
v 0.828145 16.737204 -62.192119
v 1.124216 16.301966 -62.400867
v 0.519872 17.347619 -64.427114
v 0.601415 22.706051 -64.844076
v 4.704961 23.782537 -69.772406
v 4.143738 24.200724 -71.505882
v 3.848376 23.806063 -73.379689
v 3.562153 24.285305 -72.561920
v 4.630400 23.617681 -70.995722
v 3.516995 25.199614 -69.951457
v 3.497926 25.249461 -71.907989
v 3.138517 25.770836 -71.338377
v 3.620884 25.305228 -71.037440
v 4.652801 23.786153 -68.334282
v 3.916624 24.821904 -69.410224
v 4.114487 24.761639 -67.897436
v 4.323296 23.690269 -66.018703
v 3.933524 23.800918 -65.121600
v 4.337680 24.185741 -66.481383
v 3.933540 24.302630 -65.311538
v 3.376614 25.074643 -67.203514
v 3.584494 24.393782 -64.776834
v 2.119167 25.264219 -72.984240
v 1.757795 25.016795 -70.396461
v 1.772832 25.015166 -69.320610
v 3.156579 24.904889 -72.641836
v 2.803662 25.713771 -72.197692
v 2.344184 25.444693 -70.611214
v 2.086384 26.243774 -71.864467
v 1.942610 26.236977 -71.323602
v 2.976487 25.392422 -68.993658
v 2.635375 25.245745 -69.904025
v 2.370861 25.712703 -68.885779
v 1.518551 25.139833 -70.490507
v 1.150328 26.633532 -71.850063
v 0.780926 26.291167 -72.838886
v 0.172837 26.724475 -71.654911
v 1.109391 25.558310 -70.530310
v 1.360749 25.241238 -69.354647
v 0.986053 26.247533 -70.923371
v 0.831088 25.536722 -68.989395
v 0.245214 25.681422 -69.503461
v 3.087677 24.880311 -64.742767
v 2.136543 25.123626 -64.420260
v 2.696708 25.682335 -67.930385
v 1.730792 25.741376 -68.826879
v 2.039093 25.931506 -67.766984
v 3.017693 25.234656 -66.363758
v 2.022556 25.843710 -66.520992
v 1.179640 25.817362 -68.533962
v 0.814945 26.231459 -67.771332
v 0.400587 26.264018 -68.750438
v 1.324019 26.292634 -66.945678
v 1.010677 25.912297 -65.534233
v 0.241241 25.612315 -64.309745
v 0.504011 26.470718 -66.903290
v 3.420007 23.665925 -64.698655
v 2.676532 24.301091 -64.206176
v 2.942981 24.658157 -64.327634
v 2.036646 23.917177 -64.282907
v 1.520448 25.168798 -63.877218
v 0.945882 23.289543 -64.634879
v 1.668174 24.722065 -63.717571
v 1.145470 24.117881 -63.730732
v 0.013678 23.780635 -64.079873
v 0.169992 3.850433 -80.922197
v -0.099966 4.388984 -82.197851
v -1.007485 4.072122 -81.540897
v -1.608087 4.084906 -81.224485
v -0.725716 6.330281 -84.534659
v -1.581548 5.236029 -83.369201
v -2.018506 4.368582 -81.705835
v -2.596339 5.939267 -83.531917
v -1.444344 6.401274 -84.398372
v -2.621867 5.523820 -82.921312
v -2.474491 5.135164 -82.215308
v -4.257712 5.997230 -83.048783
v -3.488321 5.565378 -82.426347
v -4.681874 6.354291 -83.325661
v -4.732291 5.991735 -82.278610
v -5.268158 6.130564 -80.904851
v -5.216655 7.028818 -82.968808
v -0.073968 3.398869 -79.870169
v -0.150890 3.363552 -79.663390
v -2.061398 3.918477 -79.459580
v 0.335225 3.350639 -78.854731
v -1.117746 3.440344 -77.461594
v -2.831146 4.559527 -80.048054
v -2.930510 4.002770 -77.413769
v -0.101998 3.450765 -76.647601
v -1.118702 3.535561 -73.821572
v -1.167622 3.756424 -75.447916
v -1.191430 3.591805 -73.037793
v -1.951657 3.624435 -76.563710
v -2.609050 3.662487 -75.779618
v -2.351971 3.387540 -72.844027
v -3.050700 5.144336 -81.061348
v -3.401851 4.460519 -78.186676
v -3.732529 4.502740 -77.424513
v -3.417847 4.876731 -79.777956
v -4.317741 5.374905 -80.116514
v -4.209824 5.387812 -77.764651
v -5.859241 7.318954 -80.095030
v -5.216791 5.998430 -79.180972
v -5.017389 6.189927 -76.764428
v -3.507440 3.599054 -75.915260
v -3.969698 3.896128 -76.252810
v -3.209555 3.450920 -73.650765
v -3.918574 3.423944 -74.279237
v -4.067575 3.676417 -72.370482
v -4.294881 5.160815 -76.801876
v -4.528123 3.980850 -72.313970
v -4.477334 3.898078 -74.349971
v -5.133361 5.016099 -72.508216
v -4.651186 5.301404 -75.766225
v -5.484015 6.268097 -73.734661
v -0.060789 7.582069 -85.930123
v -1.147208 7.508745 -86.236726
v -1.195696 8.440017 -87.024970
v -0.989748 9.373370 -87.545438
v -0.818642 10.558785 -88.066489
v -1.446609 7.964237 -86.534866
v -2.122181 7.668678 -85.693361
v -2.433975 8.409041 -86.000798
v -1.766972 9.932610 -87.519784
v -1.656633 8.926945 -86.877279
v -2.207521 9.112775 -86.437228
v -1.434899 12.608923 -88.723190
v -3.290231 12.556080 -88.197312
v -2.771040 14.798921 -88.348583
v -2.152695 13.576877 -88.687187
v -3.073187 8.339388 -85.896023
v -4.176022 7.477117 -84.708583
v -4.652877 8.633560 -85.927701
v -2.629264 11.556116 -88.054752
v -2.556613 9.779342 -87.017252
v -2.863097 10.199683 -87.319516
v -3.873610 9.182704 -86.617508
v -4.495702 10.174876 -86.974807
v -4.902628 8.898386 -85.953112
v -5.387795 9.748608 -85.976188
v -3.331401 6.965968 -84.276276
v -4.951373 7.359268 -83.945567
v -5.660235 7.828256 -83.425254
v -3.716452 15.456551 -88.126648
v -5.026916 13.197734 -87.507573
v -4.173503 15.394721 -87.730524
v -5.106586 11.806472 -87.225158
v -4.518001 14.191869 -87.744411
v -5.083508 14.890965 -87.017617
v -5.640661 7.474767 -77.530196
v -5.687336 7.452387 -76.863428
v -6.136137 8.156013 -82.553644
v -5.900609 7.336375 -80.932896
v -6.360685 9.370610 -83.210595
v -6.753453 8.749948 -81.144711
v -6.309992 12.957720 -86.038711
v -6.451569 13.926662 -85.769825
v -6.806557 15.076360 -85.515739
v -6.339771 12.167757 -85.892199
v -6.357666 9.747640 -83.882445
v -7.256077 12.172788 -84.021666
v -7.357550 11.787685 -82.813149
v -7.300038 10.969977 -81.511264
v -7.493285 13.305011 -83.880997
v -7.783103 12.466939 -81.455510
v -8.326455 14.145734 -81.785195
v -6.780479 8.643723 -77.645419
v -6.925357 9.061550 -80.261233
v -7.159340 10.338105 -80.675328
v -7.178389 9.183423 -77.566894
v -6.769905 8.513044 -76.351245
v -6.242960 7.824652 -76.171955
v -6.404770 7.099963 -72.762841
v -7.403001 9.217184 -76.617730
v -7.573683 8.557915 -73.265840
v -8.337663 11.332749 -76.282325
v -7.911872 9.105679 -74.085420
v -8.123713 9.519422 -72.512995
v -8.097345 10.026398 -74.576676
v -8.223074 10.563839 -73.586732
v -7.450069 11.330580 -80.358721
v -7.821369 11.295975 -77.828385
v -8.412414 14.014351 -80.676575
v -7.977532 12.928192 -78.801503
v -7.982288 12.757314 -78.262856
v -8.510545 11.638273 -75.465234
v -8.281126 11.219236 -73.908460
v -8.022400 12.291870 -73.546943
v -8.249181 13.137818 -73.938219
v -8.427778 12.708087 -76.718182
v -8.552381 12.628815 -75.235134
v -8.949754 15.104062 -77.818282
v -9.041495 15.404781 -77.188501
v -8.788564 14.410247 -75.128893
v -1.213547 4.020477 -70.820363
v -1.178665 4.221040 -69.673171
v -2.769885 3.452163 -70.589351
v -2.010407 3.861479 -69.791297
v -3.155662 3.415797 -67.793471
v -1.299708 4.557837 -67.936068
v -0.189159 4.917497 -67.028399
v -2.815206 3.661727 -67.306959
v -1.945370 4.481314 -66.392425
v -2.747902 4.275925 -65.816601
v -3.516267 3.394984 -70.772343
v -3.789480 3.642177 -69.613141
v -3.456480 3.430690 -67.825184
v -4.129652 3.982184 -70.569760
v -4.191638 4.990212 -69.386518
v -4.786642 4.430647 -71.601895
v -4.863929 4.805802 -70.290390
v -5.565082 4.396264 -68.282035
v -5.215080 4.755145 -70.844650
v -5.663931 4.504251 -69.466734
v -5.308977 4.983926 -71.738969
v -5.456440 5.748777 -72.730167
v -4.419712 5.009361 -69.575259
v -3.797330 3.940853 -68.302957
v -3.114328 3.922651 -66.364685
v -3.397705 3.950797 -66.667749
v -3.144532 4.296415 -65.996477
v -3.324056 4.799072 -65.561766
v -4.015704 5.135664 -67.949675
v -4.127350 5.551215 -66.937838
v -3.724262 5.072820 -67.330975
v -3.911211 5.547010 -66.316681
v -4.469691 5.145742 -68.249151
v -6.081990 4.416002 -67.188058
v -5.801491 4.478919 -66.260547
v -5.071657 4.826998 -67.511861
v -4.406685 5.575927 -66.241377
v -4.805483 5.686078 -62.927320
v -1.991343 4.618419 -64.971821
v -0.902724 5.196764 -63.389099
v -0.859683 5.276246 -59.156881
v -1.363966 5.135877 -60.485571
v -2.869073 4.287671 -62.226742
v -2.143078 4.623828 -61.067057
v -0.237823 4.792166 -57.610024
v 0.035784 4.434175 -57.200525
v -0.238057 4.801058 -57.123824
v -0.001700 5.188281 -60.176346
v -1.390720 5.059748 -58.351946
v -0.802406 5.185336 -57.508913
v 0.382016 5.700716 -57.276456
v -0.602698 5.284629 -57.194551
v -0.250617 6.811707 -57.684375
v -2.315380 4.347287 -57.373092
v -1.872338 4.962859 -57.380797
v -2.963187 3.999240 -57.112638
v -1.888287 5.285629 -57.119890
v -1.397520 7.216584 -57.840635
v -2.752125 4.881980 -56.943365
v -2.086119 5.882976 -57.140509
v -2.661276 7.152265 -57.922595
v -3.043094 4.440999 -64.871598
v -3.330868 4.434614 -62.953993
v -3.209543 4.120535 -61.507237
v -3.627594 4.250716 -61.058383
v -3.801434 5.401259 -62.945518
v -4.301540 5.755923 -63.419645
v -4.308450 5.512656 -61.139051
v -5.773085 4.957592 -64.294905
v -5.482439 4.929737 -64.913565
v -6.182048 4.928086 -65.030230
v -6.101721 5.445235 -63.609333
v -5.742744 5.561036 -62.681336
v -5.866617 6.729360 -62.388104
v -4.689356 5.788521 -61.400476
v -5.362814 5.394804 -63.119653
v -5.226253 6.036338 -60.462540
v -5.496894 5.719232 -61.605580
v -5.805538 5.829772 -61.118952
v -5.873108 6.552104 -60.973888
v -3.369957 3.906606 -58.034219
v -3.529479 3.954569 -59.800515
v -3.839214 3.933538 -58.973994
v -3.916674 4.990471 -61.282426
v -4.060980 4.368588 -59.554708
v -3.753196 3.907808 -57.641944
v -3.396767 3.886222 -57.134380
v -4.094568 4.391384 -58.234983
v -4.062311 4.664038 -57.945289
v -3.402727 5.196954 -57.112900
v -3.935815 5.584016 -57.758048
v -4.945893 4.995436 -58.205552
v -4.881437 5.108749 -58.892883
v -5.181516 6.077246 -59.581236
v -5.683510 6.380259 -60.467052
v -5.892848 6.504635 -60.308691
v -5.899225 6.449801 -59.334756
v -4.931367 5.195343 -58.450222
v -4.640508 5.771950 -58.309234
v -5.196037 6.267437 -58.804255
v -5.007638 6.862449 -58.737178
v -6.073002 7.004754 -65.445564
v -3.657833 14.434958 -66.616719
v -4.546507 13.289249 -65.132350
v -5.359537 12.393345 -64.974905
v -4.980343 13.498190 -65.484014
v -1.553390 11.072154 -61.297237
v -1.191669 8.069727 -58.509994
v -1.323723 10.264072 -60.648889
v -2.337696 7.999549 -58.530140
v -2.899769 10.027595 -60.533186
v 1.787512 11.616663 -61.739319
v 1.152207 12.835412 -62.157462
v -0.514942 12.046301 -61.885601
v -2.826608 14.843077 -62.938555
v -2.096313 13.293858 -62.154978
v -1.378428 15.638868 -62.425097
v -2.324017 15.406645 -62.509694
v -2.391752 14.112040 -62.363783
v -5.679080 10.522443 -63.918938
v -5.798173 11.340602 -64.228865
v -5.868442 11.045305 -63.621745
v -6.011430 10.907486 -63.075886
v -5.848663 11.415582 -61.767276
v -3.847358 7.590610 -58.686257
v -4.113125 6.925999 -58.409056
v -4.619041 9.520858 -60.372895
v -5.283312 6.955231 -58.842638
v -3.842730 11.283737 -61.550425
v -2.798569 12.042086 -61.852016
v -3.564810 12.493246 -62.223004
v -4.200289 12.737436 -62.606177
v -3.497553 14.630461 -65.271101
v -3.313911 14.281666 -63.162247
v -4.328212 13.000434 -63.144263
v -3.396328 13.864065 -62.777729
v -5.066685 12.508617 -64.918859
v -4.643754 12.801627 -64.371475
v -5.448737 11.292542 -64.185772
v -5.591822 11.432460 -64.542604
v -5.084775 12.312482 -63.447022
v -5.536274 11.291661 -63.663356
v -5.337533 13.292771 -65.113691
v -5.193964 12.076841 -62.159054
v -5.058452 12.537356 -62.714253
v -5.692348 12.035593 -62.408028
v -5.487815 14.427584 -64.527461
v -5.977171 5.091403 -70.942807
v -6.536037 4.978351 -68.386252
v -6.453434 6.170782 -70.864377
v -6.036881 4.483841 -69.221965
v -6.740088 5.872118 -68.123858
v -6.531504 6.505960 -67.007561
v -6.495665 5.323680 -65.747174
v -6.337102 5.727836 -64.984091
v -6.020599 6.265562 -63.217201
v -6.007427 6.996813 -61.685023
v -6.478236 6.740858 -59.937930
v -6.541635 6.495853 -59.775256
v -6.249096 6.820295 -59.550127
v -6.886000 6.903404 -60.277247
v -6.482081 6.915781 -71.908429
v -6.932689 7.972361 -72.953848
v -7.628820 8.917625 -71.543671
v -7.167347 8.657854 -70.391591
v -6.901599 7.811180 -69.495167
v -7.945730 8.968677 -71.997984
v -7.801162 10.024154 -71.098457
v -7.113033 9.305121 -69.173601
v -7.738159 10.392068 -70.140121
v -8.130236 10.810820 -69.624362
v -6.779002 7.035441 -68.376746
v -6.490608 7.298601 -66.885408
v -6.850999 8.475039 -67.043064
v -6.552345 7.800585 -66.262148
v -6.845481 8.767452 -65.408298
v -7.392289 10.048544 -68.500420
v -7.070365 9.561030 -67.845537
v -7.152856 9.540954 -66.260393
v -7.612357 10.131282 -66.078505
v -8.061645 10.663317 -66.147606
v -8.057696 11.733214 -72.211100
v -8.012884 10.958138 -71.292451
v -8.282467 11.485413 -71.107518
v -8.218669 13.099345 -72.964025
v -9.031812 11.994247 -69.682296
v -8.969744 12.001213 -68.610729
v -8.629162 11.063972 -68.182322
v -8.679222 11.632949 -66.759125
v -8.961737 12.179486 -70.262529
v -8.889313 13.693517 -71.779134
v -9.336464 13.742802 -70.707869
v -9.211466 14.502825 -71.329194
v -9.593762 13.608900 -69.489842
v -9.713501 14.484712 -69.223684
v -9.958143 14.296336 -67.311138
v -9.808992 14.858756 -66.013846
v -6.073825 7.419717 -64.301301
v -6.565766 7.938713 -64.294132
v -6.875006 8.436416 -63.174210
v -6.536069 7.255275 -61.524358
v -6.890773 8.026288 -61.786425
v -6.965350 7.563755 -60.996148
v -7.407979 7.937512 -60.723756
v -7.496803 8.154875 -61.542869
v -6.146469 10.905507 -63.396416
v -6.606678 11.028892 -63.157825
v -7.286528 9.108754 -64.354869
v -6.462856 10.839325 -62.438316
v -6.686250 10.586300 -62.462102
v -6.385010 10.457796 -61.271922
v -7.138012 9.122208 -60.977015
v -7.681623 8.737911 -61.255382
v -7.064828 10.381058 -62.185456
v -6.909718 10.182416 -61.284879
v -7.710262 9.004552 -63.368780
v -7.781618 8.460183 -62.055932
v -7.676091 8.297230 -61.135207
v -7.943971 9.522245 -63.001129
v -7.801140 10.051986 -64.170960
v -8.035661 10.728700 -65.145548
v -7.793810 10.584815 -63.859517
v -7.783613 10.041815 -62.648772
v -7.529718 9.796217 -61.969834
v -6.415354 7.256555 -59.795520
v -5.796490 8.955622 -60.310384
v -6.936027 7.754678 -60.363003
v -7.340332 8.682364 -60.738310
v -5.942322 12.408779 -64.500757
v -7.023815 11.427699 -63.445036
v -6.699103 12.338814 -64.060040
v -6.106682 11.518202 -62.311953
v -6.530286 11.045548 -61.841247
v -6.048673 14.229791 -64.559833
v -6.808729 14.760228 -64.558876
v -7.537562 11.043020 -63.470431
v -7.483081 12.013675 -64.112333
v -7.897688 11.741787 -64.421288
v -8.215405 11.612814 -65.049012
v -8.090233 12.909833 -64.397112
v -8.198933 13.317671 -64.464063
v -1.055427 15.644536 -88.651544
v -0.041149 17.092465 -88.600353
v -1.164470 18.949645 -88.157047
v -2.852859 15.895698 -88.338177
v -3.268591 16.941889 -87.931472
v -1.900256 17.573689 -88.054534
v -2.220665 19.244330 -88.118700
v -1.085781 21.427814 -87.523587
v 0.483134 22.673750 -86.877338
v -1.479682 22.089442 -87.195157
v -2.423865 20.498236 -87.567054
v -2.258735 21.941529 -87.033638
v -2.475403 23.016577 -86.595808
v -3.491544 18.494512 -87.587561
v -6.033734 15.708665 -86.080640
v -5.175534 16.935554 -86.566504
v -3.188126 19.858480 -87.508546
v -3.449786 21.182313 -87.061054
v -4.964209 19.929956 -86.212009
v -4.349399 21.175435 -86.467250
v -3.924606 22.218107 -86.328457
v -5.113476 18.875751 -86.536009
v -5.576692 20.422021 -85.386967
v -4.808113 21.458020 -85.741987
v -4.818061 23.453127 -85.094284
v -4.546641 23.283896 -81.368954
v -6.406773 19.580875 -84.585814
v -5.571003 21.685623 -84.353120
v -5.480611 22.932293 -84.229569
v -4.756702 24.011503 -81.551993
v -5.140490 23.523244 -81.010991
v -5.105050 23.895048 -81.760377
v -6.060560 22.891646 -81.379043
v -5.724569 22.064181 -80.332078
v -5.706464 21.608892 -79.866570
v -6.105417 20.838164 -80.243533
v -5.801352 21.534056 -78.373969
v -5.457731 22.670309 -80.337820
v -4.937467 23.185666 -80.814831
v -5.705163 22.728098 -81.146787
v -5.430783 22.594103 -79.312184
v -4.871991 22.197787 -77.222848
v -5.409699 22.172190 -78.244818
v -6.305616 20.756642 -77.232571
v -5.604081 21.608044 -76.015732
v -0.869408 23.408392 -86.465330
v -1.530497 23.169788 -86.483935
v -0.898549 25.106323 -84.830386
v -1.176485 23.865649 -86.153128
v -1.812607 25.018612 -85.326012
v -3.302599 23.751526 -86.041630
v 0.238216 25.017629 -84.890503
v 0.182699 24.334160 -82.975002
v -1.192156 25.622249 -83.496057
v -2.279302 24.321668 -82.997846
v -1.217823 24.451470 -81.093662
v -1.803582 25.677699 -83.649009
v -1.835904 25.520986 -84.452906
v -3.319521 24.953407 -84.856550
v -2.796121 25.297397 -83.567796
v -1.086977 24.273482 -82.491679
v -3.723839 25.034638 -83.939883
v -3.147889 25.181129 -83.318224
v -2.980415 24.240942 -83.072695
v -3.602400 24.980190 -83.049840
v -4.197280 23.873106 -85.484974
v -4.121532 24.765784 -82.780677
v -4.655983 24.606420 -83.338986
v -2.739841 24.065464 -82.002799
v -3.255952 23.972461 -82.421783
v -3.799057 23.887002 -82.464422
v -4.373038 23.676344 -82.127332
v -3.672360 23.771832 -80.924795
v -5.373936 23.522803 -84.000292
v -4.318563 24.627806 -84.218291
v -6.080896 23.377906 -82.847443
v -4.714054 24.309356 -82.159212
v -5.448454 24.013334 -82.427533
v -0.451200 23.036186 -78.898316
v -0.351456 22.671860 -77.994226
v -1.110276 22.173776 -76.929169
v -1.158734 22.296615 -77.903585
v -2.653406 22.512970 -77.277861
v -1.120533 22.644167 -78.620058
v -2.706860 23.412780 -78.873709
v -1.278782 24.279805 -80.145583
v -2.604535 24.207440 -80.094286
v -2.122905 23.961780 -79.506958
v -0.665627 22.467142 -76.523350
v -1.159651 22.616496 -75.888234
v -0.246250 23.420019 -76.229992
v -0.298178 22.923899 -77.027504
v -0.311039 24.086366 -75.525514
v -0.697679 23.498448 -75.362264
v -0.665013 25.015204 -74.657699
v 0.166813 26.166285 -73.677699
v 0.025301 25.535205 -74.673933
v -0.236904 25.766185 -74.218807
v 0.046555 25.395776 -73.761829
v -1.196780 23.836303 -74.578746
v -0.986707 25.724386 -73.675630
v -0.962536 24.799840 -74.066937
v -2.492716 23.411978 -74.951483
v -1.732340 23.299261 -75.040854
v -2.232164 24.229483 -73.414759
v -1.842101 25.129970 -73.282184
v -1.433192 24.433841 -73.574505
v -3.461248 23.884464 -79.150852
v -4.772750 23.559596 -79.865852
v -3.787103 24.003208 -79.570056
v -3.016374 23.005622 -78.339575
v -3.825153 22.725394 -78.019848
v -4.247062 22.460859 -77.650329
v -4.922586 23.472593 -79.209949
v -4.454354 23.628448 -78.875726
v -5.069970 22.736905 -78.389250
v -2.982824 22.552165 -76.428818
v -3.702806 22.474185 -76.563122
v -4.255620 22.708348 -75.654690
v -3.883874 23.434688 -73.408631
v -3.418989 23.290856 -74.962673
v -3.113985 23.823725 -73.639981
v -4.938876 22.208662 -75.911831
v -4.897708 22.737941 -72.612967
v -7.167327 17.293464 -84.806823
v -6.163070 18.066274 -85.642175
v -6.973465 15.986262 -84.907697
v -7.603242 18.510682 -83.818504
v -7.661008 14.419074 -84.116582
v -8.193611 15.432214 -83.336935
v -7.858144 16.017617 -84.015123
v -8.365772 17.143990 -83.286986
v -8.773615 15.114941 -81.624081
v -9.339683 17.357010 -81.411626
v -7.933205 18.836037 -83.031501
v -9.085054 17.537950 -81.968299
v -6.772495 20.147144 -83.672064
v -7.259765 21.658411 -82.226903
v -7.927329 20.599503 -82.077277
v -6.321795 22.608370 -83.186744
v -6.667790 23.005393 -82.328135
v -6.358869 23.223879 -81.810961
v -7.095581 22.281577 -81.519184
v -9.215393 16.308035 -81.114848
v -9.082783 15.836383 -78.844249
v -9.113846 16.475798 -81.904162
v -9.281291 17.799827 -79.342899
v -9.032372 18.884138 -80.420452
v -8.540004 19.735019 -78.355459
v -9.138695 18.280015 -78.539883
v -9.039998 15.140366 -74.733479
v -9.349861 15.983943 -75.864331
v -9.360630 17.250885 -75.934497
v -8.574604 19.733127 -79.128273
v -9.199214 19.074030 -76.465197
v -8.680560 19.147610 -75.270209
v -9.286891 17.317435 -73.775146
v -9.420294 18.464755 -75.803598
v -6.161897 21.247441 -80.599124
v -7.800771 21.261113 -81.192630
v -7.550395 20.792443 -80.248891
v -6.462938 20.165003 -79.288689
v -6.817651 20.168540 -77.215079
v -6.029823 20.516078 -79.217756
v -6.714287 20.382085 -79.983308
v -7.264919 19.900735 -78.308453
v -8.027325 20.212765 -79.501592
v -6.366326 21.909437 -80.871649
v -6.870085 22.341205 -81.183366
v -7.285760 21.490728 -80.758741
v -8.602913 19.536208 -81.591769
v -8.147463 20.370509 -80.211654
v -8.657650 19.557546 -79.971883
v -6.879586 20.145195 -73.870744
v -7.987385 19.396815 -75.423270
v -9.271263 16.729298 -79.079140
v -9.451706 16.636117 -76.833358
v -1.490364 16.957037 -64.508341
v -0.648180 18.180436 -65.372800
v -2.450782 17.055706 -66.976920
v -2.078167 16.949005 -65.848323
v -2.654744 18.043427 -67.485632
v -1.757530 18.520875 -66.434896
v -1.493522 17.693278 -65.762203
v -0.991926 19.272473 -66.320309
v -0.345109 20.197833 -66.349859
v -0.460462 21.058688 -65.840279
v -0.107438 21.860676 -65.341059
v -3.163113 19.213053 -67.352672
v -1.850974 19.372026 -66.588892
v -2.135878 20.471556 -66.397970
v -2.146503 22.315947 -65.273748
v -1.982654 23.023733 -64.679533
v -3.562705 21.457006 -66.301161
v -2.920158 16.854315 -67.451186
v -4.693601 16.389525 -68.408614
v -4.058083 14.960206 -66.873393
v -3.854134 17.046048 -68.238698
v -3.190698 17.240301 -67.918762
v -3.260218 17.937648 -67.911152
v -5.235109 16.227121 -67.603827
v -5.497978 16.720156 -68.075172
v -5.558522 16.807634 -67.363958
v -5.695068 16.635331 -66.877183
v -5.867895 15.976154 -66.364388
v -4.032979 18.890761 -67.843388
v -5.039072 18.377725 -68.514790
v -6.672276 20.078503 -72.178585
v -5.887218 19.232457 -69.444818
v -6.335910 20.773052 -73.800230
v -5.398140 21.750044 -70.544940
v -5.098448 22.567185 -70.236010
v -4.968220 22.903604 -70.100034
v -5.103352 23.262152 -67.532835
v -4.189820 21.026169 -66.951071
v -4.473970 22.034523 -66.773260
v -3.515522 22.437406 -65.791878
v -2.990637 22.728702 -65.182265
v -4.848505 19.507358 -68.221435
v -4.760064 20.241345 -67.749611
v -4.861833 20.743062 -67.783108
v -5.140012 20.540609 -68.659416
v -4.905844 21.630698 -68.993702
v -4.752533 21.598362 -67.732800
v -4.961326 22.615652 -67.164559
v -4.579365 23.102302 -65.835165
v -0.471843 17.055024 -63.922791
v -0.273658 14.817748 -62.236227
v -0.897967 16.331388 -62.295320
v -0.693561 16.727715 -62.194126
v -1.435653 16.601992 -62.861872
v -0.535247 17.656960 -64.791391
v -2.656520 15.544379 -63.890304
v -1.963212 16.078857 -62.774328
v -0.488477 22.620641 -64.618410
v -0.700707 26.050080 -73.119873
v -0.076981 26.740313 -72.260393
v -0.010536 26.458359 -70.851130
v -1.143961 25.605053 -73.156494
v -0.881926 26.485843 -72.435201
v -0.710213 26.341070 -70.974712
v -0.804410 26.681226 -71.776271
v -0.517881 25.690981 -70.468587
v -0.403827 25.693538 -70.099683
v -1.142072 25.312507 -70.062471
v -1.529681 25.168945 -70.387399
v -0.709755 25.758839 -69.835157
v -0.940366 25.705857 -69.161683
v -2.552144 25.147793 -72.689943
v -2.059868 24.973447 -69.455314
v -1.856016 26.037940 -71.826155
v -1.720238 26.058584 -71.004428
v -2.421330 25.746725 -70.862323
v -2.939790 25.249696 -70.377037
v -0.367624 26.199277 -68.991676
v -0.108844 26.484488 -68.288714
v -1.306591 26.209582 -68.346652
v -0.961263 26.536659 -67.496235
v -1.834689 26.261441 -66.785201
v -0.891153 25.780885 -64.963833
v -0.962934 26.266586 -65.772898
v -2.161133 25.728883 -68.589354
v -1.830598 26.157529 -67.748757
v -2.700930 25.795952 -67.601533
v -2.355677 25.620855 -65.730601
v -3.273888 24.262432 -72.820898
v -3.056422 25.191358 -71.978383
v -3.625802 24.730967 -71.436831
v -3.829452 24.192577 -71.968767
v -4.361716 23.476096 -71.971629
v -4.745549 23.063635 -71.064937
v -3.194034 24.959198 -69.619540
v -4.491848 23.825817 -70.119823
v -3.248122 25.216307 -70.997287
v -2.842480 25.092349 -69.020806
v -3.721294 24.702376 -69.278643
v -3.710472 23.509031 -64.304968
v -4.315414 24.729806 -67.670175
v -3.428257 25.137823 -67.300177
v -3.017311 25.433464 -66.441849
v -4.919834 23.712082 -68.700378
v -4.993991 24.153301 -66.936209
v -5.001847 23.611195 -66.105983
v -4.600827 24.487288 -65.803550
v -4.536299 24.354335 -65.082322
v -0.261214 23.581599 -64.213044
v 0.168687 24.373870 -63.565135
v -0.056985 25.169675 -63.648648
v -0.640169 23.246793 -64.417222
v -0.896820 24.878951 -64.483245
v -1.421780 24.508701 -64.560961
v 0.365089 26.237113 -65.594721
v -0.735908 25.227876 -64.311127
v -1.522661 25.264519 -64.886159
v -1.515582 23.641644 -64.417360
v -2.187770 24.442522 -64.080440
v -2.359788 24.880593 -64.282504
v -3.032718 24.255128 -63.765195
v -2.258931 25.402045 -65.070160
v -3.014723 23.689276 -64.043555
v -3.495957 24.166047 -63.757899
v -3.371123 24.621687 -63.849932
v -4.383321 23.768505 -64.668416
v -3.607606 24.807647 -64.337542
v -4.233833 24.161330 -64.233333
v -7.448811 19.061634 -71.639947
v -6.952135 18.606246 -70.001903
v -7.035921 18.010448 -69.101306
v -9.173258 16.158944 -70.969575
v -8.981673 18.420896 -73.234544
v -8.583290 18.659436 -71.965966
v -8.710443 17.681851 -70.040335
v -8.201171 18.072868 -69.809904
v -9.039945 17.113633 -70.292365
v -6.902892 16.758205 -66.302640
v -7.386475 15.067095 -64.961763
v -7.184890 17.805424 -67.632513
v -9.584376 16.611521 -68.392610
v -8.091156 16.197179 -65.948726
v -9.500284 16.275553 -66.434562
v -5.820682 20.981438 -71.011975
v -7.722353 19.256781 -72.916464
v -6.209057 19.971099 -70.804863
v -9.064703 14.859855 -72.887092
v -9.334771 16.324004 -69.872340
v -10.059479 15.442536 -68.038156
v -9.944060 15.606617 -66.105283
v -10.141092 15.700252 -66.821808
v -8.875054 15.876041 -65.744417
v -5.937895 15.644704 -65.459323
f 7 6 19
f 13 1221 9
f 10 13 9
f 10 9 1645
f 10 1645 11
f 26 4 3
f 21 1 1221
f 17 16 1282
f 17 1282 1256
f 1661 16 17
f 20 13 1220
f 18 16 23
f 21 12 22
f 12 20 28
f 21 22 34
f 28 20 23
f 33 21 34
f 22 12 28
f 23 16 30
f 16 1661 30
f 31 23 30
f 117 116 1272
f 1272 116 115
f 1265 25 33
f 35 33 34
f 117 1339 36
f 161 190 187
f 1255 1252 38
f 39 1252 170
f 39 38 1252
f 45 27 46
f 43 47 1290
f 50 43 41
f 46 49 45
f 170 40 1682
f 50 41 45
f 50 45 49
f 1252 1255 45
f 44 1290 47
f 50 49 47
f 49 46 47
f 46 44 47
f 50 47 43
f 53 54 792
f 53 61 54
f 53 67 61
f 55 53 57
f 57 53 113
f 113 51 57
f 55 57 56
f 59 57 51
f 51 58 59
f 56 65 55
f 59 56 57
f 56 59 1702
f 54 61 64
f 54 64 66
f 52 55 65
f 67 63 61
f 61 63 64
f 73 65 56
f 73 52 65
f 64 74 66
f 64 1291 74
f 67 69 63
f 63 1291 64
f 56 72 73
f 75 73 72
f 67 68 69
f 68 78 69
f 92 87 97
f 87 92 85
f 87 85 81
f 1291 80 74
f 75 72 85
f 1291 77 80
f 79 75 85
f 83 73 75
f 68 76 78
f 70 85 72
f 83 75 79
f 72 62 70
f 790 76 71
f 790 71 787
f 72 56 62
f 77 84 86
f 77 86 80
f 76 82 78
f 56 1702 62
f 79 85 93
f 90 79 93
f 88 790 787
f 84 91 94
f 84 94 86
f 93 85 92
f 90 83 79
f 91 1293 99
f 91 99 94
f 98 93 92
f 98 92 97
f 59 58 1702
f 96 90 93
f 96 93 98
f 100 95 102
f 105 96 98
f 101 789 88
f 1293 107 106
f 1293 106 99
f 105 98 97
f 105 97 108
f 1293 104 107
f 103 96 105
f 110 103 105
f 112 110 105
f 109 100 102
f 104 100 109
f 107 1294 111
f 107 111 106
f 105 108 112
f 104 1294 107
f 119 1288 118
f 124 129 123
f 122 134 133
f 139 137 140
f 139 140 138
f 139 300 141
f 142 300 138
f 131 128 132
f 126 131 132
f 126 132 177
f 130 126 177
f 134 135 136
f 124 130 129
f 124 125 130
f 125 126 130
f 126 127 131
f 127 128 131
f 124 143 125
f 127 144 128
f 126 145 127
f 125 145 126
f 125 143 145
f 143 164 148
f 127 146 144
f 143 148 145
f 145 146 127
f 164 147 148
f 146 149 144
f 146 150 149
f 148 147 150
f 148 150 145
f 145 150 146
f 150 152 151
f 150 151 149
f 147 166 152
f 147 152 150
f 152 197 151
f 166 198 152
f 185 156 193
f 184 1295 185
f 1301 155 157
f 185 1295 156
f 160 190 161
f 188 190 160
f 124 123 143
f 164 143 123
f 147 164 165
f 166 147 165
f 198 166 167
f 20 1220 23
f 1220 15 16
f 1220 16 18
f 18 23 1220
f 25 21 33
f 15 1282 16
f 168 174 121
f 173 174 168
f 135 137 136
f 141 137 139
f 1270 122 120
f 137 135 140
f 139 138 300
f 177 132 784
f 121 123 129
f 785 121 129
f 1368 174 1364
f 193 156 1296
f 193 1296 186
f 184 157 1295
f 121 174 158
f 181 184 1298
f 1336 179 1275
f 165 167 166
f 1279 165 164
f 180 181 182
f 1303 1301 157
f 184 185 1298
f 1300 193 186
f 1300 186 1299
f 1303 157 184
f 1303 184 1302
f 191 199 187
f 191 187 190
f 1272 115 1338
f 1272 1338 1337
f 1339 117 1272
f 1339 1272 1337
f 187 162 161
f 180 182 1340
f 182 1336 1340
f 1338 115 32
f 1336 183 179
f 168 121 785
f 1308 123 121
f 1278 1279 164
f 1278 164 123
f 188 1337 190
f 190 1337 191
f 1336 1304 183
f 198 192 153
f 196 153 154
f 196 154 197
f 199 194 163
f 199 163 187
f 1338 1342 199
f 1338 199 191
f 28 23 31
f 28 31 114
f 118 1288 51
f 118 51 169
f 175 122 1270
f 122 175 176
f 134 122 176
f 1269 786 175
f 1269 175 1270
f 785 129 195
f 129 130 195
f 176 195 140
f 176 140 135
f 135 134 176
f 130 177 195
f 192 198 167
f 192 167 1828
f 163 162 187
f 194 199 1341
f 182 1304 1336
f 198 153 152
f 1298 185 193
f 1298 193 1300
f 152 153 196
f 152 196 197
f 1341 199 1342
f 1219 6 8
f 205 1219 8
f 206 1645 203
f 205 8 1257
f 204 1218 2
f 1645 206 202
f 200 201 203
f 213 201 207
f 211 206 203
f 211 203 212
f 210 205 1257
f 218 206 211
f 207 201 204
f 212 203 213
f 207 204 208
f 201 213 203
f 214 207 208
f 226 210 216
f 221 209 215
f 217 211 212
f 213 207 214
f 211 217 218
f 220 213 214
f 217 224 231
f 217 231 218
f 213 220 219
f 213 219 212
f 217 212 219
f 227 217 219
f 225 221 215
f 224 217 227
f 214 208 223
f 220 214 228
f 226 216 1258
f 230 219 220
f 221 225 223
f 221 208 209
f 1258 236 226
f 227 233 224
f 219 230 227
f 214 232 228
f 224 233 231
f 223 232 214
f 228 230 220
f 231 234 229
f 231 233 234
f 223 237 232
f 228 232 230
f 1258 242 236
f 230 238 227
f 223 235 237
f 227 238 233
f 239 237 235
f 239 235 240
f 1283 242 234
f 237 239 232
f 242 1283 240
f 1283 234 241
f 238 230 232
f 240 236 242
f 234 233 241
f 236 240 235
f 1265 171 3
f 2 3 4
f 2 205 204
f 205 209 208
f 205 208 204
f 277 276 251
f 276 275 247
f 276 247 251
f 275 243 247
f 275 279 243
f 261 280 264
f 280 278 264
f 258 277 254
f 277 251 254
f 243 279 794
f 261 264 360
f 361 796 272
f 796 797 271
f 796 271 272
f 797 265 373
f 797 373 271
f 299 256 252
f 299 252 257
f 256 248 249
f 256 249 252
f 248 244 245
f 248 245 249
f 244 794 269
f 244 269 245
f 361 272 262
f 271 266 272
f 262 272 273
f 366 352 349
f 366 349 266
f 257 252 253
f 252 249 250
f 252 250 253
f 249 245 250
f 245 269 270
f 262 273 345
f 262 345 263
f 273 266 345
f 299 257 286
f 250 245 246
f 245 270 246
f 263 274 898
f 263 345 274
f 253 250 246
f 274 345 267
f 274 267 855
f 1955 297 1937
f 302 255 277
f 302 277 258
f 255 314 276
f 255 276 277
f 314 332 275
f 314 275 276
f 332 333 275
f 333 268 279
f 333 279 275
f 268 260 261
f 260 280 261
f 260 354 278
f 260 278 280
f 297 298 1937
f 259 298 403
f 1937 298 259
f 299 286 297
f 299 297 287
f 284 197 154
f 284 154 294
f 296 144 149
f 296 149 295
f 197 284 292
f 289 128 290
f 292 151 197
f 290 128 144
f 290 144 296
f 295 149 151
f 295 151 292
f 290 296 291
f 291 296 295
f 282 294 293
f 282 293 283
f 288 295 292
f 288 292 285
f 285 292 284
f 306 289 290
f 306 290 291
f 284 294 282
f 291 295 288
f 287 300 142
f 287 142 301
f 128 281 132
f 281 128 302
f 254 301 281
f 254 281 258
f 289 302 128
f 258 281 302
f 299 287 301
f 289 306 302
f 303 1955 304
f 303 297 1955
f 298 286 402
f 298 402 403
f 297 286 298
f 300 304 141
f 303 304 300
f 303 300 287
f 287 297 303
f 286 253 402
f 286 257 253
f 307 282 283
f 284 282 305
f 285 284 305
f 311 288 285
f 311 285 310
f 310 285 309
f 309 285 305
f 309 305 308
f 314 255 306
f 314 306 313
f 313 306 291
f 313 291 312
f 282 308 305
f 312 291 288
f 312 288 311
f 310 317 315
f 317 318 340
f 825 319 316
f 309 317 310
f 309 320 318
f 309 318 317
f 826 322 319
f 826 319 825
f 321 801 320
f 321 320 309
f 827 322 826
f 325 323 321
f 323 801 321
f 802 324 827
f 324 322 827
f 326 852 324
f 803 324 802
f 803 326 324
f 804 328 803
f 328 326 803
f 315 311 310
f 309 308 321
f 282 325 321
f 282 321 308
f 325 282 307
f 325 307 327
f 255 302 306
f 332 314 313
f 332 313 331
f 331 313 312
f 331 312 330
f 330 312 311
f 330 311 329
f 339 362 348
f 333 332 331
f 365 364 335
f 339 334 362
f 335 341 357
f 828 335 357
f 828 357 829
f 358 333 331
f 358 331 338
f 335 342 341
f 338 331 330
f 338 330 337
f 337 330 329
f 337 329 336
f 336 329 315
f 829 357 344
f 357 341 344
f 336 315 359
f 359 315 339
f 348 359 339
f 829 344 830
f 341 266 344
f 343 336 346
f 346 336 359
f 346 359 348
f 830 344 356
f 344 349 352
f 344 352 356
f 347 343 350
f 373 366 266
f 373 266 271
f 350 343 346
f 353 346 348
f 353 348 355
f 354 351 347
f 350 346 353
f 266 349 344
f 266 273 272
f 341 345 266
f 351 358 338
f 351 338 347
f 347 338 337
f 347 337 343
f 343 337 336
f 269 262 263
f 269 263 270
f 794 361 262
f 794 262 269
f 268 261 279
f 279 261 360
f 279 360 794
f 270 263 898
f 333 358 268
f 358 351 260
f 358 260 268
f 351 354 260
f 345 341 342
f 348 362 363
f 348 363 355
f 807 365 335
f 807 335 828
f 345 342 267
f 340 334 339
f 356 369 379
f 378 354 347
f 378 347 377
f 356 352 370
f 356 370 369
f 371 355 363
f 377 347 350
f 377 350 367
f 278 372 264
f 367 350 353
f 375 278 354
f 375 354 378
f 353 355 368
f 368 355 371
f 830 356 379
f 830 379 831
f 352 366 370
f 278 384 372
f 370 366 374
f 367 353 376
f 376 353 368
f 368 371 669
f 373 374 366
f 375 384 278
f 369 370 374
f 369 374 382
f 668 377 367
f 668 367 667
f 667 367 376
f 383 378 381
f 376 368 388
f 265 386 373
f 388 368 669
f 373 386 374
f 831 379 389
f 380 375 378
f 380 378 383
f 375 380 384
f 379 369 382
f 381 378 377
f 381 377 668
f 384 385 372
f 390 669 371
f 386 387 374
f 379 382 389
f 392 391 394
f 391 392 395
f 392 394 393
f 392 393 410
f 391 397 399
f 391 395 408
f 391 408 397
f 394 396 398
f 396 391 399
f 400 401 409
f 399 406 405
f 410 253 401
f 399 397 407
f 399 407 406
f 410 402 253
f 397 408 899
f 397 899 407
f 410 393 402
f 398 396 909
f 398 909 404
f 398 404 403
f 408 400 409
f 396 405 909
f 393 398 403
f 393 403 402
f 396 399 405
f 392 401 400
f 392 410 401
f 393 394 398
f 395 400 408
f 394 391 396
f 395 392 400
f 401 253 246
f 409 401 246
f 2076 403 404
f 411 404 909
f 2076 404 411
f 259 403 2076
f 246 270 409
f 898 274 854
f 422 754 414
f 435 431 447
f 567 427 432
f 426 420 412
f 423 422 414
f 436 590 418
f 416 417 426
f 416 568 417
f 447 431 420
f 447 420 426
f 442 421 434
f 442 434 415
f 446 436 418
f 441 433 434
f 432 421 419
f 435 564 418
f 567 416 412
f 426 417 447
f 423 427 422
f 428 424 651
f 440 429 444
f 565 425 420
f 565 420 431
f 444 429 437
f 565 431 566
f 412 416 426
f 435 566 431
f 420 430 412
f 586 432 427
f 586 427 423
f 589 424 428
f 425 413 430
f 425 430 420
f 413 422 427
f 588 652 429
f 588 429 440
f 444 437 433
f 444 433 448
f 585 428 590
f 421 441 434
f 418 590 435
f 415 434 436
f 415 436 446
f 434 433 436
f 429 438 437
f 652 653 438
f 652 438 429
f 437 439 433
f 586 444 448
f 568 445 417
f 446 418 564
f 442 415 569
f 446 569 415
f 446 564 569
f 569 445 568
f 441 448 433
f 433 439 436
f 573 473 458
f 457 592 574
f 455 456 471
f 468 570 461
f 574 456 455
f 594 470 477
f 573 458 472
f 657 459 475
f 596 466 572
f 596 572 453
f 465 459 454
f 451 610 460
f 451 460 571
f 464 466 596
f 656 451 571
f 461 460 467
f 461 467 450
f 464 449 466
f 476 465 463
f 476 463 591
f 475 459 465
f 475 465 476
f 610 655 467
f 610 467 460
f 655 572 466
f 479 654 478
f 570 571 460
f 570 460 461
f 462 469 481
f 591 463 472
f 591 472 597
f 481 469 470
f 461 450 455
f 464 457 449
f 595 594 477
f 595 477 474
f 480 595 474
f 480 474 473
f 477 470 469
f 654 657 475
f 478 476 591
f 478 591 462
f 654 475 476
f 654 476 478
f 462 591 469
f 453 479 478
f 453 478 596
f 452 479 453
f 592 595 480
f 593 462 481
f 596 462 593
f 596 478 462
f 480 456 574
f 480 473 573
f 461 471 468
f 594 481 470
f 458 597 472
f 468 573 472
f 455 471 461
f 578 662 658
f 512 510 487
f 501 576 491
f 491 576 511
f 507 495 488
f 507 488 513
f 487 500 577
f 500 493 498
f 505 493 500
f 499 491 511
f 497 579 658
f 580 598 485
f 580 485 659
f 483 661 494
f 483 494 496
f 483 496 580
f 501 491 499
f 575 580 496
f 484 492 579
f 484 579 497
f 575 496 494
f 575 494 499
f 502 485 598
f 661 482 494
f 509 495 507
f 578 658 579
f 506 489 495
f 506 495 509
f 598 580 498
f 598 498 493
f 484 486 492
f 600 599 490
f 500 498 577
f 495 503 488
f 600 490 505
f 600 505 500
f 510 600 500
f 510 500 487
f 489 502 503
f 489 503 495
f 488 503 504
f 658 506 509
f 512 600 510
f 487 577 581
f 492 501 499
f 499 511 575
f 599 513 488
f 599 488 490
f 490 488 504
f 490 504 505
f 599 484 513
f 601 524 531
f 524 526 531
f 538 537 605
f 605 602 522
f 522 602 519
f 532 521 533
f 533 521 519
f 583 519 602
f 529 616 518
f 526 524 662
f 526 662 660
f 515 529 514
f 582 517 525
f 582 525 584
f 583 526 525
f 583 525 516
f 516 525 528
f 516 528 515
f 515 528 529
f 618 662 524
f 618 524 601
f 517 528 525
f 616 529 528
f 663 527 535
f 526 584 525
f 531 526 583
f 601 531 603
f 514 604 532
f 537 536 523
f 537 523 602
f 605 537 602
f 663 618 527
f 534 603 530
f 535 818 663
f 538 604 537
f 606 534 530
f 606 530 607
f 604 607 536
f 606 527 534
f 604 536 537
f 606 535 527
f 605 522 538
f 521 522 519
f 536 530 523
f 603 531 602
f 515 532 533
f 515 533 516
f 602 531 583
f 523 530 603
f 607 530 536
f 562 543 546
f 557 559 554
f 546 543 553
f 558 557 539
f 557 554 539
f 547 540 541
f 547 541 563
f 563 541 562
f 555 544 540
f 555 540 547
f 543 539 553
f 563 562 546
f 546 756 563
f 549 756 546
f 552 553 554
f 556 552 554
f 556 554 559
f 553 549 546
f 563 550 547
f 551 547 550
f 561 555 545
f 554 553 539
f 561 545 559
f 561 559 557
f 542 561 557
f 542 557 558
f 548 556 559
f 544 555 561
f 544 561 542
f 555 551 560
f 544 541 540
f 542 558 544
f 558 541 544
f 558 562 541
f 562 558 539
f 562 539 543
f 555 560 548
f 555 548 545
f 551 555 547
f 545 548 559
f 413 754 422
f 590 428 435
f 412 427 567
f 430 413 427
f 432 419 567
f 419 568 416
f 417 445 564
f 419 416 567
f 417 564 435
f 412 430 427
f 447 417 435
f 651 565 566
f 651 566 428
f 428 566 435
f 419 442 568
f 569 568 442
f 445 569 564
f 472 463 570
f 472 570 468
f 449 457 574
f 471 456 573
f 450 467 466
f 450 466 449
f 454 656 571
f 454 571 465
f 655 466 467
f 463 465 571
f 463 571 570
f 455 450 449
f 455 449 574
f 480 574 592
f 456 480 573
f 468 471 573
f 498 580 575
f 492 486 501
f 486 512 576
f 486 576 501
f 511 577 498
f 499 494 579
f 499 579 492
f 659 483 580
f 482 578 579
f 482 579 494
f 581 576 512
f 576 581 577
f 576 577 511
f 575 511 498
f 604 520 521
f 532 604 521
f 533 519 583
f 514 532 515
f 516 533 583
f 660 582 584
f 660 584 526
f 517 616 528
f 438 585 437
f 653 589 428
f 653 428 438
f 438 428 585
f 437 585 590
f 437 590 439
f 414 588 440
f 414 440 423
f 419 421 442
f 586 448 432
f 423 444 586
f 421 432 441
f 423 440 444
f 436 439 590
f 432 448 441
f 474 477 458
f 473 474 458
f 477 469 458
f 591 597 469
f 592 457 595
f 464 593 481
f 457 464 594
f 596 593 464
f 457 594 595
f 469 597 458
f 464 481 594
f 503 598 493
f 502 598 503
f 503 493 504
f 658 509 497
f 512 486 600
f 486 484 599
f 497 507 513
f 497 513 484
f 497 509 507
f 486 599 600
f 512 487 581
f 505 504 493
f 523 603 602
f 527 601 534
f 618 601 527
f 534 601 603
f 518 535 606
f 518 606 529
f 520 604 538
f 529 606 607
f 604 514 607
f 529 607 514
f 538 521 520
f 522 521 538
f 661 614 613
f 661 613 482
f 452 612 611
f 618 663 818
f 589 608 424
f 610 609 655
f 425 565 626
f 614 661 483
f 614 483 631
f 425 625 413
f 618 621 620
f 578 482 613
f 820 619 817
f 631 483 659
f 628 820 817
f 642 620 621
f 817 629 628
f 649 634 640
f 838 776 646
f 634 649 648
f 572 655 609
f 752 634 643
f 634 648 625
f 443 608 652
f 443 652 588
f 608 653 652
f 587 443 588
f 608 589 653
f 414 587 588
f 453 572 452
f 587 454 459
f 587 459 657
f 662 508 506
f 662 506 658
f 452 611 654
f 452 654 479
f 611 587 657
f 611 657 654
f 517 617 622
f 582 617 517
f 508 489 506
f 517 622 616
f 518 818 535
f 662 582 660
f 671 374 387
f 667 376 666
f 664 383 381
f 666 376 388
f 832 389 670
f 674 380 383
f 674 383 664
f 380 674 672
f 380 672 384
f 670 389 382
f 670 382 671
f 384 672 665
f 384 665 385
f 671 382 374
f 676 388 669
f 676 669 684
f 674 680 672
f 670 671 677
f 683 381 668
f 677 671 678
f 668 667 675
f 678 671 387
f 675 667 666
f 664 381 683
f 666 388 676
f 390 810 684
f 390 684 669
f 833 832 670
f 833 670 685
f 693 674 664
f 693 664 679
f 674 693 680
f 685 670 677
f 683 668 682
f 680 691 672
f 682 668 675
f 675 666 681
f 679 664 683
f 681 666 676
f 673 692 386
f 386 692 387
f 685 677 690
f 696 683 682
f 680 693 691
f 690 677 678
f 690 678 698
f 682 675 687
f 698 678 387
f 698 387 686
f 687 675 681
f 687 681 688
f 679 683 696
f 688 681 676
f 810 811 689
f 810 689 684
f 688 676 684
f 688 684 689
f 692 686 387
f 834 833 685
f 834 685 697
f 693 679 708
f 697 685 690
f 696 682 695
f 695 682 687
f 695 687 703
f 703 687 688
f 703 688 694
f 708 679 696
f 811 699 689
f 694 688 689
f 694 689 699
f 706 697 690
f 706 690 713
f 704 696 695
f 693 714 715
f 693 715 691
f 713 690 698
f 713 698 707
f 707 698 686
f 707 686 701
f 703 694 702
f 708 696 704
f 702 694 705
f 692 700 701
f 705 694 699
f 705 699 711
f 692 701 686
f 834 697 706
f 710 695 703
f 710 703 709
f 709 703 702
f 712 834 706
f 712 706 713
f 704 695 710
f 717 707 701
f 709 702 721
f 720 708 704
f 720 704 718
f 721 702 705
f 721 705 719
f 700 716 701
f 699 814 725
f 699 725 711
f 719 705 711
f 719 711 725
f 701 716 717
f 835 712 724
f 720 693 708
f 693 720 714
f 724 712 713
f 718 704 710
f 724 713 707
f 724 707 717
f 718 710 723
f 714 728 715
f 723 710 709
f 723 709 722
f 722 709 721
f 733 719 725
f 733 725 737
f 716 730 717
f 720 726 727
f 720 727 714
f 742 718 723
f 714 727 728
f 731 724 717
f 731 717 730
f 722 721 733
f 726 720 718
f 726 718 742
f 733 721 719
f 716 729 730
f 836 835 724
f 836 724 731
f 726 735 727
f 727 743 728
f 723 722 732
f 732 722 733
f 735 726 742
f 729 736 730
f 725 734 737
f 738 731 730
f 742 723 732
f 738 730 736
f 732 733 741
f 741 733 744
f 744 733 737
f 738 736 740
f 842 735 742
f 842 742 845
f 729 739 736
f 734 844 737
f 744 737 844
f 736 739 740
f 735 842 727
f 739 843 740
f 745 836 731
f 745 731 738
f 745 738 746
f 845 742 732
f 845 732 741
f 744 844 749
f 843 850 747
f 746 738 747
f 747 738 740
f 845 741 744
f 649 640 609
f 641 614 640
f 638 622 617
f 754 413 625
f 656 454 414
f 656 414 754
f 617 615 638
f 614 641 613
f 572 609 631
f 572 631 659
f 641 615 613
f 638 633 622
f 615 617 582
f 578 613 615
f 578 615 582
f 582 662 578
f 817 642 629
f 552 755 553
f 763 551 550
f 556 548 760
f 560 760 548
f 758 563 756
f 550 563 758
f 560 551 763
f 756 549 757
f 757 549 553
f 757 553 755
f 556 759 552
f 763 550 761
f 759 556 760
f 761 550 758
f 560 764 760
f 764 560 763
f 762 758 756
f 762 756 767
f 761 758 762
f 767 756 757
f 552 624 755
f 767 757 623
f 623 757 755
f 623 755 624
f 759 768 765
f 759 765 552
f 766 763 761
f 552 765 624
f 768 759 760
f 768 760 764
f 766 761 762
f 637 771 770
f 771 822 770
f 777 783 750
f 777 750 821
f 771 773 822
f 775 645 773
f 452 572 659
f 452 659 485
f 587 414 454
f 587 611 443
f 443 611 612
f 452 485 502
f 662 618 508
f 642 817 620
f 612 452 502
f 612 502 489
f 639 768 764
f 838 615 776
f 822 773 645
f 639 764 763
f 763 766 819
f 763 819 639
f 627 819 766
f 647 627 766
f 647 766 762
f 762 767 777
f 762 777 647
f 632 821 750
f 635 783 777
f 848 748 752
f 799 843 739
f 784 132 281
f 177 140 195
f 785 176 175
f 785 786 168
f 1280 786 1269
f 53 792 113
f 791 52 73
f 791 73 71
f 787 71 83
f 90 787 83
f 90 103 101
f 90 101 88
f 103 788 101
f 788 110 109
f 788 102 101
f 102 789 101
f 89 789 95
f 89 790 88
f 76 790 82
f 68 791 71
f 52 791 68
f 67 52 68
f 67 53 52
f 301 784 281
f 793 301 254
f 793 254 251
f 248 793 251
f 248 251 247
f 244 248 247
f 244 247 243
f 795 794 360
f 795 796 361
f 798 797 264
f 385 798 372
f 385 386 265
f 385 665 386
f 142 138 784
f 138 177 784
f 138 140 177
f 195 176 785
f 175 786 785
f 52 53 55
f 73 83 71
f 88 787 90
f 96 103 90
f 103 110 788
f 109 102 788
f 102 95 789
f 88 789 89
f 89 82 790
f 71 76 68
f 27 45 1255
f 301 142 784
f 256 299 301
f 256 301 793
f 248 256 793
f 243 794 244
f 361 794 795
f 360 796 795
f 360 264 797
f 360 797 796
f 265 797 798
f 264 372 798
f 265 798 385
f 752 643 753
f 752 753 848
f 776 752 748
f 739 729 839
f 739 839 799
f 748 847 776
f 837 749 844
f 318 800 340
f 320 800 318
f 323 802 801
f 325 803 802
f 325 802 323
f 327 804 803
f 327 803 325
f 334 806 829
f 334 829 362
f 362 829 805
f 362 805 363
f 340 807 806
f 340 806 334
f 371 363 808
f 371 808 809
f 371 809 390
f 810 390 809
f 699 811 812
f 699 812 813
f 814 699 813
f 725 814 815
f 734 725 815
f 734 815 816
f 844 734 816
f 846 837 844
f 646 776 847
f 646 847 837
f 640 614 631
f 621 818 630
f 631 609 640
f 649 609 610
f 610 451 649
f 619 612 817
f 508 618 620
f 508 620 489
f 818 518 630
f 648 649 451
f 648 451 656
f 443 619 608
f 656 754 625
f 656 625 648
f 650 625 425
f 425 626 650
f 565 651 626
f 518 616 633
f 518 633 630
f 633 616 622
f 619 443 612
f 621 618 818
f 489 620 817
f 489 817 612
f 767 623 777
f 650 634 625
f 646 837 846
f 646 846 644
f 650 626 821
f 650 821 632
f 821 626 627
f 821 627 647
f 626 651 627
f 634 650 632
f 634 632 643
f 778 644 645
f 778 645 775
f 774 644 846
f 774 846 779
f 780 774 779
f 772 780 781
f 772 781 782
f 635 782 849
f 783 635 849
f 644 774 645
f 770 822 824
f 822 645 774
f 822 774 780
f 780 823 822
f 823 824 822
f 772 823 780
f 772 782 823
f 770 824 636
f 824 823 769
f 824 769 636
f 769 823 782
f 769 782 635
f 634 752 640
f 641 640 752
f 641 752 776
f 615 641 776
f 638 615 838
f 630 633 778
f 778 775 621
f 778 621 630
f 642 621 775
f 642 775 773
f 773 771 629
f 773 629 642
f 771 637 628
f 771 628 629
f 637 820 628
f 619 820 424
f 619 424 608
f 651 424 819
f 651 819 627
f 800 825 316
f 320 826 825
f 320 825 800
f 801 827 826
f 801 826 320
f 802 827 801
f 806 828 829
f 829 830 805
f 805 830 363
f 807 828 806
f 363 830 831
f 363 831 808
f 808 831 389
f 808 389 809
f 778 838 646
f 778 646 644
f 809 389 832
f 810 809 832
f 810 832 833
f 811 810 833
f 812 811 833
f 812 833 834
f 813 812 834
f 813 834 712
f 814 813 712
f 814 712 835
f 815 814 835
f 815 835 836
f 816 815 836
f 816 836 745
f 632 750 751
f 643 632 751
f 643 751 753
f 633 838 778
f 838 633 638
f 839 729 716
f 839 840 715
f 839 715 728
f 840 716 700
f 840 700 715
f 691 700 692
f 691 692 673
f 841 691 673
f 716 840 839
f 691 715 700
f 672 691 841
f 799 839 743
f 665 841 673
f 665 673 386
f 728 743 839
f 665 672 841
f 647 777 821
f 639 819 820
f 820 637 639
f 637 770 768
f 637 768 639
f 770 636 765
f 770 765 768
f 636 769 624
f 636 624 765
f 769 635 623
f 769 623 624
f 635 777 623
f 799 850 843
f 850 849 747
f 779 781 780
f 848 842 845
f 847 744 749
f 843 747 740
f 779 745 781
f 842 753 727
f 781 745 746
f 848 845 748
f 727 753 751
f 727 751 743
f 748 845 744
f 748 744 847
f 743 751 799
f 844 816 846
f 846 816 745
f 846 745 779
f 842 848 753
f 746 747 782
f 746 782 781
f 847 749 837
f 751 750 799
f 783 849 850
f 747 849 782
f 750 783 850
f 750 850 799
f 424 820 819
f 324 862 851
f 324 851 322
f 364 859 335
f 855 854 274
f 342 860 267
f 335 859 860
f 335 860 342
f 322 851 856
f 322 856 319
f 326 853 852
f 852 862 324
f 852 857 862
f 853 858 857
f 853 857 852
f 860 865 267
f 267 865 855
f 855 865 867
f 858 863 857
f 364 866 864
f 364 864 859
f 851 861 856
f 859 864 860
f 860 864 865
f 855 867 869
f 855 869 854
f 856 868 870
f 866 873 864
f 861 868 856
f 865 874 880
f 857 871 878
f 857 878 862
f 865 880 876
f 865 876 867
f 863 872 871
f 863 871 857
f 866 875 873
f 873 874 864
f 851 877 861
f 864 874 865
f 862 878 877
f 862 877 851
f 867 876 869
f 868 886 870
f 875 879 873
f 873 879 874
f 876 910 869
f 876 881 885
f 876 885 910
f 874 924 880
f 871 882 878
f 880 881 876
f 872 883 871
f 875 884 879
f 879 884 924
f 879 924 874
f 878 882 877
f 882 895 877
f 924 893 880
f 871 888 882
f 880 893 881
f 883 888 871
f 868 887 886
f 875 889 884
f 861 887 868
f 877 895 887
f 877 887 861
f 884 889 924
f 883 890 888
f 925 920 924
f 926 936 892
f 924 920 893
f 893 936 926
f 890 896 928
f 311 315 329
f 929 894 927
f 898 409 270
f 408 409 898
f 854 869 899
f 854 899 898
f 899 408 898
f 904 911 933
f 910 885 904
f 904 906 910
f 869 910 900
f 918 891 930
f 910 906 900
f 930 891 931
f 869 900 407
f 907 918 930
f 908 918 907
f 907 930 2627
f 901 903 902
f 869 407 899
f 909 908 907
f 909 907 2627
f 909 2627 905
f 909 905 411
f 406 407 900
f 901 406 900
f 901 900 906
f 903 901 906
f 903 906 904
f 903 904 933
f 885 911 904
f 405 406 909
f 406 901 908
f 406 908 909
f 908 901 902
f 932 908 902
f 932 902 933
f 927 889 875
f 913 917 916
f 913 914 917
f 915 917 914
f 913 916 891
f 932 938 921
f 932 919 938
f 911 937 933
f 933 919 932
f 932 921 918
f 926 892 937
f 926 937 911
f 891 918 913
f 933 923 919
f 937 923 933
f 893 920 936
f 921 922 918
f 918 922 913
f 889 925 924
f 881 926 885
f 893 926 881
f 888 928 882
f 890 928 888
f 887 929 927
f 895 929 887
f 908 932 918
f 903 933 902
f 885 926 911
f 912 925 889
f 927 912 889
f 920 934 936
f 922 914 913
f 919 923 938
f 925 935 934
f 925 934 920
f 935 925 912
f 927 897 912
f 928 943 882
f 882 943 940
f 882 940 895
f 895 940 929
f 929 940 939
f 929 939 894
f 940 942 941
f 940 941 939
f 943 942 940
f 896 944 943
f 896 943 928
f 897 948 912
f 947 2683 955
f 947 955 951
f 945 950 1025
f 946 951 950
f 948 960 956
f 948 956 949
f 952 957 961
f 953 957 952
f 953 958 957
f 954 958 953
f 955 959 958
f 955 958 954
f 2683 959 955
f 957 966 961
f 957 962 966
f 960 965 956
f 958 962 957
f 958 963 962
f 959 964 963
f 959 963 958
f 962 967 969
f 962 969 966
f 962 963 967
f 964 970 963
f 968 971 972
f 963 973 967
f 970 974 963
f 2711 974 970
f 967 973 976
f 967 976 969
f 973 977 976
f 971 975 972
f 974 978 963
f 974 2711 978
f 1027 980 1026
f 934 981 979
f 935 981 934
f 935 982 981
f 1027 985 980
f 981 983 979
f 979 983 985
f 979 985 1027
f 985 986 987
f 983 986 985
f 984 988 990
f 986 994 987
f 989 992 983
f 983 992 986
f 988 991 990
f 990 1029 989
f 989 1029 992
f 991 995 990
f 990 995 1029
f 986 993 994
f 1029 996 992
f 992 996 993
f 992 993 986
f 991 1042 995
f 997 1044 1030
f 949 956 982
f 949 982 935
f 956 965 984
f 965 968 988
f 965 988 984
f 968 972 991
f 968 991 988
f 972 975 1042
f 972 1042 991
f 923 998 1016
f 998 1003 1016
f 1000 1002 999
f 1016 1003 1002
f 1016 1002 1000
f 999 1002 1001
f 1006 1007 1005
f 1005 1007 1014
f 1004 1009 1006
f 1007 1010 1008
f 1006 1009 1010
f 1006 1010 1007
f 1007 1008 1014
f 1010 997 1013
f 1010 1013 1008
f 1009 997 1010
f 1008 1013 1012
f 1004 1033 1009
f 1014 1008 1015
f 1008 1012 1011
f 1008 1011 1015
f 1018 1022 1023
f 1018 1023 1019
f 1017 999 1001
f 947 951 946
f 945 1025 941
f 946 950 945
f 987 994 1004
f 1026 980 998
f 1026 998 923
f 994 1033 1004
f 315 317 339
f 317 340 339
f 807 340 800
f 807 800 316
f 316 365 807
f 316 319 365
f 319 364 365
f 364 319 856
f 856 866 364
f 856 870 866
f 870 875 866
f 870 886 875
f 927 875 886
f 927 886 887
f 927 894 897
f 894 939 897
f 939 948 897
f 941 1025 960
f 941 960 948
f 952 961 965
f 952 965 960
f 961 968 965
f 961 966 971
f 961 971 968
f 966 969 971
f 971 969 976
f 1013 997 1030
f 1029 1047 996
f 975 971 1028
f 994 1031 1033
f 976 1028 971
f 1551 1023 1035
f 1035 1023 1022
f 1035 1022 1032
f 1035 1032 1034
f 1552 1551 1035
f 1037 1035 1034
f 1552 1035 1037
f 993 1031 994
f 993 996 1047
f 978 1024 973
f 978 973 963
f 1024 1039 973
f 1039 977 973
f 1553 1552 1037
f 1043 1009 1033
f 976 1040 1028
f 975 1041 1042
f 1031 993 1051
f 1041 975 1028
f 997 1052 1044
f 1048 1029 995
f 1029 1048 1047
f 1037 1034 1045
f 977 1040 976
f 1047 1051 993
f 1052 997 1009
f 1052 1009 1043
f 1048 995 1641
f 1053 1037 1045
f 1553 1037 1053
f 1042 1641 995
f 1052 1049 1044
f 1056 1049 1052
f 1055 1638 1040
f 1638 1639 1040
f 1057 1639 1081
f 1057 1640 1041
f 1068 1073 1089
f 1068 1089 1079
f 1057 1082 1058
f 1075 1099 1070
f 1066 1094 1080
f 1087 1067 1074
f 1087 1074 1083
f 1092 1076 1071
f 1092 1071 1085
f 1073 1090 1089
f 1083 1074 1070
f 1099 1075 1079
f 1099 1079 1089
f 1555 1554 1076
f 1555 1076 1092
f 1058 1082 1090
f 1058 1090 1073
f 1067 1087 1084
f 1067 1084 1069
f 1080 1086 1072
f 1092 1085 1091
f 1083 1070 1099
f 1087 1098 1084
f 1057 1088 1082
f 1072 1086 1105
f 1072 1105 1081
f 1088 1057 1081
f 1088 1081 1105
f 1094 1095 1080
f 1087 1083 1097
f 1080 1095 1086
f 1100 1092 1091
f 1090 1096 1089
f 1097 1083 1099
f 1110 1099 1089
f 1556 1555 1092
f 1556 1092 1100
f 1082 1088 1096
f 1082 1096 1090
f 1103 1087 1097
f 1103 1097 1109
f 1095 1102 1086
f 1112 1100 1091
f 1112 1091 1111
f 1096 1107 1089
f 1109 1097 1099
f 1556 1100 1112
f 1088 1106 1096
f 1087 1103 1108
f 1087 1108 1098
f 1089 1107 1114
f 1089 1114 1110
f 1088 1104 1106
f 1110 1109 1099
f 1094 1115 1095
f 1086 1102 1105
f 1104 1088 1105
f 1103 1117 1118
f 1103 1118 1108
f 1110 1119 1109
f 1115 1116 1095
f 1102 1124 1105
f 1104 1105 1124
f 1117 1103 1109
f 1141 1096 1106
f 1095 1116 1102
f 1121 1112 1111
f 1121 1111 1120
f 1096 1141 1107
f 1119 1110 1114
f 1122 1117 1109
f 1122 1109 1119
f 1141 1106 1134
f 1141 1125 1107
f 1557 1112 1121
f 1557 1121 1120
f 1104 1123 1134
f 1104 1134 1106
f 1117 1122 1126
f 1117 1126 1118
f 1107 1125 1114
f 1102 1116 1124
f 1123 1104 1124
f 1144 1114 1125
f 1558 1557 1120
f 1558 1120 1146
f 1122 1132 1136
f 1122 1136 1126
f 1114 1144 1119
f 1115 1138 1131
f 1115 1131 1116
f 1116 1130 1133
f 1116 1133 1124
f 1140 1123 1124
f 1140 1124 1133
f 1132 1122 1119
f 1132 1119 1135
f 1116 1131 1130
f 1146 1120 1127
f 1146 1127 1136
f 1135 1119 1144
f 1139 1132 1135
f 1139 1135 1142
f 1146 1136 1145
f 1142 1135 1144
f 1142 1144 1143
f 1132 1139 1152
f 1132 1152 1136
f 1138 1147 1131
f 1163 1144 1125
f 1163 1125 1154
f 1559 1558 1146
f 1559 1146 1145
f 1123 1150 1134
f 1140 1149 1150
f 1140 1150 1123
f 1144 1163 1143
f 1147 1155 1131
f 1130 1148 1149
f 1130 1149 1133
f 1149 1140 1133
f 1151 1141 1134
f 1151 1134 1150
f 1131 1155 1148
f 1131 1148 1130
f 1141 1151 1125
f 1148 1156 1159
f 1148 1159 1149
f 1158 1139 1142
f 1158 1142 1177
f 1151 1150 1160
f 1155 1157 1156
f 1155 1156 1148
f 1151 1161 1125
f 1177 1142 1143
f 1177 1143 1162
f 1559 1145 1164
f 1139 1158 1178
f 1139 1178 1152
f 1125 1161 1154
f 1149 1159 1160
f 1149 1160 1150
f 1163 1162 1143
f 1151 1170 1169
f 1151 1169 1161
f 1180 1163 1154
f 1180 1154 1172
f 1560 1559 1164
f 1560 1164 1182
f 1160 1168 1167
f 1161 1169 1172
f 1161 1172 1154
f 1159 1173 1168
f 1159 1168 1160
f 1163 1180 1162
f 1155 1166 1157
f 1156 1165 1174
f 1156 1174 1159
f 1173 1159 1174
f 1170 1151 1160
f 1170 1160 1167
f 1157 1166 1165
f 1157 1165 1156
f 1182 1164 1181
f 1176 1170 1167
f 1166 1185 1165
f 1170 1176 1175
f 1170 1175 1169
f 1177 1162 1179
f 1180 1172 1184
f 1169 1175 1184
f 1169 1184 1172
f 1180 1179 1162
f 1194 1182 1181
f 1176 1191 1175
f 1192 1177 1179
f 1193 1180 1184
f 1561 1560 1182
f 1561 1182 1194
f 1168 1190 1189
f 1168 1189 1167
f 1158 1187 1178
f 1175 1191 1184
f 1173 1188 1190
f 1173 1190 1168
f 1180 1193 1192
f 1180 1192 1179
f 1185 1195 1186
f 1165 1186 1188
f 1165 1188 1174
f 1188 1173 1174
f 1187 1158 1177
f 1187 1177 1192
f 1176 1167 1189
f 1185 1186 1165
f 1546 1528 1527
f 1569 1567 1490
f 1490 1567 1491
f 1213 1512 1491
f 1562 1213 1191
f 1189 1198 1562
f 1198 1189 1190
f 1198 1190 1208
f 1193 1203 1192
f 1210 1199 1203
f 1191 1213 1209
f 1191 1209 1202
f 1210 1203 1212
f 1213 1562 1198
f 1202 1209 1212
f 1202 1212 1193
f 1200 1208 1190
f 1200 1201 1206
f 1210 1214 1215
f 1209 1216 1212
f 1547 1512 1198
f 1547 1198 1208
f 1485 1492 1215
f 1214 1210 1212
f 1214 1212 1216
f 1221 1 9
f 8 6 7
f 20 1221 13
f 25 1217 21
f 15 11 14
f 1217 1 21
f 25 1218 1217
f 1220 11 15
f 12 21 1221
f 12 1221 20
f 10 11 1220
f 13 10 1220
f 2 1218 25
f 1467 1223 1225
f 1227 1223 1467
f 1237 1229 1466
f 1226 1374 1379
f 1226 1379 1232
f 1233 1222 1234
f 1469 1468 1226
f 1250 1248 1243
f 1249 1251 1584
f 1518 1524 1579
f 1250 1241 1248
f 5 24 1253
f 1282 172 1256
f 1253 24 172
f 1253 172 1282
f 114 31 1273
f 27 1284 46
f 43 1290 42
f 41 43 42
f 41 42 40
f 14 7 19
f 1265 3 25
f 3 2 25
f 158 174 1368
f 19 6 1253
f 210 1257 218
f 216 210 218
f 208 221 223
f 216 229 1258
f 229 242 1258
f 225 235 223
f 241 233 238
f 242 229 234
f 42 1290 1289
f 119 118 1261
f 169 51 113
f 40 170 1252
f 41 40 1252
f 1252 45 41
f 172 24 27
f 172 27 1255
f 27 24 1260
f 34 116 117
f 117 35 34
f 1286 37 1285
f 1256 1274 39
f 1274 1256 172
f 1262 1270 1263
f 1262 1269 1270
f 1270 120 1263
f 1285 37 1264
f 1265 33 35
f 115 114 32
f 32 114 1273
f 1267 35 36
f 36 35 117
f 37 173 1264
f 5 1253 6
f 1262 1263 1261
f 169 1269 1262
f 169 1271 1269
f 1268 1264 173
f 1267 36 1339
f 32 1273 29
f 37 1267 1364
f 37 1364 174
f 29 1273 1266
f 29 1266 189
f 37 174 173
f 173 168 786
f 1284 1259 48
f 48 1259 792
f 1259 113 792
f 1259 1271 113
f 1271 169 113
f 1255 38 172
f 38 1274 172
f 1274 38 39
f 118 169 1262
f 1262 1261 118
f 1340 1276 1277
f 1279 1277 165
f 167 1276 1275
f 167 1275 1828
f 1277 1276 167
f 1277 167 165
f 123 1308 1278
f 1287 1259 1284
f 1271 1280 1269
f 1280 1271 1259
f 1280 1259 1281
f 1254 5 26
f 1280 1281 1268
f 5 1254 1260
f 5 1260 24
f 786 1280 1268
f 786 1268 173
f 1287 1281 1259
f 1253 1282 19
f 3 171 1254
f 3 1254 26
f 1219 4 26
f 37 1286 1267
f 1267 1286 35
f 235 225 222
f 222 225 215
f 205 2 1219
f 31 1266 1273
f 19 1282 15
f 14 19 15
f 238 232 239
f 238 239 241
f 1283 241 239
f 239 240 1283
f 235 222 236
f 226 236 222
f 222 215 226
f 215 209 210
f 215 210 226
f 205 210 209
f 1219 5 6
f 1219 26 5
f 7 14 11
f 11 8 7
f 1257 8 202
f 1257 202 206
f 218 1257 206
f 216 218 231
f 231 229 216
f 1268 1254 1285
f 1268 1285 1264
f 1281 1287 1254
f 1281 1254 1268
f 58 51 1288
f 54 1292 792
f 48 792 1292
f 48 1292 1284
f 27 1260 1284
f 1260 1254 1287
f 1260 1287 1284
f 1254 171 1285
f 1699 1289 1290
f 60 1292 54
f 1699 1292 60
f 63 69 1291
f 69 78 1291
f 78 77 1291
f 78 84 77
f 91 95 1293
f 95 104 1293
f 104 109 1294
f 1284 1290 44
f 1284 44 46
f 1284 1292 1290
f 1699 1290 1292
f 110 1294 109
f 110 112 1294
f 112 111 1294
f 95 100 104
f 95 91 89
f 91 84 82
f 91 82 89
f 84 78 82
f 1286 1285 171
f 1286 171 1265
f 1286 1265 35
f 116 34 22
f 22 28 115
f 22 115 116
f 28 114 115
f 181 1298 182
f 1302 184 181
f 3082 1300 1299
f 1304 1300 3082
f 182 1298 1300
f 182 1300 1304
f 1278 159 178
f 1305 1339 188
f 188 155 1305
f 155 1306 1305
f 121 1307 1308
f 121 158 1307
f 1344 159 1278
f 1343 1267 1305
f 1267 1339 1305
f 1370 159 1344
f 1371 1308 1307
f 1371 1307 1369
f 1368 1316 1318
f 1348 1366 1315
f 1312 1315 1366
f 1321 1310 1345
f 1321 1345 1346
f 1311 1320 1317
f 1322 1314 1316
f 1317 1309 1311
f 1324 1313 1318
f 1322 1325 1359
f 1316 1314 1318
f 1319 1317 1323
f 1318 1314 1324
f 1320 1323 1317
f 1315 1326 1348
f 1360 1354 1332
f 1332 1331 1357
f 1333 1347 1350
f 1360 1332 1349
f 1331 1328 1357
f 1330 1348 1352
f 1328 1330 1357
f 1362 1329 1350
f 1362 1350 1347
f 1359 1325 1328
f 1276 1336 1275
f 1276 1340 1336
f 188 1339 1337
f 1337 1338 191
f 1338 32 1342
f 189 1341 1342
f 189 1342 29
f 29 1342 32
f 178 180 1340
f 178 1340 1277
f 178 1277 1279
f 1278 178 1279
f 1306 1343 1305
f 1308 1344 1278
f 1371 1313 1345
f 1371 1345 1367
f 1366 1348 1325
f 1366 1325 1306
f 1313 1346 1345
f 1313 1324 1346
f 1360 1349 1329
f 1322 1359 1354
f 1354 1314 1322
f 1354 1331 1332
f 1327 1362 1347
f 1348 1330 1325
f 1360 1353 1354
f 1314 1354 1353
f 1353 1324 1314
f 1353 1327 1324
f 1346 1324 1327
f 1321 1346 1327
f 1319 1323 1361
f 1329 1349 1350
f 1332 1357 1349
f 1333 1350 1351
f 1335 1352 1326
f 1356 1351 1350
f 1330 1355 1356
f 1330 1356 1357
f 1335 1334 1352
f 1330 1352 1355
f 1334 1355 1352
f 1356 1355 1351
f 1351 1355 1334
f 1356 1349 1357
f 1350 1349 1356
f 1331 1354 1359
f 1331 1359 1328
f 1335 1361 1323
f 1335 1323 1358
f 1353 1362 1327
f 1353 1360 1362
f 1330 1328 1325
f 1362 1360 1329
f 1352 1348 1326
f 1309 1363 1311
f 1310 1365 1367
f 1322 1364 1325
f 1372 1365 1297
f 1313 1371 1318
f 1319 1361 1315
f 1343 1325 1364
f 1368 1318 1369
f 1373 1312 1366
f 1373 1366 1306
f 1361 1326 1315
f 1310 1367 1345
f 1343 1306 1325
f 1311 1363 1365
f 1368 1322 1316
f 1371 1367 1370
f 1365 1370 1367
f 1322 1368 1364
f 1371 1369 1318
f 1363 1297 1365
f 1351 1334 1333
f 1301 1372 1297
f 1343 1364 1267
f 158 1368 1369
f 158 1369 1307
f 1326 1361 1335
f 1344 1371 1370
f 1308 1371 1344
f 1333 1334 1335
f 1335 1358 1347
f 1335 1347 1333
f 1358 1323 1347
f 1327 1347 1323
f 1321 1327 1323
f 1321 1323 1320
f 1320 1311 1310
f 1320 1310 1321
f 1365 1310 1311
f 1370 1365 1372
f 1372 1301 159
f 1372 159 1370
f 159 1301 1303
f 1303 1302 178
f 1303 178 159
f 1302 180 178
f 1315 1317 1319
f 1309 1317 1315
f 1309 1315 1312
f 1363 1309 1312
f 1297 1363 1312
f 1297 1312 1373
f 1373 1301 1297
f 155 1301 1373
f 155 1373 1306
f 157 155 188
f 1295 157 188
f 1295 188 160
f 1295 160 161
f 156 1295 161
f 156 161 162
f 1296 156 162
f 1302 181 180
f 3082 183 1304
f 1384 1379 1374
f 1380 1377 1375
f 1380 1386 1404
f 1386 1380 1375
f 1386 1375 1383
f 1384 1374 1629
f 1541 1397 1546
f 1519 1397 1541
f 1522 1520 1397
f 1522 1397 1519
f 1522 1576 1520
f 1393 1396 1387
f 1520 1521 1397
f 1540 1541 1546
f 1386 1402 1404
f 1397 1521 1528
f 1524 1518 1535
f 1406 1400 1394
f 1402 1386 1383
f 1410 1413 1411
f 1411 1582 1417
f 1411 1417 1408
f 1435 1426 1432
f 1424 1428 1448
f 1443 1437 1440
f 1442 1452 1587
f 1445 1602 1452
f 1451 1603 1602
f 1424 1455 1589
f 1455 1424 1448
f 1458 1465 1462
f 1465 1475 1476
f 1449 1618 1594
f 1449 1594 1460
f 1618 1449 1461
f 1459 1458 1462
f 1399 1592 1245
f 1444 1446 1586
f 1244 1593 1598
f 1244 1598 1247
f 1409 1415 1595
f 1406 1394 1431
f 1406 1431 1435
f 1424 1589 1433
f 1435 1432 1406
f 1449 1457 1461
f 1451 1449 1460
f 1405 1401 1591
f 1519 1541 1539
f 1523 1528 1521
f 1512 1547 1207
f 1491 1486 1488
f 1512 1213 1198
f 1491 1512 1207
f 1214 1489 1484
f 1533 1530 1531
f 1491 1488 1209
f 1491 1209 1213
f 1488 1216 1209
f 1500 1498 1499
f 1207 1547 1533
f 1207 1533 1490
f 1487 1480 1627
f 1487 1627 1476
f 1479 1487 1476
f 1516 1197 1499
f 1516 1499 1497
f 1514 1513 1197
f 1514 1197 1516
f 1513 1514 1515
f 1513 1515 1574
f 1507 1504 1506
f 1507 1506 1508
f 1476 1475 1479
f 1475 1478 1479
f 1475 1477 1478
f 1568 1574 1515
f 1541 1540 1538
f 1504 1574 1568
f 1504 1505 1506
f 1503 1480 1506
f 1503 1506 1505
f 1478 1477 1474
f 1577 1572 1523
f 1533 1569 1490
f 1531 1528 1523
f 1517 1522 1519
f 1517 1519 1539
f 1485 1493 1492
f 1520 1523 1521
f 1576 1577 1523
f 1576 1523 1520
f 1531 1527 1528
f 1533 1531 1523
f 1533 1523 1572
f 1566 1215 1492
f 1566 1492 1565
f 1541 1538 1539
f 1538 1540 1549
f 1538 1549 1550
f 1540 1526 1549
f 1545 1542 1206
f 1544 1543 1205
f 1543 1545 1206
f 1544 1204 1529
f 1542 1208 1200
f 1548 1526 1530
f 1530 1526 1527
f 1545 1548 1542
f 1550 1549 1543
f 1550 1543 1544
f 1549 1545 1543
f 1548 1547 1208
f 1548 1208 1542
f 1200 1206 1542
f 1490 1491 1207
f 1549 1526 1545
f 1214 1216 1489
f 1527 1531 1530
f 1527 1526 1546
f 1526 1548 1545
f 1211 1215 1566
f 1530 1547 1548
f 1524 1535 1500
f 1535 1525 1500
f 1211 1563 1199
f 1211 1199 1210
f 1212 1203 1193
f 1535 1537 1525
f 1565 1525 1537
f 1565 1537 1534
f 1566 1565 1534
f 1019 1023 1532
f 1023 1551 1532
f 1493 1565 1492
f 1482 1525 1565
f 1482 1565 1493
f 1534 1529 1211
f 1534 1211 1566
f 1487 1567 1570
f 1533 1547 1530
f 1540 1546 1526
f 1572 1564 1569
f 1572 1569 1533
f 1573 1572 1577
f 1571 1487 1479
f 1564 1508 1570
f 1487 1570 1480
f 1571 1486 1491
f 1571 1491 1567
f 1508 1564 1572
f 1507 1508 1572
f 1507 1572 1573
f 1500 1525 1483
f 1500 1483 1498
f 1479 1478 1486
f 1479 1486 1571
f 1461 1464 1620
f 1496 1495 1497
f 1495 1516 1497
f 1508 1506 1480
f 1508 1480 1570
f 1486 1478 1474
f 1486 1474 1489
f 1516 1495 1509
f 1509 1514 1516
f 1567 1487 1571
f 1546 1397 1528
f 1440 1454 1444
f 1440 1444 1439
f 1454 1440 1437
f 1437 1453 1454
f 1454 1446 1444
f 1447 1457 1449
f 1447 1449 1445
f 1445 1449 1451
f 1504 1507 1574
f 1537 1536 1534
f 1534 1536 1544
f 1534 1544 1529
f 1567 1569 1570
f 1570 1569 1564
f 1484 1489 1474
f 1484 1474 1473
f 1473 1485 1484
f 1509 1510 1514
f 1515 1514 1510
f 1510 1511 1515
f 1511 1568 1515
f 1485 1473 1481
f 1481 1493 1485
f 1513 1581 1196
f 1513 1196 1197
f 1575 1574 1507
f 1574 1575 1581
f 1574 1581 1513
f 1499 1197 1196
f 1576 1522 1578
f 1524 1499 1196
f 1578 1522 1517
f 1575 1578 1581
f 1580 1575 1507
f 1524 1500 1499
f 1507 1573 1580
f 1578 1575 1580
f 1577 1576 1580
f 1577 1580 1573
f 1576 1578 1580
f 1579 1524 1196
f 1579 1578 1517
f 1525 1482 1483
f 1482 1493 1481
f 1482 1481 1472
f 1482 1472 1628
f 1482 1628 1483
f 1504 1568 1511
f 1504 1511 1502
f 1455 1602 1603
f 1471 1468 1381
f 1375 1239 1379
f 1236 1239 1375
f 1236 1375 1377
f 1468 1374 1226
f 1239 1237 1232
f 1470 1230 1228
f 1470 1228 1224
f 1239 1236 1229
f 1239 1229 1237
f 1233 1225 1223
f 1376 1236 1377
f 1376 1380 1404
f 1376 1377 1380
f 1227 1376 1385
f 1385 1382 1223
f 1385 1223 1227
f 1236 1227 1467
f 1467 1229 1236
f 1238 1467 1225
f 1466 1229 1238
f 1467 1238 1229
f 1599 1402 1400
f 1599 1400 1406
f 1402 1383 1391
f 1402 1391 1389
f 1246 1240 1396
f 1246 1396 1393
f 1241 1251 1392
f 1584 1251 1241
f 1584 1241 1250
f 1593 1245 1240
f 1395 1249 1246
f 1395 1246 1393
f 1251 1249 1395
f 1251 1395 1390
f 1390 1392 1251
f 1592 1387 1396
f 1592 1591 1387
f 1389 1398 1402
f 1402 1398 1392
f 1402 1392 1400
f 1400 1392 1390
f 1502 1505 1504
f 1502 1634 1505
f 1628 1494 1483
f 1498 1483 1494
f 1484 1485 1215
f 1214 1484 1215
f 1210 1215 1211
f 1488 1489 1216
f 1488 1486 1489
f 1498 1494 1496
f 1496 1497 1499
f 1496 1499 1498
f 1634 1501 1503
f 1634 1503 1505
f 1480 1503 1501
f 1480 1501 1627
f 1376 1227 1236
f 1235 1231 1470
f 1235 1470 1224
f 1423 1430 1421
f 1423 1421 1427
f 1417 1420 1427
f 1417 1427 1414
f 1412 1407 1595
f 1414 1595 1407
f 1408 1417 1414
f 1417 1582 1426
f 1417 1426 1420
f 1413 1419 1426
f 1413 1426 1582
f 1420 1431 1423
f 1420 1423 1427
f 1435 1431 1420
f 1420 1426 1435
f 1403 1423 1431
f 1403 1431 1394
f 1401 1403 1394
f 1390 1395 1394
f 1390 1394 1400
f 1394 1395 1393
f 1394 1393 1401
f 1393 1387 1401
f 1248 1241 1398
f 1248 1398 1389
f 1389 1391 1243
f 1389 1243 1248
f 1243 1391 1399
f 1243 1399 1245
f 1592 1396 1240
f 1592 1240 1245
f 1391 1388 1399
f 1391 1383 1405
f 1391 1405 1388
f 1405 1591 1388
f 1401 1387 1591
f 1384 1405 1383
f 1383 1375 1384
f 1379 1384 1375
f 1382 1378 1233
f 1382 1233 1223
f 1378 1381 1222
f 1378 1222 1233
f 1232 1379 1239
f 1225 1233 1234
f 1418 1419 1413
f 1418 1413 1410
f 1416 1422 1418
f 1416 1418 1410
f 1424 1433 1419
f 1424 1419 1418
f 1418 1428 1424
f 1434 1448 1428
f 1448 1434 1450
f 1451 1602 1445
f 1583 1602 1455
f 1583 1455 1453
f 1454 1453 1455
f 1455 1448 1454
f 1590 1586 1447
f 1445 1452 1442
f 1442 1441 1447
f 1442 1447 1445
f 1596 1600 1436
f 1596 1436 1438
f 1587 1452 1437
f 1587 1437 1443
f 1441 1436 1447
f 1590 1439 1444
f 1446 1454 1448
f 1446 1448 1450
f 1450 1456 1446
f 1586 1446 1456
f 1586 1456 1588
f 1589 1603 1451
f 1416 1409 1425
f 1416 1425 1422
f 1427 1421 1585
f 1427 1585 1414
f 1585 1421 1597
f 1418 1422 1434
f 1418 1434 1428
f 1422 1425 1434
f 1597 1421 1430
f 1597 1430 1429
f 1194 1181 1178
f 1194 1178 1187
f 1195 1183 1171
f 1195 1171 1561
f 1178 1181 1164
f 1152 1178 1164
f 1152 1164 1145
f 1153 1171 1183
f 1137 1153 1147
f 1147 1138 1137
f 1136 1152 1145
f 1126 1136 1127
f 1128 1137 1138
f 1128 1138 1129
f 1118 1126 1127
f 1118 1127 1120
f 1108 1118 1120
f 1108 1120 1111
f 1098 1108 1111
f 1098 1111 1091
f 1129 1113 1093
f 1129 1093 1128
f 1113 1101 1093
f 1101 1077 1093
f 1101 1078 1077
f 1084 1098 1091
f 1084 1091 1085
f 1069 1084 1085
f 1069 1085 1071
f 1078 1064 1077
f 1060 1059 1047
f 1059 1642 1051
f 1059 1051 1047
f 1044 1049 1045
f 1044 1045 1034
f 1030 1044 1034
f 1030 1034 1032
f 1013 1030 1032
f 1013 1032 1022
f 1012 1013 1022
f 1011 1012 1022
f 1011 1022 1018
f 1038 1046 1050
f 1050 1036 1038
f 1036 1551 1038
f 1036 1024 1551
f 1020 1551 1024
f 1020 1024 978
f 1020 978 1021
f 1231 1235 1469
f 1629 1374 1468
f 1629 1468 1471
f 1222 1381 1468
f 1222 1468 1469
f 1392 1398 1241
f 1399 1388 1592
f 1388 1591 1592
f 1598 1242 1247
f 1404 1402 1599
f 1412 1411 1407
f 1409 1585 1597
f 1409 1597 1425
f 1432 1426 1433
f 1411 1413 1582
f 1425 1597 1429
f 1425 1429 1434
f 1412 1595 1415
f 1452 1602 1583
f 1589 1455 1603
f 1419 1433 1426
f 1444 1586 1590
f 1436 1590 1447
f 1452 1583 1453
f 1622 1594 1618
f 1437 1452 1453
f 1447 1586 1588
f 1447 1588 1457
f 1434 1429 1456
f 1434 1456 1450
f 1403 1430 1423
f 1384 1629 1405
f 1385 1626 1378
f 1385 1378 1382
f 1626 1381 1378
f 1628 1626 1494
f 1628 1629 1471
f 1629 1630 1405
f 1630 1481 1473
f 1630 1403 1401
f 1631 1630 1473
f 1631 1473 1474
f 1631 1456 1429
f 1631 1588 1456
f 1631 1475 1588
f 1385 1632 1495
f 1633 1632 1376
f 1633 1510 1509
f 1502 1635 1589
f 1406 1432 1599
f 1510 1404 1599
f 1243 1245 1244
f 1243 1244 1247
f 1250 1243 1247
f 1584 1250 1247
f 1584 1247 1242
f 1249 1584 1242
f 1249 1242 1598
f 1598 1593 1246
f 1598 1246 1249
f 1593 1240 1246
f 1606 1624 1611
f 1593 1244 1245
f 1609 1619 1625
f 1623 1615 1621
f 1618 1624 1622
f 1617 1619 1609
f 1615 1605 1616
f 1615 1616 1621
f 1623 1614 1615
f 1618 1611 1624
f 1469 1235 1222
f 1612 1610 1613
f 1234 1222 1235
f 1225 1234 1235
f 1225 1235 1224
f 1238 1225 1224
f 1238 1224 1228
f 1611 1618 1609
f 1618 1617 1609
f 1619 1601 1616
f 1619 1616 1605
f 1614 1607 1615
f 1466 1238 1228
f 1466 1228 1230
f 1610 1604 1613
f 1237 1466 1230
f 1237 1230 1470
f 1617 1620 1619
f 1601 1619 1620
f 1613 1608 1612
f 1614 1623 1622
f 1614 1622 1624
f 1625 1619 1605
f 1607 1614 1624
f 1607 1624 1606
f 1470 1231 1232
f 1470 1232 1237
f 1231 1226 1232
f 1469 1226 1231
f 1601 1458 1616
f 1620 1617 1461
f 1618 1461 1617
f 1458 1621 1616
f 1621 1458 1459
f 1459 1463 1623
f 1459 1623 1621
f 1623 1463 1594
f 1601 1465 1458
f 1620 1464 1465
f 1620 1465 1601
f 1594 1622 1623
f 1464 1475 1465
f 1496 1494 1626
f 1496 1626 1385
f 1471 1381 1626
f 1471 1626 1628
f 1628 1472 1629
f 1472 1481 1630
f 1472 1630 1629
f 1401 1405 1630
f 1430 1403 1630
f 1430 1630 1631
f 1429 1430 1631
f 1474 1477 1631
f 1477 1475 1631
f 1495 1496 1385
f 1385 1376 1632
f 1509 1495 1632
f 1509 1632 1633
f 1376 1404 1633
f 1404 1510 1633
f 1589 1451 1634
f 1589 1634 1502
f 1502 1511 1635
f 1433 1589 1635
f 1433 1635 1511
f 1432 1433 1511
f 1599 1432 1511
f 1599 1511 1510
f 1457 1588 1464
f 1457 1464 1461
f 1475 1464 1588
f 1462 1465 1476
f 1459 1462 1476
f 1459 1476 1627
f 1627 1501 1463
f 1627 1463 1459
f 1463 1460 1594
f 1451 1460 1634
f 1460 1463 1501
f 1460 1501 1634
f 1581 1578 1579
f 1196 1581 1579
f 1517 1518 1579
f 1517 1539 1518
f 1539 1535 1518
f 1539 1538 1535
f 1538 1537 1535
f 1536 1537 1538
f 1536 1538 1550
f 1550 1544 1536
f 1205 1204 1544
f 1563 1211 1529
f 1563 1529 1204
f 1560 1561 1171
f 1195 1185 1183
f 1185 1166 1183
f 1559 1560 1171
f 1559 1171 1153
f 1166 1155 1153
f 1166 1153 1183
f 1155 1147 1153
f 1138 1115 1129
f 1115 1113 1129
f 1115 1094 1101
f 1115 1101 1113
f 1094 1066 1078
f 1094 1078 1101
f 1063 1643 1033
f 1031 1051 1063
f 1063 1033 1031
f 1036 1050 1039
f 1036 1039 1024
f 1021 978 2711
f 1020 1021 1532
f 1532 1551 1020
f 1038 1551 1552
f 1552 1553 1046
f 1552 1046 1038
f 1043 1033 1644
f 1052 1043 1644
f 1644 1643 1061
f 1056 1644 1061
f 1554 1077 1064
f 1077 1554 1555
f 1555 1093 1077
f 1093 1555 1556
f 1128 1093 1556
f 1128 1556 1112
f 1112 1557 1128
f 1557 1558 1137
f 1557 1137 1128
f 1558 1559 1153
f 1558 1153 1137
f 1585 1409 1595
f 1415 1409 1416
f 1414 1585 1595
f 1408 1414 1407
f 1407 1411 1408
f 1410 1411 1412
f 1412 1415 1416
f 1412 1416 1410
f 1600 1439 1590
f 1590 1436 1600
f 1436 1441 1442
f 1438 1436 1442
f 1442 1587 1438
f 1587 1443 1596
f 1587 1596 1438
f 1443 1440 1596
f 1440 1439 1600
f 1440 1600 1596
f 1609 1625 1610
f 1611 1609 1610
f 1611 1610 1612
f 1612 1608 1606
f 1612 1606 1611
f 1608 1607 1606
f 1607 1608 1613
f 1613 1604 1615
f 1613 1615 1607
f 1604 1605 1615
f 1625 1605 1604
f 1625 1604 1610
f 1060 1047 1048
f 1048 1641 1060
f 1640 1641 1042
f 1041 1640 1042
f 1041 1028 1639
f 1040 1639 1028
f 1055 1040 977
f 1054 1055 977
f 1054 977 1039
f 1039 1050 1065
f 1039 1065 1054
f 1064 1065 1050
f 1064 1050 1046
f 1046 1553 1637
f 1046 1637 1064
f 1553 1053 1637
f 1053 1045 1636
f 1049 1636 1045
f 1056 1061 1074
f 1056 1074 1067
f 1061 1643 1070
f 1061 1070 1074
f 1075 1070 1643
f 1075 1643 1063
f 1063 1642 1079
f 1063 1079 1075
f 1068 1079 1642
f 1068 1642 1059
f 1068 1059 1060
f 1060 1641 1073
f 1060 1073 1068
f 1058 1073 1641
f 1080 1072 1055
f 1066 1080 1055
f 1078 1066 1065
f 1065 1064 1078
f 1064 1637 1554
f 1637 1053 1076
f 1637 1076 1554
f 1053 1636 1071
f 1053 1071 1076
f 1069 1071 1636
f 1069 1636 1062
f 1067 1069 1062
f 1067 1062 1056
f 1056 1062 1049
f 1636 1049 1062
f 1066 1054 1065
f 1066 1055 1054
f 1055 1072 1638
f 1072 1081 1639
f 1072 1639 1638
f 1041 1639 1057
f 1057 1058 1640
f 1058 1641 1640
f 1063 1051 1642
f 1644 1033 1643
f 1052 1644 1056
f 1 200 9
f 201 1217 1218
f 201 1218 204
f 201 1 1217
f 200 1 201
f 203 9 200
f 202 8 11
f 11 1645 202
f 1645 9 203
f 1219 2 4
f 1647 1648 1646
f 3462 1648 1647
f 2982 3057 1651
f 2985 2978 1646
f 2983 2981 3463
f 2984 2982 3464
f 1648 3462 1649
f 2983 1659 2981
f 1659 1654 2981
f 1660 1655 1654
f 1661 1655 1660
f 3029 1655 17
f 3029 17 1256
f 17 1655 1661
f 1652 1656 1648
f 1653 1657 2985
f 1657 1659 2985
f 1665 1671 1657
f 1665 1657 1653
f 1666 1653 1656
f 1659 1657 1671
f 1659 1671 1654
f 1656 1678 1666
f 1665 1667 1671
f 3031 1669 1652
f 1669 1678 1656
f 1666 1665 1653
f 1654 1671 1660
f 1660 1671 1661
f 1661 1671 30
f 1674 30 1667
f 1817 1677 1675
f 1677 1676 1675
f 3031 3051 1669
f 3051 1678 1669
f 2502 1679 1817
f 1688 1680 3025
f 39 3026 1680
f 170 3026 39
f 1680 3026 3025
f 3037 1681 3039
f 40 1683 1682
f 42 1683 40
f 1683 1687 1689
f 1683 1684 1687
f 1681 3037 1686
f 170 1682 3026
f 1687 1686 3037
f 1687 3037 1689
f 1686 1690 1681
f 1685 1690 1692
f 1692 1690 1686
f 1687 1684 1691
f 1691 1686 1687
f 1684 1685 1692
f 1684 1692 1691
f 1691 1692 1686
f 60 1703 1698
f 60 54 1703
f 1698 1694 1699
f 1699 60 1698
f 1700 1693 2489
f 1697 1712 1700
f 1702 58 1700
f 1702 1700 1712
f 1697 1700 2489
f 1703 54 66
f 2490 1705 1712
f 2490 1712 1697
f 1695 1704 1709
f 1703 66 1707
f 1706 1705 2490
f 1710 1712 1705
f 1707 66 74
f 1706 1710 1705
f 1709 1704 1708
f 1712 1710 1711
f 1716 1711 1710
f 1709 1708 2499
f 1735 1741 108
f 1735 108 97
f 1707 74 3072
f 2499 1708 1718
f 1727 1735 97
f 1727 97 87
f 3072 74 1717
f 1715 1716 1710
f 1715 1710 1706
f 87 81 1727
f 74 80 1717
f 81 85 1716
f 1717 80 3073
f 1720 81 1716
f 2499 1718 2498
f 70 1711 1716
f 70 1716 85
f 3072 1717 3073
f 1719 1720 1716
f 1719 1716 1715
f 1711 70 62
f 1711 62 1712
f 3073 80 86
f 3073 86 1724
f 2491 1720 1719
f 2498 1718 1721
f 1720 1728 81
f 2492 1728 1720
f 2497 1732 1723
f 2497 1723 1722
f 1724 86 94
f 1724 94 1726
f 1728 1727 81
f 2492 1720 2491
f 94 99 1737
f 1726 94 1737
f 1736 1735 1727
f 1736 1727 1728
f 1725 1730 1729
f 1726 1737 1734
f 1741 1736 1740
f 1733 1736 1728
f 1733 1728 2492
f 1701 1288 119
f 1731 1732 2497
f 1738 2496 1729
f 1729 1730 1738
f 1734 1737 1742
f 1740 1736 1733
f 1739 1732 1731
f 1737 99 106
f 1737 106 1742
f 1741 1735 1736
f 1734 1742 3075
f 2494 1740 1733
f 1746 1740 2494
f 1745 1741 1740
f 1745 1740 1746
f 1741 1745 112
f 1741 112 108
f 1744 2496 1738
f 3075 1744 1738
f 1742 106 111
f 1742 111 1747
f 3075 1742 1743
f 1743 1742 1747
f 1797 1796 1693
f 1759 1755 1793
f 1756 1755 1759
f 1762 1758 1757
f 1771 1767 1770
f 1769 1770 1767
f 1769 1767 1768
f 1769 141 1770
f 1935 1771 1770
f 1935 1770 1772
f 1761 1764 1803
f 1761 1803 1762
f 1760 1764 1761
f 1760 1763 1764
f 1766 134 136
f 1766 136 1833
f 1759 1763 1756
f 1756 1763 1760
f 1756 1760 1761
f 1756 1761 1757
f 1757 1761 1762
f 1757 1758 1776
f 1756 1757 1776
f 1756 1776 1778
f 1756 1778 1773
f 1755 1756 1773
f 1773 1775 1774
f 1774 1775 1781
f 1776 1758 1780
f 1776 1780 1779
f 1775 1773 1777
f 1773 1778 1777
f 1778 1776 1779
f 1775 1777 1781
f 1778 1779 1777
f 1781 1782 3065
f 1779 1780 1784
f 1779 1784 1783
f 1781 1777 1783
f 1781 1783 1782
f 1777 1779 1783
f 1783 1784 1835
f 1782 1783 1785
f 1783 1835 1785
f 1837 154 153
f 1827 1840 153
f 1827 153 192
f 1840 1837 153
f 1814 1838 3076
f 1814 3076 1787
f 1813 1814 1786
f 1814 1787 1786
f 3052 3032 3146
f 3052 3146 3061
f 3061 3146 1790
f 1791 1792 1815
f 1791 1815 1818
f 1826 1791 1818
f 1755 1773 1793
f 1774 1793 1773
f 1781 1794 1774
f 3065 1794 1781
f 1782 1834 3065
f 1670 3031 1663
f 1664 3031 1652
f 3031 1664 1663
f 1652 1669 1656
f 1752 1821 1798
f 1833 136 137
f 1833 137 1768
f 141 1769 1768
f 141 1768 137
f 1770 141 1772
f 1768 1767 1833
f 1822 1799 1800
f 1763 1801 1764
f 1764 1801 1802
f 1764 1802 1803
f 1823 1759 1793
f 1823 1793 1821
f 1823 1821 1752
f 1838 186 1296
f 1838 1296 3076
f 1788 1813 1786
f 1821 1789 1798
f 1812 3078 1813
f 1807 3115 1831
f 3119 1774 1794
f 1810 1806 1812
f 1806 1811 1812
f 3080 1788 1819
f 1813 3078 1814
f 3079 1813 1788
f 3081 1299 186
f 3081 186 1838
f 3080 3079 1788
f 194 1839 163
f 1816 1815 1836
f 1677 3117 1676
f 1839 1815 1792
f 1839 1792 1829
f 1806 1807 1811
f 1811 1807 1831
f 3117 1820 1676
f 1817 1825 1677
f 1825 3117 1677
f 1753 1823 1752
f 1753 1824 1823
f 3064 1821 1793
f 1805 1793 1774
f 1805 1774 3119
f 3077 3080 1819
f 1826 1818 1825
f 1831 179 183
f 1818 1816 1825
f 3118 1341 189
f 3118 189 1672
f 1840 1785 1837
f 163 1839 1829
f 163 1829 162
f 1831 183 1830
f 1836 1841 1816
f 1818 1815 1816
f 1834 1840 1827
f 192 1828 1827
f 1785 1835 1837
f 1836 1839 194
f 3117 1816 1841
f 1665 1673 1667
f 1749 1797 1693
f 1749 1693 1701
f 1749 119 1261
f 1765 1800 1799
f 1765 1799 1754
f 1766 1800 1765
f 1765 133 134
f 1765 134 1766
f 133 1765 1754
f 133 1754 122
f 1754 120 122
f 3058 1799 1751
f 3058 1754 1799
f 1823 1824 1759
f 1759 1824 1832
f 1759 1832 1763
f 1800 1833 1767
f 1833 1800 1766
f 1827 1828 1834
f 194 1341 1841
f 194 1841 1836
f 1811 1831 1830
f 1782 1785 1840
f 3078 3081 1838
f 3078 1838 1814
f 1835 1784 1837
f 1782 1840 1834
f 1836 1815 1839
f 3118 1841 1341
f 3118 3117 1841
f 3461 3462 1647
f 3463 3461 2978
f 2981 1843 1842
f 3461 1647 2978
f 1848 3464 1651
f 1847 2979 1846
f 1848 3033 3464
f 1845 1846 3030
f 1845 3030 1649
f 3461 1849 1844
f 1856 1850 1844
f 1854 1853 1849
f 1854 1849 1842
f 1852 3033 1848
f 1860 1854 1842
f 1845 1864 1846
f 1855 1860 1842
f 1855 1842 1843
f 1850 1845 1844
f 1853 1856 1849
f 1844 1849 1856
f 1863 1845 1850
f 1859 1866 1852
f 1857 1858 1851
f 1863 1864 1845
f 1856 1862 1850
f 1862 1863 1850
f 1861 1862 1856
f 1854 1860 1871
f 1871 1867 1854
f 1868 1871 1860
f 1872 1861 1853
f 1856 1853 1861
f 1867 1872 1853
f 1867 1853 1854
f 1859 1870 1866
f 1873 1864 1863
f 1869 1858 1857
f 1873 1880 1864
f 1861 1863 1862
f 1861 1875 1863
f 1871 1868 1883
f 1871 1883 1867
f 1857 3034 1869
f 1857 1851 1864
f 1867 1883 1878
f 1870 1859 1874
f 1872 1867 1878
f 1872 1878 1882
f 1863 1875 1876
f 1873 1863 1876
f 1861 1872 1882
f 1873 1876 1880
f 1875 1861 1877
f 1870 1874 1886
f 1861 1882 1877
f 1879 1869 1889
f 1868 1881 1883
f 1869 3034 1889
f 3035 1870 1886
f 1877 1882 3068
f 1876 1875 1877
f 1868 3035 1881
f 1884 1888 1889
f 1889 3036 1884
f 1885 1881 1886
f 1886 1888 1885
f 1885 1887 1881
f 3068 3036 1877
f 1889 1880 1876
f 1888 1886 1874
f 1878 1883 1887
f 1876 3036 1889
f 1881 1887 1883
f 1874 1879 1888
f 3052 1798 1789
f 1789 1821 1804
f 1663 3030 1650
f 1650 3030 1846
f 1847 1846 1864
f 1847 1864 1851
f 1902 1898 1931
f 1931 1898 1894
f 1931 1894 1930
f 1930 1894 1891
f 1930 1891 1929
f 1929 1891 1922
f 1933 1925 1916
f 1934 1916 1921
f 1932 1907 1902
f 1902 1907 1898
f 1891 1923 1922
f 1933 1909 1925
f 1925 2507 1916
f 1916 2507 1921
f 2504 1924 1923
f 2024 1911 1910
f 1910 1911 1927
f 1910 1927 1926
f 1926 1927 1918
f 1926 1918 1917
f 1904 1905 1900
f 1904 1900 1899
f 1899 1900 1896
f 1899 1896 1895
f 1895 1896 1892
f 1895 1892 2504
f 2504 1892 1924
f 2024 2023 1912
f 2024 1912 1911
f 1911 1912 1928
f 1911 1928 1927
f 1927 1928 2014
f 1905 1906 1900
f 1912 1919 1928
f 2031 2014 2010
f 2031 2010 2017
f 1946 1949 1955
f 1906 1901 1900
f 1900 1901 1897
f 1900 1897 1896
f 1896 1897 1892
f 2023 2026 1913
f 2023 1913 1912
f 1912 1913 1919
f 1919 1913 2004
f 1904 1959 1905
f 1897 1893 1892
f 1892 1893 2071
f 1892 2071 1924
f 2026 1914 1913
f 1913 1914 2004
f 1906 2066 1901
f 1901 2066 2072
f 1901 2072 1897
f 1897 2072 1893
f 2026 2025 2578
f 2026 2578 1914
f 1914 2579 2004
f 1955 1937 1946
f 1908 1932 1902
f 1908 1902 1903
f 1903 1902 1931
f 1931 1930 1991
f 1991 1930 1929
f 1991 1929 1890
f 1890 1929 1922
f 1890 1922 2022
f 2022 1933 1915
f 1915 1933 1916
f 1915 1916 1934
f 1915 1934 1920
f 259 1957 1956
f 1949 1959 1904
f 1937 259 1956
f 1946 1937 1956
f 1954 1935 1772
f 1943 1942 1837
f 1947 1945 1780
f 1947 1780 1758
f 1942 294 154
f 1942 154 1837
f 1837 1784 1944
f 1837 1944 1943
f 1948 1758 1762
f 1948 1947 1758
f 1945 1944 1784
f 1945 1784 1780
f 1939 1940 1947
f 1939 1947 1948
f 1941 1944 1945
f 1940 1945 1947
f 1943 1944 1941
f 1942 293 294
f 1962 1941 1945
f 1938 1940 1939
f 1943 1936 1942
f 1940 1962 1945
f 1951 1952 1803
f 1950 1951 1935
f 1950 1935 1954
f 1762 1803 1953
f 1907 1932 1952
f 1907 1952 1951
f 1948 1953 1939
f 1932 1908 1953
f 1932 1953 1952
f 1949 1904 1951
f 1953 1803 1952
f 1949 1951 1950
f 1939 1953 1908
f 1939 1908 1938
f 1948 1762 1953
f 1772 141 304
f 1772 304 1954
f 1946 1956 1959
f 1956 1958 1959
f 1956 1957 1958
f 1949 1946 1959
f 1950 1954 1955
f 1950 1955 1949
f 1959 1906 1905
f 1958 2066 1906
f 1959 1958 1906
f 1960 307 283
f 1960 283 1936
f 1965 1964 1940
f 1965 1940 1938
f 1943 1941 1961
f 1943 1961 1936
f 1964 1963 1940
f 1963 1962 1940
f 1962 1961 1941
f 1967 1962 1963
f 1967 1975 1962
f 1975 1966 1961
f 1975 1961 1962
f 1970 1969 1964
f 1970 1964 1965
f 1936 1961 1966
f 1969 1968 1963
f 1969 1963 1964
f 1968 1967 1963
f 1978 1973 2580
f 2513 2546 1978
f 1978 2546 1973
f 1975 1974 1971
f 1975 1971 1972
f 1975 1972 1976
f 1977 2513 1978
f 1979 1975 1976
f 1979 1976 1980
f 1981 1977 1978
f 1981 1978 2581
f 1982 1979 1983
f 1983 1979 1980
f 1984 1981 2581
f 1984 2581 1987
f 1982 1983 1985
f 2547 1984 1986
f 1986 1984 1987
f 327 1982 1985
f 326 1987 1988
f 804 2547 1986
f 804 1986 328
f 328 1986 1987
f 328 1987 326
f 1974 1975 1967
f 1975 1979 1966
f 1936 1966 1979
f 1936 1979 1982
f 1982 1960 1936
f 1982 327 307
f 1982 307 1960
f 1931 1970 1965
f 1931 1965 1903
f 1903 1965 1938
f 1903 1938 1908
f 1991 1990 1970
f 1990 1989 1969
f 1990 1969 1970
f 1989 1992 1968
f 1989 1968 1969
f 1994 1993 1990
f 1994 1990 1991
f 1993 1999 1989
f 1993 1989 1990
f 2030 1997 1998
f 2030 1998 2589
f 1999 1992 1989
f 2021 2003 2027
f 2021 2027 2029
f 1997 2552 2018
f 2548 2552 1997
f 2000 2019 1993
f 2000 1993 1994
f 1997 2018 2005
f 2019 1999 1993
f 1997 2005 2583
f 1997 2583 1998
f 1999 2020 1992
f 2020 2001 1992
f 2552 2549 2008
f 2552 2008 2010
f 2552 2010 2018
f 2019 2007 1999
f 2007 2020 1999
f 2020 2021 2001
f 2021 1995 2001
f 2549 2550 2008
f 2008 2009 2010
f 2011 2003 2002
f 2550 2016 2008
f 2008 2016 2009
f 2009 2016 2017
f 2009 2017 2010
f 2012 2015 2007
f 1918 1927 2014
f 1918 2014 2031
f 2015 2011 2006
f 2015 2006 2007
f 2011 2002 2006
f 2034 2003 2011
f 2550 2551 2016
f 1920 2032 2012
f 1920 2012 2013
f 2032 2015 2012
f 2014 1928 1919
f 2014 1919 2004
f 1995 2021 2029
f 1995 2029 1996
f 2013 2012 2019
f 2013 2019 2000
f 2012 2007 2019
f 2018 2010 2014
f 2007 2006 2020
f 2006 2002 2021
f 2006 2021 2020
f 2002 2003 2021
f 1924 2026 2023
f 1924 2023 2024
f 2022 1922 1933
f 1922 1923 1909
f 1922 1909 1933
f 1923 1924 2024
f 2071 2025 2026
f 1924 2071 2026
f 2018 2014 2004
f 1991 1970 1931
f 1890 1994 1991
f 1994 1890 2022
f 1994 2022 2000
f 2000 2022 1915
f 2000 1915 2013
f 2013 1915 1920
f 2004 2005 2018
f 2003 2028 2027
f 2003 2034 2028
f 2561 2548 1997
f 2561 1997 2030
f 2005 2579 2583
f 2005 2004 2579
f 2016 2036 2042
f 2033 2032 1920
f 1934 1921 2039
f 2016 2042 2043
f 2016 2043 2017
f 2051 2028 2034
f 2051 2034 2035
f 2032 2040 2015
f 1921 2507 2045
f 2040 2011 2015
f 2039 2037 1920
f 2039 1920 1934
f 2037 2033 1920
f 2551 2036 2016
f 2017 2043 2031
f 2033 2041 2032
f 1921 2045 2038
f 2041 2040 2032
f 2043 2047 2031
f 2040 2054 2011
f 2054 2035 2034
f 2054 2034 2011
f 1917 1918 2046
f 1918 2031 2047
f 1918 2047 2046
f 2039 1921 2038
f 2042 2050 2043
f 2041 2055 2040
f 2043 2050 2047
f 2055 2054 2040
f 2044 2056 2033
f 2044 2033 2037
f 2054 2359 2035
f 1917 2046 2361
f 2051 2035 2049
f 2359 2049 2035
f 2551 2553 2036
f 2048 2044 2037
f 2048 2037 2039
f 2039 2038 2048
f 2056 2041 2033
f 2050 2356 2047
f 2369 2051 2049
f 2046 2047 2356
f 2553 2057 2036
f 2048 2038 2052
f 2036 2057 2360
f 2036 2360 2042
f 2056 2365 2041
f 2038 2045 2053
f 2038 2053 2052
f 2042 2360 2050
f 2365 2055 2041
f 2058 2060 2059
f 2060 2075 2059
f 2059 2065 2058
f 2059 2062 2065
f 2058 2074 2060
f 2059 2075 2064
f 2059 2064 2062
f 2060 2061 2075
f 2062 2069 2070
f 2062 2070 2065
f 2075 2061 2063
f 2075 2063 2064
f 2064 2069 2062
f 2064 2068 2626
f 2064 2626 2069
f 2074 2072 2066
f 2069 2625 2070
f 2074 2066 1958
f 2074 1958 2060
f 2061 2067 2063
f 2061 1957 2067
f 2070 2071 2065
f 2063 2068 2064
f 2060 1958 1957
f 2060 1957 2061
f 2065 2071 2073
f 2058 2073 2072
f 2058 2072 2074
f 2065 2073 2058
f 2073 1893 2072
f 2076 2067 1957
f 2076 411 2067
f 411 2063 2067
f 259 2076 1957
f 1893 2073 2071
f 2337 2080 2082
f 2337 2082 2245
f 2244 2092 2079
f 2249 2093 2077
f 2249 2077 2248
f 2096 2094 2078
f 2097 2338 2080
f 2338 2082 2080
f 2105 2088 2267
f 2094 2090 2116
f 2246 2116 2084
f 2246 2084 2112
f 2092 2096 2079
f 2108 2110 2085
f 2113 2111 2089
f 2113 2089 2109
f 2114 2088 2104
f 2109 2099 2117
f 2249 2094 2246
f 2094 2116 2246
f 2100 2101 2268
f 2244 2088 2114
f 2117 2099 2095
f 2117 2095 2269
f 2288 2098 2337
f 2097 2080 2077
f 2081 2305 2083
f 2096 2078 2098
f 2108 2085 2086
f 2079 2096 2098
f 2091 2079 2098
f 2091 2098 2288
f 2091 2247 2079
f 2244 2079 2247
f 2093 2097 2077
f 2265 2266 2081
f 2265 2081 2083
f 2337 2248 2077
f 2337 2077 2080
f 2339 2108 2086
f 2339 2086 2087
f 2090 2094 2096
f 2092 2090 2096
f 2081 2267 2244
f 2110 2269 2095
f 2110 2095 2085
f 2266 2267 2081
f 2100 2093 2101
f 2109 2089 2099
f 2088 2244 2267
f 2089 2105 2107
f 2089 2107 2099
f 2111 2104 2105
f 2111 2105 2089
f 2086 2085 2106
f 2087 2086 2106
f 2087 2106 2103
f 2097 2108 2339
f 2338 2097 2339
f 2113 2109 2268
f 2097 2110 2108
f 2268 2109 2117
f 2115 2111 2113
f 2104 2115 2114
f 2115 2112 2084
f 2090 2092 2116
f 2099 2107 2095
f 2141 2135 2138
f 2143 2141 2118
f 2143 2118 2133
f 2129 2120 2135
f 2141 2136 2152
f 2143 2250 2144
f 2271 2140 2276
f 2143 2144 2136
f 2136 2144 2152
f 2250 2143 2133
f 2279 2127 2148
f 2275 2122 2271
f 2149 2142 2128
f 2252 2122 2144
f 2344 2272 2130
f 2134 2130 2272
f 2147 2150 2124
f 2147 2124 2139
f 2133 2118 2251
f 2133 2251 2123
f 2120 2138 2135
f 2138 2132 2251
f 2274 2273 2134
f 2250 2133 2137
f 2272 2274 2134
f 2123 2251 2352
f 2340 2251 2132
f 2341 2147 2139
f 2341 2139 2125
f 2137 2133 2123
f 2137 2123 2119
f 2120 2131 2132
f 2120 2132 2138
f 2273 2140 2252
f 2273 2252 2134
f 2150 2146 2124
f 2143 2136 2141
f 2129 2135 2126
f 2148 2127 2142
f 2148 2142 2149
f 2271 2122 2252
f 2271 2252 2140
f 2127 2276 2142
f 2279 2275 2127
f 2142 2276 2145
f 2142 2145 2128
f 2139 2124 2274
f 2125 2139 2274
f 2125 2274 2344
f 2124 2146 2145
f 2146 2128 2145
f 2278 2277 2147
f 2278 2147 2341
f 2343 2278 2341
f 2121 2279 2148
f 2150 2129 2146
f 2277 2150 2147
f 2144 2122 2275
f 2279 2121 2153
f 2153 2152 2144
f 2153 2144 2275
f 2149 2128 2146
f 2129 2149 2146
f 2347 2316 2254
f 2348 2280 2253
f 2163 2167 2255
f 2345 2280 2348
f 2156 2281 2154
f 2171 2185 2257
f 2167 2163 2182
f 2347 2294 2316
f 2282 2180 2184
f 2282 2184 2166
f 2176 2158 2162
f 2182 2163 2159
f 2163 2171 2257
f 2163 2257 2159
f 2257 2185 2158
f 2155 2167 2182
f 2165 2345 2348
f 2165 2348 2169
f 2154 2254 2157
f 2154 2157 2156
f 2155 2169 2255
f 2347 2256 2168
f 2347 2168 2294
f 2163 2255 2168
f 2170 2165 2169
f 2170 2169 2155
f 2171 2163 2168
f 2171 2168 2256
f 2294 2168 2255
f 2294 2255 2164
f 2346 2282 2166
f 2346 2166 2161
f 2281 2185 2154
f 2170 2155 2173
f 2178 2172 2179
f 2162 2158 2185
f 2166 2184 2174
f 2166 2174 2177
f 2178 2176 2172
f 2181 2176 2178
f 2161 2166 2177
f 2161 2177 2175
f 2160 2181 2178
f 2282 2170 2180
f 2181 2183 2158
f 2183 2182 2159
f 2183 2257 2158
f 2179 2172 2184
f 2179 2184 2180
f 2162 2185 2281
f 2172 2174 2184
f 2179 2180 2170
f 2199 2197 2203
f 2283 2212 2194
f 2283 2194 2191
f 2207 2193 2208
f 2264 2188 2211
f 2188 2213 2211
f 2264 2262 2188
f 2197 2353 2195
f 2202 2196 2280
f 2202 2280 2186
f 2189 2263 2201
f 2354 2209 2198
f 2259 2263 2189
f 2209 2208 2193
f 2188 2262 2200
f 2188 2200 2201
f 2203 2195 2200
f 2186 2204 2202
f 2286 2285 2186
f 2261 2188 2201
f 2349 2286 2186
f 2349 2186 2280
f 2189 2201 2200
f 2189 2200 2260
f 2260 2200 2195
f 2261 2201 2263
f 2197 2195 2203
f 2285 2204 2186
f 2262 2199 2203
f 2192 2206 2207
f 2210 2283 2206
f 2210 2206 2192
f 2207 2206 2193
f 2198 2209 2205
f 2209 2193 2205
f 2284 2287 2354
f 2287 2208 2209
f 2187 2210 2192
f 2264 2207 2208
f 2287 2209 2354
f 2187 2192 2207
f 2187 2207 2264
f 2212 2211 2213
f 2188 2261 2213
f 2285 2191 2204
f 2191 2194 2204
f 2232 2221 2234
f 2217 2219 2232
f 2232 2219 2221
f 2215 2218 2238
f 2221 2243 2222
f 2230 2242 2239
f 2230 2239 2218
f 2234 2221 2222
f 2242 2231 2239
f 2215 2230 2218
f 2231 2223 2214
f 2223 2243 2219
f 2223 2219 2214
f 2220 2223 2231
f 2242 2220 2231
f 2220 2226 2462
f 2228 2220 2462
f 2243 2228 2225
f 2236 2227 2224
f 2233 2222 2225
f 2222 2243 2225
f 2233 2234 2222
f 2243 2223 2228
f 2223 2220 2228
f 2236 2230 2215
f 2216 2229 2236
f 2221 2219 2243
f 2216 2232 2234
f 2216 2234 2229
f 2237 2217 2232
f 2237 2232 2216
f 2241 2234 2233
f 2215 2216 2236
f 2238 2237 2216
f 2238 2216 2215
f 2227 2236 2235
f 2217 2237 2240
f 2238 2218 2239
f 2214 2219 2217
f 2237 2238 2240
f 2240 2238 2239
f 2240 2239 2231
f 2231 2214 2217
f 2231 2217 2240
f 2224 2226 2242
f 2224 2242 2230
f 2236 2229 2241
f 2236 2241 2235
f 2236 2224 2230
f 2226 2220 2242
f 2229 2234 2241
f 2094 2249 2248
f 2094 2248 2078
f 2098 2078 2248
f 2093 2249 2101
f 2101 2246 2112
f 2101 2112 2113
f 2116 2114 2084
f 2101 2249 2246
f 2116 2244 2114
f 2305 2081 2247
f 2305 2247 2091
f 2081 2244 2247
f 2098 2248 2337
f 2115 2113 2112
f 2084 2114 2115
f 2092 2244 2116
f 2130 2459 2082
f 2352 2340 2351
f 2252 2250 2134
f 2141 2138 2118
f 2135 2141 2152
f 2135 2152 2126
f 2250 2252 2144
f 2126 2152 2121
f 2130 2134 2119
f 2130 2119 2459
f 2134 2250 2137
f 2118 2138 2251
f 2352 2251 2340
f 2134 2137 2119
f 2153 2121 2152
f 2164 2348 2253
f 2185 2171 2154
f 2167 2155 2255
f 2155 2182 2173
f 2173 2182 2160
f 2254 2154 2256
f 2254 2256 2347
f 2154 2171 2256
f 2164 2255 2169
f 2164 2169 2348
f 2183 2160 2182
f 2159 2257 2183
f 2213 2194 2212
f 2264 2211 2187
f 2262 2203 2200
f 2204 2261 2202
f 2196 2202 2263
f 2196 2263 2259
f 2202 2261 2263
f 2204 2194 2261
f 2199 2262 2264
f 2261 2194 2213
f 2106 2085 2266
f 2105 2267 2107
f 2104 2088 2105
f 2103 2106 2266
f 2103 2266 2265
f 2085 2095 2267
f 2085 2267 2266
f 2101 2113 2268
f 2093 2269 2110
f 2097 2093 2110
f 2268 2117 2100
f 2100 2269 2093
f 2104 2111 2115
f 2107 2267 2095
f 2100 2117 2269
f 2127 2271 2276
f 2275 2271 2127
f 2276 2140 2145
f 2274 2124 2273
f 2344 2274 2272
f 2124 2145 2140
f 2124 2140 2273
f 2131 2277 2278
f 2343 2131 2278
f 2121 2148 2126
f 2120 2129 2150
f 2126 2149 2129
f 2120 2150 2277
f 2126 2148 2149
f 2131 2120 2277
f 2279 2153 2275
f 2177 2174 2281
f 2177 2281 2156
f 2176 2162 2172
f 2181 2158 2176
f 2175 2177 2156
f 2175 2156 2157
f 2345 2165 2282
f 2345 2282 2346
f 2160 2178 2173
f 2173 2179 2170
f 2165 2170 2282
f 2173 2178 2179
f 2160 2183 2181
f 2172 2162 2281
f 2172 2281 2174
f 2283 2191 2206
f 2206 2191 2285
f 2205 2285 2286
f 2198 2286 2349
f 2198 2205 2286
f 2205 2193 2285
f 2353 2197 2287
f 2353 2287 2284
f 2197 2199 2287
f 2211 2210 2187
f 2210 2211 2212
f 2283 2210 2212
f 2206 2285 2193
f 2264 2208 2287
f 2264 2287 2199
f 2294 2164 2253
f 2151 2125 2292
f 2151 2292 2293
f 2296 2353 2284
f 2292 2125 2270
f 2265 2083 2102
f 2293 2295 2161
f 2293 2161 2175
f 2291 2352 2332
f 2288 2303 2091
f 2288 2337 2297
f 2300 2295 2293
f 2298 2531 2292
f 2300 2328 2302
f 2298 2530 2306
f 2298 2306 2476
f 2476 2531 2298
f 2476 2313 2531
f 2307 2335 2317
f 2460 2560 2331
f 2317 2334 2307
f 2351 2332 2352
f 2332 2310 2335
f 2317 2318 2297
f 2317 2297 2334
f 2289 2339 2087
f 2289 2087 2102
f 2102 2087 2103
f 2289 2338 2339
f 2102 2103 2265
f 2082 2338 2289
f 2343 2341 2151
f 2459 2119 2290
f 2340 2132 2351
f 2131 2343 2351
f 2131 2351 2132
f 2270 2344 2130
f 2270 2130 2082
f 2280 2346 2295
f 2151 2341 2125
f 2125 2344 2270
f 2190 2198 2349
f 2119 2123 2291
f 2119 2291 2290
f 2123 2352 2291
f 2280 2345 2346
f 2296 2354 2198
f 2296 2198 2190
f 2175 2157 2343
f 2189 2260 2342
f 2189 2342 2350
f 2343 2157 2254
f 2295 2346 2161
f 2260 2258 2342
f 2284 2354 2296
f 2280 2196 2259
f 2260 2195 2258
f 2353 2258 2195
f 2368 2356 2050
f 2055 2363 2054
f 2370 2358 2056
f 2370 2056 2044
f 2363 2359 2054
f 2554 2366 2057
f 2554 2057 2553
f 2357 2370 2044
f 2357 2044 2048
f 2048 2052 2355
f 2048 2355 2357
f 2366 2360 2057
f 2358 2365 2056
f 2052 2053 2355
f 2360 2368 2050
f 2377 2378 2049
f 2377 2049 2359
f 2046 2356 2372
f 2046 2372 2362
f 2357 2355 2371
f 2366 2367 2360
f 2367 2368 2360
f 2365 2364 2055
f 2368 2372 2356
f 2364 2363 2055
f 2363 2377 2359
f 2361 2046 2362
f 2369 2049 2378
f 2555 2367 2366
f 2555 2366 2554
f 2357 2371 2382
f 2376 2375 2365
f 2376 2365 2358
f 2389 2390 2368
f 2389 2368 2367
f 2375 2374 2364
f 2375 2364 2365
f 2390 2372 2368
f 2374 2373 2363
f 2374 2363 2364
f 2370 2376 2358
f 2373 2377 2363
f 2361 2362 2393
f 2369 2378 2379
f 2555 2389 2367
f 2386 2385 2375
f 2386 2375 2376
f 2382 2371 2380
f 2385 2384 2374
f 2385 2374 2375
f 2390 2394 2372
f 2384 2383 2373
f 2384 2373 2374
f 2391 2386 2376
f 2391 2376 2370
f 2383 2387 2377
f 2383 2377 2373
f 2393 2362 2381
f 2379 2378 2388
f 2387 2388 2378
f 2387 2378 2377
f 2362 2372 2394
f 2362 2394 2381
f 2382 2391 2370
f 2382 2370 2357
f 2556 2398 2555
f 2398 2399 2389
f 2398 2389 2555
f 2386 2402 2385
f 2382 2380 2392
f 2399 2390 2389
f 2402 2395 2384
f 2402 2384 2385
f 2399 2394 2390
f 2395 2383 2384
f 2395 2396 2387
f 2395 2387 2383
f 2396 2397 2388
f 2396 2388 2387
f 2404 2399 2398
f 2409 2402 2386
f 2404 2411 2399
f 2402 2401 2395
f 2411 2406 2394
f 2411 2394 2399
f 2391 2409 2386
f 2401 2410 2396
f 2401 2396 2395
f 2393 2381 2400
f 2397 2403 2412
f 2410 2403 2397
f 2410 2397 2396
f 2381 2394 2406
f 2381 2406 2400
f 2556 2404 2398
f 2407 2391 2382
f 2382 2392 2407
f 2417 2411 2404
f 2414 2408 2401
f 2414 2401 2402
f 2408 2413 2401
f 2405 2409 2391
f 2413 2410 2401
f 2556 2416 2404
f 2407 2405 2391
f 2416 2417 2404
f 2409 2414 2402
f 2418 2406 2411
f 2413 2421 2410
f 2412 2403 2415
f 2421 2415 2403
f 2421 2403 2410
f 2400 2406 2418
f 2400 2418 2420
f 2557 2416 2556
f 2405 2414 2409
f 2392 2380 2419
f 2417 2418 2411
f 2415 2422 2429
f 2421 2422 2415
f 2557 2428 2416
f 2407 2392 2424
f 2428 2423 2417
f 2428 2417 2416
f 2405 2442 2414
f 2392 2419 2424
f 2423 2418 2417
f 2442 2436 2408
f 2442 2408 2414
f 2436 2413 2408
f 2437 2422 2421
f 2420 2418 2425
f 2558 2428 2557
f 2426 2405 2407
f 2407 2424 2426
f 2428 2440 2423
f 2427 2442 2405
f 2440 2425 2418
f 2440 2418 2423
f 2436 2441 2413
f 2426 2427 2405
f 2441 2437 2421
f 2441 2421 2413
f 2420 2425 2434
f 2558 2439 2428
f 2435 2430 2426
f 2426 2424 2431
f 2426 2431 2435
f 2439 2440 2428
f 2424 2419 2432
f 2424 2432 2431
f 2430 2427 2426
f 2429 2422 2438
f 2437 2438 2422
f 2439 2451 2440
f 2450 2442 2427
f 2451 2448 2440
f 2442 2445 2436
f 2448 2425 2440
f 2445 2441 2436
f 2430 2450 2427
f 2441 2446 2437
f 2438 2446 2443
f 2446 2438 2437
f 2450 2445 2442
f 2445 2449 2441
f 2449 2446 2441
f 2433 2434 2444
f 2443 2446 2567
f 2443 2567 2447
f 2434 2425 2448
f 2434 2448 2444
f 2559 2439 2558
f 2559 2451 2439
f 2431 2432 2570
f 2449 2567 2446
f 2431 2430 2435
f 2453 2565 2430
f 2447 2567 2571
f 2573 2574 2559
f 2453 2430 2431
f 2574 2455 2451
f 2574 2451 2559
f 2565 2450 2430
f 2455 2448 2451
f 2565 2569 2445
f 2565 2445 2450
f 2455 2566 2448
f 2569 2449 2445
f 2325 2336 2299
f 2307 2332 2335
f 2336 2310 2299
f 2460 2350 2342
f 2245 2297 2337
f 2459 2245 2082
f 2299 2253 2325
f 2351 2254 2316
f 2351 2316 2332
f 2325 2253 2323
f 2460 2342 2304
f 2323 2259 2189
f 2323 2189 2350
f 2253 2259 2323
f 2259 2253 2280
f 2460 2323 2350
f 2457 2453 2568
f 2457 2568 2572
f 2466 2224 2227
f 2233 2467 2241
f 2235 2241 2467
f 2235 2467 2466
f 2461 2462 2226
f 2224 2461 2226
f 2466 2227 2235
f 2462 2468 2228
f 2468 2469 2225
f 2468 2225 2228
f 2233 2225 2463
f 2233 2463 2314
f 2466 2464 2224
f 2225 2469 2463
f 2314 2467 2233
f 2464 2461 2224
f 2461 2470 2462
f 2470 2468 2462
f 2465 2470 2461
f 2464 2465 2461
f 2471 2474 2464
f 2466 2467 2471
f 2471 2464 2466
f 2474 2465 2464
f 2470 2473 2468
f 2473 2309 2469
f 2473 2469 2468
f 2532 2474 2471
f 2463 2469 2309
f 2463 2309 2314
f 2315 2472 2467
f 2315 2467 2314
f 2471 2467 2472
f 2471 2472 2475
f 2475 2532 2471
f 2535 2322 2476
f 2476 2322 2477
f 2477 2322 2479
f 2326 2538 2539
f 2479 2542 2481
f 2311 2481 2541
f 2343 2254 2351
f 2289 2270 2082
f 2270 2289 2292
f 2298 2292 2289
f 2306 2535 2476
f 2175 2343 2151
f 2349 2280 2295
f 2349 2295 2190
f 2300 2296 2190
f 2300 2190 2295
f 2313 2300 2531
f 2328 2300 2313
f 2293 2175 2151
f 2325 2323 2336
f 2535 2472 2315
f 2329 2536 2483
f 2331 2336 2460
f 2329 2330 2536
f 2331 2483 2336
f 2483 2310 2336
f 2542 2541 2481
f 2475 2472 2532
f 2312 2474 2532
f 2327 2465 2474
f 2327 2474 2312
f 2465 2327 2326
f 2465 2326 2470
f 2482 2308 2333
f 2319 2326 2539
f 2319 2539 2456
f 2570 2444 2510
f 2488 1803 1802
f 1801 1763 1832
f 1753 1822 1824
f 3059 3058 1751
f 1706 1714 1713
f 1706 1713 1719
f 1719 1713 1723
f 2492 1732 2493
f 2493 1732 1739
f 2493 1739 2494
f 2494 1739 2495
f 2495 1744 1746
f 2495 1739 2496
f 2496 1739 1731
f 2497 1725 1729
f 2497 1729 1731
f 2498 1721 1722
f 1709 2490 1697
f 1695 2489 1696
f 1951 1803 2488
f 1951 1904 1907
f 2503 1898 1907
f 1895 1894 1898
f 1895 1898 2503
f 2504 1891 1894
f 2504 1894 1895
f 2505 1909 1923
f 2505 2024 1910
f 2505 1910 2506
f 2506 1910 1926
f 2507 1925 1926
f 2507 1917 2508
f 2509 2045 2508
f 2454 2458 2529
f 1935 2488 1802
f 1935 1802 1771
f 1771 1802 1801
f 1771 1801 1832
f 1771 1832 1767
f 1767 1832 1824
f 1767 1824 1800
f 1800 1824 1822
f 1822 1753 1799
f 1799 1753 1751
f 1696 2489 1693
f 2490 1714 1706
f 1706 1719 1715
f 1723 2491 1719
f 1732 2492 2491
f 1732 2491 1723
f 2492 2493 1733
f 1733 2493 2494
f 2494 2495 1746
f 1744 2495 2496
f 2496 1731 1729
f 1725 2497 1722
f 1725 1722 1721
f 1723 2498 1722
f 1713 2499 2498
f 1713 2498 1723
f 2499 1713 1709
f 1714 1709 1713
f 2490 1709 1714
f 2489 1695 1709
f 2489 1709 1697
f 1696 2500 1695
f 2500 1696 3043
f 3027 1688 3037
f 1951 2488 1935
f 1899 2503 1907
f 1899 1907 1904
f 1895 2503 1899
f 1891 2504 1923
f 2024 2505 1923
f 1909 2505 2506
f 1909 2506 1926
f 1909 1926 1925
f 1917 2507 1926
f 2507 2508 2045
f 2361 2509 2508
f 2361 2508 1917
f 2045 2509 2053
f 2329 2457 2572
f 2483 2457 2329
f 2457 2483 2452
f 2331 2452 2483
f 2444 2570 2433
f 2568 2570 2510
f 1972 2512 2513
f 1976 1972 2513
f 1976 2513 2514
f 1980 1976 2514
f 1980 2514 2515
f 1983 1980 2515
f 1983 2515 2516
f 1985 1983 2516
f 1985 2516 2547
f 327 1985 2547
f 327 2547 804
f 1996 2029 2518
f 1996 2518 2517
f 2029 2027 2518
f 2027 2519 2518
f 2027 2028 2519
f 1996 2517 2512
f 2028 2051 2520
f 2028 2520 2519
f 2051 2521 2520
f 2051 2369 2522
f 2051 2522 2521
f 2379 2522 2369
f 2388 2523 2379
f 2397 2524 2523
f 2397 2523 2388
f 2412 2524 2397
f 2415 2525 2412
f 2429 2526 2525
f 2429 2525 2415
f 2438 2526 2429
f 2443 2526 2438
f 2447 2527 2443
f 2447 2528 2527
f 2486 2528 2571
f 2560 2529 2458
f 2560 2458 2331
f 2299 2294 2253
f 2294 2299 2316
f 2293 2292 2531
f 2310 2316 2299
f 2302 2301 2296
f 2316 2310 2332
f 2307 2291 2332
f 2291 2307 2290
f 2296 2301 2353
f 2334 2459 2290
f 2334 2290 2307
f 2289 2102 2530
f 2289 2530 2298
f 2459 2334 2297
f 2459 2297 2245
f 2318 2288 2297
f 2288 2318 2303
f 2091 2303 2305
f 2353 2301 2324
f 2353 2324 2258
f 2304 2342 2258
f 2304 2258 2324
f 2305 2534 2083
f 2300 2302 2296
f 2293 2531 2300
f 2470 2326 2473
f 2533 2312 2532
f 2533 2532 2534
f 2327 2312 2533
f 2538 2536 2330
f 2560 2571 2529
f 2560 2333 2486
f 2560 2486 2571
f 2537 2303 2318
f 2318 2536 2537
f 2536 2327 2533
f 2536 2533 2537
f 2303 2537 2533
f 2303 2533 2305
f 2317 2483 2536
f 2317 2536 2318
f 2308 2311 2541
f 2308 2541 2333
f 2540 2573 2486
f 2540 2486 2333
f 2484 2574 2573
f 2484 2573 2540
f 2480 2574 2484
f 2485 2511 2478
f 2456 2511 2485
f 2539 2487 2511
f 2539 2511 2456
f 2538 2577 2487
f 2538 2487 2539
f 2320 2319 2456
f 2333 2541 2540
f 2322 2545 2542
f 2322 2542 2479
f 2542 2484 2540
f 2542 2540 2541
f 2484 2542 2543
f 2543 2542 2545
f 2543 2545 2544
f 2480 2484 2543
f 2543 2478 2480
f 2478 2543 2544
f 2478 2544 2485
f 2322 2321 2545
f 2545 2321 2320
f 2545 2320 2544
f 2320 2456 2485
f 2320 2485 2544
f 2483 2317 2335
f 2483 2335 2310
f 2323 2460 2336
f 2301 2308 2482
f 2301 2482 2324
f 2308 2301 2302
f 2308 2302 2311
f 2328 2481 2311
f 2328 2311 2302
f 2481 2328 2479
f 2313 2479 2328
f 2479 2313 2477
f 2477 2313 2476
f 2102 2083 2534
f 2102 2534 2306
f 2102 2306 2530
f 2305 2533 2534
f 2513 2512 2546
f 2514 2513 1977
f 2515 2514 1977
f 2515 1977 1981
f 2516 2515 1981
f 2516 1981 1984
f 2547 2516 1984
f 2517 2518 2552
f 2517 2552 2548
f 2518 2549 2552
f 2518 2519 2550
f 2518 2550 2549
f 2519 2551 2550
f 2512 2517 2548
f 2512 2548 2561
f 2519 2520 2551
f 2520 2521 2553
f 2520 2553 2551
f 2521 2522 2553
f 2482 2333 2560
f 2522 2554 2553
f 2379 2555 2554
f 2379 2554 2522
f 2523 2555 2379
f 2524 2556 2555
f 2524 2555 2523
f 2412 2556 2524
f 2525 2556 2412
f 2525 2557 2556
f 2526 2557 2525
f 2526 2558 2557
f 2443 2558 2526
f 2527 2559 2558
f 2527 2558 2443
f 2528 2573 2559
f 2528 2559 2527
f 2330 2572 2577
f 2330 2577 2538
f 2329 2572 2330
f 2324 2482 2560
f 2324 2560 2304
f 2460 2304 2560
f 2562 2420 2434
f 2562 2419 2563
f 2563 2400 2420
f 2564 2361 2393
f 2420 2562 2563
f 2380 2563 2419
f 2380 2400 2563
f 2380 2393 2400
f 2371 2564 2393
f 2371 2393 2380
f 2355 2564 2371
f 2562 2434 2433
f 2570 2432 2433
f 2509 2361 2564
f 2419 2562 2433
f 2419 2433 2432
f 2053 2509 2564
f 2053 2564 2355
f 2327 2536 2538
f 2327 2538 2326
f 2472 2535 2534
f 2472 2534 2532
f 2535 2315 2322
f 2322 2315 2314
f 2322 2314 2321
f 2321 2314 2309
f 2321 2309 2320
f 2320 2309 2473
f 2320 2473 2319
f 2319 2473 2326
f 2577 2510 2487
f 2487 2510 2566
f 2487 2566 2576
f 2575 2478 2511
f 2575 2511 2576
f 2575 2480 2478
f 2574 2480 2575
f 2573 2528 2486
f 2572 2568 2510
f 2572 2510 2577
f 2452 2565 2453
f 2454 2449 2569
f 2444 2566 2510
f 2454 2571 2567
f 2454 2567 2449
f 2444 2448 2566
f 2431 2568 2453
f 2452 2458 2565
f 2431 2570 2568
f 2458 2569 2565
f 2458 2454 2569
f 2571 2528 2447
f 2453 2457 2452
f 2454 2529 2571
f 2458 2452 2331
f 2487 2576 2511
f 2455 2575 2576
f 2455 2576 2566
f 2574 2575 2455
f 2534 2535 2306
f 1987 2581 2587
f 1987 2587 2582
f 1914 2578 2585
f 2583 2579 2584
f 2579 1914 2585
f 1978 2580 2581
f 326 1988 853
f 1988 1987 2582
f 1988 2582 2593
f 853 1988 2593
f 853 2593 858
f 1998 2583 2588
f 2583 2584 2588
f 2584 2579 2585
f 2584 2585 2591
f 2585 2592 2591
f 858 2593 863
f 2580 2586 2609
f 2589 1998 2588
f 2589 2588 2597
f 2581 2580 2609
f 2581 2609 2605
f 2587 2581 2605
f 2587 2605 2600
f 2588 2584 2591
f 2582 2587 2600
f 2585 2578 2590
f 2585 2590 2592
f 2591 2592 2594
f 2609 2586 2595
f 2597 2588 2596
f 2588 2591 2594
f 2588 2594 2596
f 2593 2582 2601
f 2593 2601 2611
f 2594 2592 2599
f 863 2593 2611
f 863 2611 872
f 2597 2596 2618
f 2596 2594 2602
f 2582 2600 2601
f 2592 2590 2598
f 2592 2598 2599
f 2594 2604 2602
f 2594 2599 2604
f 2618 2596 2606
f 2596 2602 2606
f 2600 2605 2610
f 2601 2600 2610
f 2599 2598 2603
f 2599 2603 2607
f 2599 2607 2614
f 2602 2604 2617
f 2611 2601 2615
f 2604 2599 2614
f 2609 2595 2608
f 2618 2606 2612
f 2606 2602 2617
f 2606 2617 2612
f 2601 2610 2615
f 2617 2604 2613
f 2611 2615 2621
f 2604 2614 2613
f 883 2611 2621
f 2609 2608 2619
f 2618 2612 2616
f 2605 2609 2619
f 2605 2619 2620
f 2610 2605 2620
f 2612 2617 2616
f 883 2621 890
f 2651 2624 2648
f 2653 2652 2646
f 2653 2646 2647
f 2651 2613 2624
f 2613 2653 2647
f 890 2671 896
f 1968 1992 1974
f 1968 1974 1967
f 2070 2025 2071
f 2578 2025 2625
f 2578 2625 2590
f 2625 2025 2070
f 2638 2645 2639
f 2603 2638 2607
f 2638 2603 2634
f 2598 2637 2603
f 2603 2637 2634
f 2655 931 891
f 2590 2637 2598
f 2632 2633 2656
f 2626 2068 2628
f 2637 2590 2069
f 2633 930 931
f 2629 2632 2656
f 2632 2627 2633
f 2627 930 2633
f 2628 2630 2631
f 2635 2632 2629
f 2063 905 2627
f 2635 2063 2627
f 2635 2627 2632
f 2069 2590 2625
f 2068 2063 2635
f 2626 2637 2069
f 2628 2634 2637
f 2628 2637 2626
f 2631 2638 2634
f 2631 2634 2628
f 2631 2645 2638
f 2657 2636 2645
f 2607 2638 2639
f 2068 2635 2629
f 2068 2629 2628
f 2629 2630 2628
f 2656 2657 2630
f 2656 2630 2629
f 2654 2618 2616
f 2640 916 2641
f 2640 2641 2642
f 915 2642 917
f 916 917 2641
f 2641 917 2642
f 2640 2655 891
f 2640 891 916
f 2639 2645 2650
f 2645 2636 2643
f 2636 2656 2644
f 2636 2644 2643
f 2652 2639 2650
f 2652 2650 2646
f 2655 2640 2644
f 2655 2644 2656
f 2643 2664 2649
f 2645 2643 2649
f 2650 2645 2649
f 2624 2613 2662
f 2613 2647 2662
f 2643 2644 2658
f 2644 2640 2658
f 2616 2617 2651
f 2614 2607 2652
f 2614 2652 2653
f 2617 2613 2651
f 2613 2614 2653
f 2615 2610 2623
f 2621 2615 2671
f 890 2621 2671
f 2619 2654 2622
f 2620 2619 2622
f 2610 2620 2622
f 2610 2622 2623
f 2656 2633 2655
f 2633 931 2655
f 2631 2630 2657
f 2631 2657 2645
f 2607 2639 2652
f 2636 2657 2656
f 2665 2616 2651
f 2654 2616 2665
f 2662 2647 2661
f 2643 2658 2659
f 2658 2640 2642
f 2649 2664 2663
f 2648 2624 2660
f 2648 2660 2713
f 2650 2649 2663
f 2664 2643 2659
f 2647 2646 2661
f 2624 2662 2660
f 914 1017 915
f 1017 914 922
f 1017 922 999
f 999 922 921
f 999 921 938
f 999 938 1000
f 1000 938 923
f 1000 923 1016
f 937 1026 923
f 892 1027 1026
f 892 1026 937
f 1027 892 936
f 1027 936 979
f 934 979 936
f 2713 2667 2666
f 2713 2666 2648
f 2648 2666 2665
f 2648 2665 2651
f 2654 2665 2666
f 2671 2615 2670
f 2615 2623 2669
f 2615 2669 2670
f 2623 2622 2668
f 2623 2668 2669
f 2669 2668 2672
f 2671 2670 2673
f 2670 2669 2675
f 2669 2672 2675
f 896 2671 2673
f 896 2673 944
f 935 912 949
f 949 912 948
f 939 941 948
f 942 945 941
f 943 946 945
f 943 945 942
f 944 947 946
f 944 946 943
f 944 2673 2676
f 944 2676 947
f 2676 2673 2670
f 2677 2666 2667
f 2676 2670 2675
f 947 2682 2683
f 2682 2680 2681
f 2684 2667 2678
f 2684 2678 2694
f 2688 2683 2682
f 2688 2682 2687
f 955 954 951
f 951 954 953
f 951 953 950
f 950 953 952
f 950 952 1025
f 1025 952 960
f 956 984 982
f 982 984 990
f 982 990 981
f 989 981 990
f 981 989 983
f 2685 2690 2691
f 2686 2685 2691
f 2686 2691 2692
f 2687 2686 2692
f 2687 2692 2693
f 2688 2687 2693
f 2683 2688 2693
f 2683 2693 959
f 2691 2690 2698
f 2691 2698 2695
f 2694 2689 2696
f 2692 2691 2695
f 2693 2692 2695
f 2693 2695 2701
f 959 2693 2701
f 959 2701 964
f 964 2701 2702
f 964 2702 970
f 2695 2698 2699
f 2695 2699 2700
f 2696 2689 2697
f 2701 2695 2700
f 970 2702 2711
f 2700 2699 2704
f 2697 2703 2709
f 2701 2700 2707
f 2701 2707 2702
f 2700 2704 2706
f 2700 2706 2707
f 2702 2707 2708
f 2711 2702 2708
f 2704 2699 2705
f 2704 2705 2706
f 2706 2705 2710
f 2709 2703 2765
f 2709 2765 2712
f 2708 2707 2760
f 2708 2760 2711
f 2715 2764 2716
f 2763 2661 2714
f 2661 2715 2714
f 2713 2660 2718
f 2713 2718 2717
f 2660 2763 2720
f 2660 2720 2718
f 2715 2716 2721
f 2763 2714 2720
f 2714 2715 2721
f 985 987 980
f 980 987 1004
f 980 1004 998
f 1006 1003 998
f 1006 998 1004
f 1005 1002 1003
f 1005 1003 1006
f 1014 1001 1002
f 1014 1002 1005
f 1001 1014 2752
f 2753 2752 1014
f 2752 2753 2739
f 2752 2739 2736
f 2718 2720 2724
f 2721 2722 2728
f 2720 2719 2724
f 2719 2721 2728
f 2723 2718 2725
f 2723 2725 2726
f 2718 2724 2725
f 2728 2722 2729
f 2724 2719 2727
f 2719 2728 2727
f 2726 2725 2731
f 2725 2724 2730
f 2728 2729 2779
f 2724 2727 2730
f 2727 2728 2779
f 2731 2725 2766
f 2725 2730 2766
f 2730 2727 2732
f 2727 2779 2732
f 2731 2766 2767
f 2750 2751 2774
f 2713 2678 2667
f 2678 2713 2717
f 2736 2739 2740
f 2736 2740 2742
f 2736 2742 2737
f 2689 2723 2726
f 2689 2726 2697
f 2697 2726 2731
f 2697 2731 2703
f 2703 2731 2767
f 2703 2767 2765
f 2755 2659 2734
f 2659 2756 2752
f 2659 2752 2734
f 2733 2735 2741
f 2733 2741 2738
f 2755 2734 2736
f 2755 2736 2737
f 2735 2755 2737
f 2735 2737 2741
f 2734 2752 2736
f 2737 2742 2741
f 2738 2722 2716
f 2721 2716 2722
f 2721 2719 2714
f 2720 2714 2719
f 2723 2717 2718
f 2689 2678 2717
f 2689 2717 2723
f 2678 2689 2694
f 2738 2741 2743
f 2738 2743 2744
f 2742 2740 2743
f 2741 2742 2743
f 2744 2743 2746
f 2743 2740 2745
f 2743 2745 2747
f 2743 2747 2746
f 2753 1014 1015
f 2753 1015 2754
f 2740 2739 2754
f 2740 2754 2745
f 2747 2745 2749
f 2747 2749 2750
f 2746 2747 2750
f 2754 1015 1011
f 2745 2754 2748
f 2745 2748 2749
f 2744 2746 2773
f 2744 2773 2768
f 2746 2750 2773
f 2679 2694 2685
f 2739 2753 2754
f 2754 1011 2748
f 2675 2672 2674
f 2674 2672 2668
f 2668 2677 2684
f 2668 2684 2674
f 2667 2684 2677
f 2662 2763 2660
f 2757 1018 1019
f 2757 1019 2758
f 2757 2758 2770
f 2757 2770 2761
f 2752 2756 1017
f 2752 1017 1001
f 947 2676 2682
f 2674 2679 2680
f 2675 2674 2680
f 1992 2001 1974
f 2676 2675 2680
f 2676 2680 2682
f 2763 2662 2661
f 2646 2715 2661
f 2715 2646 2650
f 2715 2650 2764
f 2764 2650 2663
f 2764 2663 2733
f 2663 2735 2733
f 2664 2755 2735
f 2664 2735 2663
f 2659 2755 2664
f 2722 2744 2729
f 2716 2733 2738
f 2764 2733 2716
f 2729 2744 2768
f 2658 2756 2659
f 2686 2680 2679
f 2686 2679 2685
f 2722 2738 2744
f 1974 2001 1995
f 1974 1995 1971
f 1971 1995 1996
f 1971 1996 1972
f 2512 1972 1996
f 2561 2546 2512
f 2546 2561 2030
f 2546 2030 1973
f 1973 2030 2589
f 2589 2580 1973
f 2580 2589 2586
f 2586 2589 2597
f 2586 2597 2595
f 2595 2597 2618
f 2595 2618 2608
f 2654 2619 2608
f 2654 2608 2618
f 2654 2666 2622
f 2622 2666 2677
f 2622 2677 2668
f 2642 2756 2658
f 2756 2642 915
f 2756 915 1017
f 2674 2684 2694
f 2674 2694 2679
f 2686 2681 2680
f 2687 2682 2681
f 2687 2681 2686
f 2685 2694 2696
f 2685 2696 2690
f 2690 2696 2697
f 2690 2697 2709
f 2690 2709 2698
f 2698 2709 2699
f 2712 2705 2699
f 2712 2699 2709
f 2749 2751 2750
f 2730 2732 2784
f 2765 2783 2712
f 2729 2768 2789
f 2705 2712 2783
f 2770 2769 2761
f 2770 2775 2769
f 3362 2770 3361
f 2786 2775 2770
f 3362 2786 2770
f 2779 2729 2789
f 2779 2784 2732
f 2760 2707 2778
f 2778 2707 2706
f 2778 2706 2780
f 2780 2706 2710
f 2780 2710 2792
f 3363 2786 3362
f 2788 2768 2773
f 2705 2783 2781
f 2792 2710 2787
f 2765 2767 2794
f 2789 2801 2779
f 2794 2783 2765
f 2750 2774 2782
f 2785 2766 2730
f 2730 2784 2785
f 2786 2790 2775
f 2710 2705 2781
f 2710 2781 2787
f 2784 2779 2801
f 2782 2788 2773
f 2782 2773 2750
f 2785 2796 2766
f 3451 2790 2786
f 2788 2800 2768
f 3363 3451 2786
f 2767 2766 2796
f 2782 2774 2799
f 2789 2768 2800
f 3460 2782 2799
f 3364 3452 2815
f 2793 2781 3455
f 3455 2781 2795
f 3456 2802 2795
f 3456 2794 2797
f 2811 2824 2840
f 2817 2819 2833
f 2821 2820 2837
f 2821 2837 2838
f 2825 2816 2831
f 2825 2831 2849
f 2833 2802 2817
f 2826 2835 2812
f 2826 2812 2810
f 2816 2809 2831
f 2829 2839 2822
f 2829 2822 2814
f 2818 2811 2840
f 2818 2840 2827
f 2835 2837 2820
f 2835 2820 2812
f 2838 2840 2824
f 2838 2824 2821
f 3365 2829 2814
f 2819 2818 2827
f 2819 2827 2833
f 2810 2813 2828
f 2810 2828 2826
f 2842 2835 2826
f 2834 2843 2827
f 2831 2809 2841
f 2827 2840 2844
f 2827 2844 2834
f 3366 2829 3365
f 2833 2827 2843
f 2826 2828 2836
f 2826 2836 2842
f 2809 2802 2832
f 2809 2832 2841
f 2852 2832 2802
f 2852 2802 2833
f 2844 2840 2846
f 2838 2837 2855
f 2838 2855 2846
f 2842 2845 2835
f 2847 2856 2839
f 2847 2839 2829
f 2845 2855 2837
f 2845 2837 2835
f 2846 2840 2838
f 3366 2847 2829
f 2833 2843 2852
f 2851 2866 2845
f 2851 2845 2842
f 2834 2862 2843
f 2831 2841 2860
f 2831 2860 2850
f 2857 2856 2847
f 2834 2844 2864
f 2866 2855 2845
f 3367 2857 2847
f 3367 2847 3366
f 2852 2843 2862
f 2842 2836 2854
f 2842 2854 2851
f 2844 2846 2868
f 2844 2868 2864
f 2849 2831 2850
f 2849 2850 2871
f 2841 2832 2853
f 2841 2853 2860
f 2852 2853 2832
f 2851 2854 2867
f 2851 2867 2861
f 2852 2862 2863
f 2846 2855 2868
f 2863 2853 2852
f 2861 2866 2851
f 2865 2862 2834
f 2870 2869 2856
f 2870 2856 2857
f 2834 2864 2865
f 2866 2868 2855
f 3367 2870 2857
f 2873 2877 2866
f 2873 2866 2861
f 2865 2875 2862
f 2850 2860 2872
f 2877 2879 2868
f 2877 2868 2866
f 3368 2869 2870
f 3368 2870 3367
f 2863 2862 2875
f 2863 2875 2876
f 2861 2867 2878
f 2861 2878 2873
f 2864 2868 2880
f 2868 2879 2880
f 2871 2850 2872
f 2860 2853 2874
f 2860 2874 2872
f 2876 2874 2853
f 2876 2853 2863
f 3369 2901 2869
f 3369 2869 3368
f 2876 2875 2895
f 2873 2878 2891
f 2873 2891 2886
f 2864 2880 2899
f 2864 2899 2888
f 2876 2895 2887
f 2871 2872 2885
f 2872 2874 2893
f 2872 2893 2884
f 2887 2893 2874
f 2887 2874 2876
f 2886 2890 2877
f 2886 2877 2873
f 2889 2875 2865
f 2872 2884 2885
f 2901 2900 2881
f 2901 2881 2869
f 2865 2864 2888
f 2865 2888 2889
f 2890 2879 2877
f 2905 2896 2890
f 2905 2890 2886
f 2889 2894 2875
f 2896 2898 2879
f 2896 2879 2890
f 2895 2875 2894
f 2886 2891 2897
f 2886 2897 2905
f 2880 2879 2898
f 2880 2898 2899
f 2918 2922 2899
f 3370 2910 2901
f 3370 2901 3369
f 2895 2894 2907
f 2888 2899 2922
f 2888 2922 2908
f 2887 2895 2907
f 2899 2898 2918
f 2902 2885 2904
f 2884 2893 2906
f 2884 2906 2903
f 2907 2906 2893
f 2907 2893 2887
f 2905 2916 2896
f 2909 2894 2889
f 2885 2884 2903
f 2885 2903 2904
f 2910 2900 2901
f 2889 2888 2908
f 2889 2908 2909
f 2916 2898 2896
f 2904 2913 2923
f 2903 2906 2914
f 2903 2914 2912
f 2914 2906 2907
f 2917 2916 2905
f 2909 2915 2894
f 2904 2903 2912
f 2904 2912 2913
f 2920 2919 2910
f 2916 2930 2898
f 3371 2920 2910
f 3371 2910 3370
f 2907 2894 2915
f 2905 2897 2917
f 2907 2915 2914
f 2918 2898 2930
f 2909 2908 2927
f 2909 2927 2928
f 2941 2930 2916
f 2931 2934 2922
f 2931 2922 2918
f 3371 2932 2920
f 2915 2938 2939
f 2908 2922 2934
f 2908 2934 2927
f 2914 2915 2939
f 2914 2939 2925
f 2918 2930 2931
f 2923 2913 2924
f 2923 2924 2935
f 2912 2914 2926
f 2912 2926 2936
f 2925 2926 2914
f 2929 2941 2916
f 2929 2916 2917
f 2928 2938 2915
f 2928 2915 2909
f 2913 2912 2936
f 2913 2936 2924
f 2932 2944 2919
f 2932 2919 2920
f 2935 2924 2937
f 2952 2941 2929
f 2924 2936 2937
f 2928 2927 2940
f 2941 2942 2930
f 2943 2955 2934
f 2943 2934 2931
f 2927 2934 2955
f 2927 2955 2940
f 2931 2930 2942
f 2931 2942 2943
f 2953 2952 2944
f 2953 2944 2932
f 2928 2940 2950
f 2951 2942 2941
f 2970 2955 2943
f 3372 2953 2932
f 3372 2932 3371
f 2939 2938 2948
f 2939 2948 2949
f 2925 2939 2949
f 2925 2949 2947
f 2943 2942 2951
f 2943 2951 2970
f 2937 2946 2954
f 2936 2926 2947
f 2936 2947 2946
f 2947 2926 2925
f 2952 2951 2941
f 2950 2948 2938
f 2950 2938 2928
f 2937 2936 2946
f 1188 1200 1190
f 1200 1188 1201
f 1186 1206 1201
f 1186 1201 1188
f 1186 1543 1206
f 1195 1205 1543
f 1195 1543 1186
f 1195 1204 1205
f 1204 1195 1561
f 1204 1561 1563
f 1193 1184 1202
f 1191 1202 1184
f 1563 1561 1194
f 1563 1194 1187
f 1563 1187 1199
f 3358 3354 3293
f 3358 3293 3380
f 3354 3383 3293
f 2960 3293 3383
f 2965 2960 2958
f 2958 2959 2963
f 1199 1187 1192
f 1199 1192 1203
f 2952 2967 2966
f 2952 2966 2951
f 2952 2968 2967
f 2953 2968 2952
f 3372 2969 2968
f 3372 2968 2953
f 3372 2954 2969
f 2976 2969 2954
f 1176 1562 1191
f 1562 1176 1189
f 2970 2951 2966
f 2976 2954 2946
f 2976 2946 2971
f 2977 2966 2967
f 2971 2961 3355
f 3373 2974 2968
f 2977 2973 2966
f 3373 2968 2969
f 2960 2959 2958
f 2967 2974 2977
f 2964 2970 2973
f 2962 2963 2959
f 2962 2959 3351
f 2961 2972 3355
f 3351 2972 2961
f 3351 2961 2962
f 2964 2973 3359
f 2964 3359 3352
f 3292 2959 3314
f 3289 3295 3296
f 2965 2964 3352
f 2965 3352 2960
f 2977 3359 2973
f 1647 1646 2978
f 3464 2982 1651
f 2985 3463 2978
f 2983 3463 2985
f 2984 2980 2981
f 1653 2985 1646
f 3038 3057 2982
f 1648 1656 1646
f 1654 2984 2981
f 1649 1652 1648
f 1664 3030 1663
f 1656 1653 1646
f 2985 1659 2983
f 2984 3038 2982
f 1652 1649 3030
f 3003 3006 2991
f 2986 3002 3001
f 2989 3002 2986
f 3266 3006 3003
f 2987 3007 3004
f 2997 3000 2993
f 2997 2993 2990
f 3011 3014 3395
f 3011 3395 3023
f 3323 3324 3325
f 2971 2946 2961
f 3013 3022 3024
f 3013 3024 3018
f 3015 3021 3404
f 3039 3027 3037
f 3028 1668 1662
f 1674 3062 31
f 1673 3062 1674
f 1685 3071 1690
f 3040 1690 3071
f 3039 1681 3040
f 1684 42 1685
f 1683 42 1684
f 1683 1689 1682
f 1689 3025 3026
f 1654 3038 2984
f 3025 3037 1688
f 3052 1789 3032
f 3038 3028 3057
f 1852 1855 3033
f 1866 1855 1852
f 1880 3034 1857
f 1880 1857 1864
f 1870 3035 1866
f 3035 1886 1881
f 3034 1880 1889
f 1887 3068 1882
f 1887 1882 1878
f 3036 1876 1877
f 1889 1888 1879
f 1664 1652 3030
f 3055 3047 1261
f 3055 1261 1263
f 3071 1685 42
f 3069 2501 3051
f 42 1289 3071
f 1689 3026 1682
f 3025 1689 3037
f 1658 1688 3027
f 1658 3027 1662
f 3027 3042 1662
f 2502 3051 2501
f 3052 3069 3050
f 3046 3050 3049
f 1256 39 1680
f 1256 1680 3029
f 3054 3055 3058
f 3053 3054 3058
f 3050 3046 1750
f 3050 1750 3052
f 1668 3029 1658
f 3048 3031 1670
f 3048 1670 3049
f 1676 1820 1673
f 1817 1675 2502
f 1820 3062 1673
f 3061 2501 3069
f 3061 1679 2501
f 1679 2502 2501
f 3046 3045 3067
f 3047 3055 3054
f 3056 3047 3054
f 3056 3054 3053
f 1662 1668 1658
f 3056 3053 3059
f 3056 3059 3060
f 3067 3060 3059
f 3067 1750 3046
f 3061 1790 1679
f 1820 1672 3062
f 3067 1798 1750
f 1672 189 1266
f 1672 1266 3062
f 3052 1750 1798
f 1798 1751 1753
f 1798 1753 1752
f 3028 3038 1668
f 3029 1668 1655
f 3041 3043 3066
f 3043 1696 3066
f 3066 1696 1796
f 3066 1796 3060
f 3060 1796 3056
f 1797 3056 1796
f 1688 1658 1680
f 1680 1658 3029
f 1749 3056 1797
f 1749 3047 3056
f 3115 1275 179
f 3065 3115 3063
f 3116 3063 1807
f 3115 1828 1275
f 3119 1794 3116
f 1834 1828 3115
f 3116 1794 3065
f 3116 3065 3063
f 1834 3115 3065
f 1793 1805 3064
f 3070 3041 3066
f 3058 3055 1754
f 3059 3053 3058
f 1751 3067 3059
f 3067 3066 3060
f 1670 1663 3028
f 3042 3044 1670
f 3028 1662 3042
f 3028 3042 1670
f 1751 1798 3067
f 3070 3066 3067
f 3070 3067 3045
f 3044 3049 1670
f 2979 1663 1650
f 3052 3061 3069
f 1879 1865 1869
f 1869 1865 1858
f 1675 1748 2502
f 1676 1795 1675
f 1673 1795 1676
f 1674 31 30
f 3028 1663 3057
f 3038 1654 1655
f 3038 1655 1668
f 3068 1884 3036
f 3068 1887 1884
f 1885 1884 1887
f 1884 1885 1888
f 1879 1874 1865
f 1859 1865 1874
f 1865 1859 1858
f 1858 1859 1852
f 1858 1852 1851
f 1848 1847 1851
f 1848 1851 1852
f 1651 2979 1847
f 1651 1847 1848
f 2979 1651 3057
f 2979 3057 1663
f 3464 2980 2984
f 2980 3464 1843
f 3033 1843 3464
f 1855 1843 3033
f 1855 1866 1860
f 1866 1868 1860
f 1868 1866 3035
f 3045 3046 3049
f 3045 3049 3044
f 3045 3044 3070
f 3074 2500 3043
f 58 1701 1700
f 1693 1700 1701
f 1696 1693 1796
f 3074 1698 2500
f 3041 3039 3040
f 3043 3041 3040
f 3039 3041 3027
f 3027 3041 3042
f 3042 3041 3070
f 3042 3070 3044
f 1694 3071 1289
f 1694 1289 1699
f 1694 1698 3074
f 1703 2500 1698
f 1704 1703 1707
f 1704 1707 1708
f 1708 1707 3072
f 1708 3072 1718
f 1718 3072 3073
f 1718 3073 1724
f 1726 1734 1730
f 1730 1734 3075
f 3075 1743 1744
f 3040 1681 1690
f 3040 3074 3043
f 1694 3074 3040
f 1694 3040 3071
f 1746 1744 1743
f 1746 1743 1745
f 1743 1747 111
f 1745 1743 111
f 1745 111 112
f 1730 3075 1738
f 1730 1725 1726
f 1726 1725 1721
f 1726 1721 1724
f 1724 1721 1718
f 1704 1695 1703
f 2500 1703 1695
f 3050 3048 3049
f 3050 3031 3048
f 3069 3031 3050
f 3069 3051 3031
f 3051 2502 1678
f 1748 1666 1678
f 1748 1678 2502
f 1666 1748 1675
f 1666 1675 1795
f 1666 1795 1665
f 1665 1795 1673
f 1673 1674 1667
f 1812 1811 3078
f 3079 1812 1813
f 3082 1299 3081
f 1830 3082 3081
f 1811 1830 3081
f 1811 3081 3078
f 1805 1810 1808
f 3083 1826 1679
f 3148 1819 3083
f 1821 3064 3084
f 1821 3084 1804
f 1809 1805 1808
f 3141 3089 3087
f 3152 1789 1804
f 3153 3155 3084
f 3153 3084 3064
f 3144 3090 3098
f 3148 3146 3099
f 3151 3150 3077
f 3095 3144 3098
f 3086 3147 3097
f 3148 3099 3147
f 3094 3103 3091
f 3094 3091 3088
f 3087 3089 3093
f 3087 3093 3096
f 3093 3089 3085
f 3104 3090 3092
f 3130 3097 3147
f 3101 3108 3098
f 3105 3099 3095
f 3097 3130 3102
f 3100 3129 3093
f 3098 3090 3104
f 3096 3093 3129
f 3095 3098 3108
f 3129 3107 3123
f 3122 3124 3108
f 3125 3128 3121
f 3135 3113 3112
f 3138 3111 3134
f 3121 3128 3111
f 3125 3121 3124
f 3125 3124 3122
f 3111 3128 3134
f 3120 3112 3113
f 3102 3130 3138
f 3130 3147 3099
f 3063 3115 1807
f 1826 1825 1817
f 1826 1817 1679
f 1825 1816 3117
f 1672 1820 3117
f 1672 3117 3118
f 1831 3115 179
f 1806 3116 1807
f 1810 3116 1806
f 1810 3119 3116
f 1805 3119 1810
f 1679 1790 3083
f 3083 1790 3146
f 3083 3146 3148
f 3064 1805 1809
f 3145 3143 3091
f 3145 3091 3092
f 3092 3091 3103
f 3092 3103 3104
f 3122 3114 3125
f 3113 3114 3120
f 3095 3108 3105
f 3136 3109 3120
f 3122 3136 3120
f 3108 3124 3121
f 3109 3131 3139
f 3109 3139 3120
f 3122 3108 3101
f 3101 3098 3104
f 3101 3104 3136
f 3104 3109 3136
f 3103 3131 3109
f 3103 3109 3104
f 3140 3107 3129
f 3094 3131 3103
f 3100 3140 3129
f 3114 3113 3125
f 3134 3127 3138
f 3134 3132 3127
f 3110 3107 3137
f 3133 3113 3135
f 3110 3137 3127
f 3134 3133 3132
f 3110 3127 3126
f 3135 3127 3132
f 3126 3127 3135
f 3133 3135 3132
f 3133 3134 3128
f 3113 3133 3125
f 3133 3128 3125
f 3111 3099 3105
f 3121 3111 3105
f 3121 3105 3108
f 3102 3138 3137
f 3101 3136 3122
f 3106 3102 3137
f 3138 3130 3111
f 3111 3130 3099
f 3122 3120 3114
f 3120 3139 3112
f 3123 3112 3139
f 3110 3123 3107
f 3127 3137 3138
f 3085 3089 3142
f 3088 3143 3141
f 3092 3090 3145
f 3100 3102 3106
f 3100 3106 3140
f 3095 3099 3146
f 3152 3155 3090
f 3152 3090 3144
f 3154 3148 3147
f 3154 3147 3086
f 3088 3091 3143
f 3149 3150 3141
f 3089 3141 3142
f 3032 3152 3144
f 3032 3144 3095
f 3153 3149 3143
f 3153 3143 3145
f 3141 3143 3149
f 3145 3090 3155
f 3145 3155 3153
f 3095 3146 3032
f 3142 3141 3150
f 3142 3150 3151
f 3135 3112 3126
f 3137 3140 3106
f 1804 3084 3155
f 1804 3155 3152
f 1819 3148 3154
f 3137 3107 3140
f 3077 3150 3149
f 3032 1789 3152
f 1809 3149 3153
f 3064 1809 3153
f 3112 3110 3126
f 3123 3110 3112
f 3131 3129 3123
f 3131 3123 3139
f 3094 3129 3131
f 3094 3096 3129
f 3096 3094 3088
f 3096 3088 3087
f 3141 3087 3088
f 3149 1809 3077
f 1808 3080 3077
f 1808 3077 1809
f 3080 1808 1810
f 3080 1810 3079
f 3102 3100 3093
f 3102 3093 3097
f 3085 3086 3097
f 3085 3097 3093
f 3142 3086 3085
f 3151 3154 3086
f 3151 3086 3142
f 3154 3151 3077
f 3154 3077 1819
f 1788 1826 3083
f 1788 3083 1819
f 1786 1791 1826
f 1786 1826 1788
f 1786 1792 1791
f 1787 1792 1786
f 3076 1829 1792
f 3076 1792 1787
f 1296 162 1829
f 1296 1829 3076
f 3079 1810 1812
f 3082 1830 183
f 3160 2986 3001
f 3159 3163 3158
f 3159 3165 3189
f 3189 3163 3159
f 3160 3162 2986
f 3347 3186 3181
f 3326 3347 3181
f 3326 3181 3175
f 3328 3326 3175
f 3328 3175 3282
f 3328 3282 3327
f 3178 3170 3167
f 3282 3175 3331
f 2961 2946 2947
f 2947 2962 2961
f 3346 3186 3347
f 3189 3165 3182
f 3175 3181 3331
f 3325 3339 3323
f 3187 3185 3183
f 3182 3180 3189
f 3201 3192 3205
f 3391 3203 3190
f 3391 3190 3196
f 3214 3409 3219
f 3220 3221 3224
f 3224 3248 3212
f 3224 3212 3220
f 3229 3227 3235
f 3228 3230 3396
f 3228 3396 3236
f 3242 3396 3237
f 3224 3251 3249
f 3250 3408 3252
f 3252 3260 3250
f 3249 3248 3224
f 3257 3261 3435
f 3435 3275 3450
f 3260 3402 3255
f 3260 3255 3258
f 3258 3254 3260
f 3263 3261 3257
f 3339 3340 3342
f 3014 3013 3395
f 3176 3016 3401
f 3244 3397 3239
f 3010 3404 3019
f 3189 3180 3163
f 3188 3171 3179
f 3187 3214 3211
f 3187 3211 3185
f 3224 3221 3251
f 3214 3187 3409
f 3260 3254 3247
f 3252 3402 3260
f 2962 2947 2949
f 2962 2949 2963
f 3326 3321 3347
f 3293 3285 3286
f 3284 3288 3295
f 3383 3314 2959
f 3383 2959 2960
f 3291 3295 3288
f 3353 3295 3291
f 3353 2977 2974
f 3336 3332 3334
f 3336 3334 3360
f 3290 3283 3297
f 3377 3376 3304
f 3304 3303 3377
f 3314 3354 3360
f 3314 3360 3292
f 3294 3275 3276
f 3294 3276 3287
f 3279 3275 3294
f 3317 3300 3376
f 3317 3376 3316
f 3318 3317 3316
f 3318 3316 2957
f 2957 3315 3319
f 2957 3319 3318
f 3384 3310 3309
f 3384 3309 3308
f 3275 3279 3450
f 3450 3279 3280
f 3450 3280 3441
f 3441 3280 3274
f 3381 3319 3315
f 3347 3344 3346
f 3308 3381 3315
f 3308 3309 3307
f 3307 3309 3310
f 3306 3307 3310
f 3306 3310 3287
f 3280 3278 3273
f 3280 3273 3274
f 3277 3273 3278
f 3320 3335 3337
f 3336 3360 3354
f 3336 3354 3358
f 3332 3335 3331
f 3332 3331 3329
f 3322 3321 3326
f 3322 3326 3328
f 3289 3296 3297
f 3385 3322 3328
f 3437 3302 3299
f 3348 3295 2974
f 3282 3331 3335
f 3327 3282 3335
f 3327 3335 3320
f 3373 3333 3348
f 3336 3337 3335
f 3336 3335 3332
f 3348 3296 3295
f 3379 3296 3348
f 3347 3321 3344
f 3344 3357 3346
f 3344 3343 3357
f 3349 2976 2971
f 2963 2949 2948
f 3356 3334 3345
f 3334 3330 3345
f 3355 2972 3356
f 3343 3349 2971
f 3343 2971 3357
f 3357 2971 3355
f 3356 3351 2959
f 3356 2959 3292
f 3333 3379 3348
f 3354 3314 3383
f 3351 3356 2972
f 3357 3355 3345
f 2977 3291 3359
f 3330 3334 3332
f 3330 3332 3329
f 3330 3329 3186
f 3330 3186 3345
f 3382 3375 3358
f 3345 3355 3356
f 3293 2960 3352
f 3293 3352 3285
f 3373 3348 2974
f 2977 3353 3291
f 3285 3352 3288
f 3334 3356 3292
f 3325 3377 3339
f 3339 3377 3378
f 3339 3378 3340
f 2974 2967 2968
f 2973 2970 2966
f 3340 3378 3290
f 3012 3404 3010
f 3290 3338 3340
f 3379 3338 3290
f 3379 3333 3338
f 1019 1532 2758
f 2758 1532 3361
f 2758 3361 2770
f 3297 3296 3379
f 3297 3379 3290
f 3336 3358 3375
f 3294 3382 3380
f 3360 3334 3292
f 3357 3345 3186
f 3357 3186 3346
f 3337 3336 3375
f 3374 3320 3337
f 3286 3279 3294
f 3375 3382 3310
f 3294 3287 3382
f 3310 3337 3375
f 3384 3374 3337
f 3384 3337 3310
f 3333 3373 2975
f 3378 3377 3303
f 3303 3302 3378
f 3279 3286 3280
f 3254 3256 3262
f 3301 3300 3298
f 3313 3298 3300
f 3313 3300 3317
f 3280 3286 3285
f 3310 3382 3287
f 3285 3288 3278
f 3285 3278 3280
f 3317 3311 3313
f 3311 3317 3318
f 3380 3293 3286
f 3380 3286 3294
f 3186 3329 3331
f 3186 3331 3181
f 3231 3228 3236
f 3227 3233 3244
f 3227 3244 3245
f 3243 3242 3240
f 3243 3240 3238
f 3246 3235 3227
f 3246 3227 3245
f 3235 3246 3392
f 3245 3244 3239
f 3238 3240 3260
f 3238 3260 3247
f 3242 3250 3260
f 3242 3260 3240
f 3308 3315 3384
f 3340 3338 3341
f 3340 3341 3342
f 3338 3333 3350
f 3338 3350 3341
f 3333 2975 3350
f 3380 3382 3358
f 3284 3277 3278
f 3284 3278 3288
f 3277 3284 3289
f 3311 3318 3446
f 3319 3449 3446
f 3319 3446 3318
f 3449 3319 3312
f 3312 3319 3381
f 3277 3289 3297
f 3277 3297 3281
f 3386 2957 3316
f 2956 3384 3315
f 3315 2957 3389
f 3315 3389 2956
f 3376 3386 3316
f 3327 3385 3328
f 3325 3324 3386
f 3325 3386 3376
f 2956 3389 3387
f 3388 3384 2956
f 3390 3389 2957
f 3325 3376 3377
f 3387 3388 2956
f 2957 3386 3390
f 3320 3388 3327
f 3374 3384 3388
f 3320 3374 3388
f 3327 3388 3387
f 3327 3387 3385
f 3378 3302 3283
f 3378 3283 3290
f 3283 3272 3281
f 3283 3281 3297
f 3283 3302 3437
f 3283 3437 3272
f 3308 3448 3312
f 3308 3312 3381
f 3249 3408 3250
f 3270 3156 3271
f 3163 3001 2987
f 3004 3158 3163
f 3004 3163 2987
f 3268 2986 3271
f 2987 3002 3009
f 3269 2994 3008
f 2999 3269 2988
f 3009 3007 2987
f 3007 3009 2996
f 2997 2991 3006
f 3267 3158 3004
f 3267 3165 3159
f 3267 3159 3158
f 3003 3161 3164
f 3161 3003 2991
f 3161 2991 3157
f 3004 3266 3003
f 3266 3007 2996
f 3266 2996 3265
f 3005 3006 3266
f 3005 3266 2995
f 3008 2994 3264
f 3266 3265 2995
f 3405 3187 3183
f 3405 3183 3182
f 3182 3168 3177
f 3182 3177 3180
f 3020 3178 3167
f 3020 3167 3017
f 3013 3018 3395
f 3019 3404 3021
f 3019 3017 3016
f 3172 3178 3020
f 3172 3020 3023
f 3023 3169 3172
f 3169 3023 3395
f 3169 3395 3393
f 3401 3167 3170
f 3401 3170 3171
f 3168 3182 3394
f 3182 3183 3393
f 3182 3393 3394
f 3183 3169 3393
f 3188 3184 3174
f 3188 3174 3171
f 3007 3266 3004
f 3448 3308 3307
f 3448 3307 3447
f 3447 3307 3305
f 3303 3299 3302
f 3295 3289 3284
f 3295 3353 2974
f 3352 3359 3291
f 3352 3291 3288
f 3304 3301 3299
f 3304 3299 3303
f 3301 3304 3376
f 3301 3376 3300
f 3305 3307 3306
f 3305 3306 3442
f 3287 3276 3442
f 3287 3442 3306
f 3164 3267 3004
f 3164 3004 3003
f 2998 3269 2999
f 3222 3209 3216
f 3222 3216 3210
f 3190 3200 3209
f 3190 3209 3217
f 3204 3197 3194
f 3200 3194 3197
f 3203 3200 3190
f 3190 3217 3398
f 3190 3398 3196
f 3192 3196 3398
f 3192 3398 3207
f 3217 3209 3222
f 3217 3222 3211
f 3214 3217 3211
f 3217 3214 3219
f 3217 3219 3398
f 3188 3185 3211
f 3188 3211 3222
f 3179 3185 3188
f 3169 3183 3185
f 3169 3185 3172
f 3185 3179 3178
f 3185 3178 3172
f 3178 3179 3170
f 3024 3168 3394
f 3024 3394 3018
f 3168 3024 3022
f 3168 3022 3177
f 3020 3011 3023
f 3022 3016 3176
f 3022 3176 3177
f 3401 3016 3017
f 3401 3017 3167
f 3177 3176 3173
f 3177 3173 3174
f 3177 3174 3180
f 3174 3173 3171
f 3171 3170 3179
f 3180 3174 3184
f 3160 3163 3180
f 3160 3180 3184
f 3001 3163 3160
f 3157 2991 2997
f 3157 2997 3166
f 3166 2997 2990
f 3166 2990 3156
f 3002 2987 3001
f 3006 3005 2992
f 3006 2992 3000
f 3006 3000 2997
f 3193 3198 3204
f 3199 3201 3205
f 3206 3205 3192
f 3206 3192 3207
f 3205 3206 3215
f 3199 3205 3215
f 3199 3215 3218
f 3220 3206 3207
f 3206 3220 3212
f 3206 3212 3215
f 3213 3212 3248
f 3213 3248 3223
f 3248 3253 3223
f 3250 3242 3237
f 3407 3246 3249
f 3407 3249 3250
f 3249 3246 3245
f 3249 3245 3248
f 3397 3243 3238
f 3242 3236 3396
f 3236 3242 3231
f 3231 3242 3243
f 3225 3226 3406
f 3225 3234 3226
f 3230 3229 3235
f 3230 3235 3396
f 3406 3397 3244
f 3406 3244 3233
f 3407 3392 3246
f 3239 3253 3248
f 3239 3248 3245
f 3253 3239 3241
f 3397 3400 3241
f 3397 3241 3239
f 3251 3252 3408
f 3199 3218 3208
f 3199 3208 3195
f 3209 3200 3191
f 3209 3191 3216
f 3191 3403 3216
f 3215 3212 3213
f 3215 3213 3218
f 3218 3213 3208
f 3403 3399 3210
f 3403 3210 3216
f 3409 3221 3220
f 2988 3269 3008
f 2952 2929 2944
f 2954 3372 2945
f 2954 2945 2933
f 2917 2919 2944
f 2917 2944 2929
f 2897 2910 2919
f 2897 2919 2917
f 2921 2933 2945
f 2897 2900 2910
f 2911 2902 2921
f 2902 2911 2892
f 2902 2892 2883
f 2891 2900 2897
f 2878 2881 2900
f 2878 2900 2891
f 2882 2883 2892
f 2883 2882 2859
f 2867 2869 2881
f 2867 2881 2878
f 2854 2856 2869
f 2854 2869 2867
f 2836 2856 2854
f 2859 2882 2858
f 2859 2858 2848
f 2848 2858 2830
f 2848 2830 2823
f 2836 2839 2856
f 2828 2839 2836
f 2813 2822 2839
f 2813 2839 2828
f 2823 2830 2815
f 2823 2815 3453
f 2797 2796 2803
f 3457 2784 3458
f 3458 2784 2801
f 3458 2801 2808
f 2774 2790 2799
f 2774 2775 2790
f 2751 2775 2774
f 2751 2769 2775
f 2749 2761 2769
f 2749 2769 2751
f 2748 2757 2761
f 2748 2761 2749
f 1011 2757 2748
f 2757 1011 1018
f 2776 2777 2791
f 2777 2776 2772
f 2772 2776 2771
f 2772 2771 2762
f 2759 2760 2762
f 2759 2762 2771
f 2759 1021 2760
f 2999 2993 2998
f 2986 3268 2989
f 2990 3268 3271
f 3162 3270 3271
f 3162 3271 2986
f 2990 3271 3156
f 2993 3268 2990
f 3393 3395 3018
f 3393 3018 3394
f 3176 3401 3173
f 3173 3401 3171
f 3165 3405 3182
f 3404 3012 3015
f 3204 3194 3202
f 3204 3202 3193
f 3195 3208 3403
f 3195 3403 3191
f 3223 3210 3399
f 3223 3399 3213
f 3409 3220 3219
f 3201 3391 3196
f 3201 3196 3192
f 3208 3213 3399
f 3208 3399 3403
f 3204 3198 3197
f 3396 3407 3237
f 3251 3408 3249
f 3207 3398 3219
f 3207 3219 3220
f 3237 3407 3250
f 3243 3397 3406
f 3396 3392 3407
f 3424 3258 3255
f 3392 3396 3235
f 3238 3247 3400
f 3238 3400 3397
f 3232 3225 3406
f 3422 3424 3255
f 3223 3253 3241
f 3188 3222 3210
f 3160 3184 3162
f 3443 3157 3166
f 3443 3166 3436
f 3436 3166 3156
f 3437 3299 3436
f 3437 3270 3162
f 3437 3162 3272
f 3272 3162 3184
f 3272 3184 3438
f 3438 3277 3281
f 3439 3273 3277
f 3439 3277 3438
f 3439 3223 3241
f 3439 3241 3440
f 3440 3241 3400
f 3440 3400 3441
f 3443 3161 3157
f 3443 3298 3313
f 3443 3313 3444
f 3445 3267 3164
f 3445 3164 3444
f 3445 3311 3446
f 3187 3405 3409
f 3449 3405 3165
f 3449 3165 3446
f 3022 3010 3016
f 3022 3012 3010
f 3012 3022 3013
f 3012 3013 3014
f 3012 3014 3015
f 3011 3021 3015
f 3011 3015 3014
f 3021 3011 3020
f 3021 3020 3019
f 3019 3020 3017
f 3431 3420 3427
f 3431 3427 3416
f 3410 3412 3415
f 3019 3016 3010
f 3418 3434 3429
f 3427 3420 3258
f 3426 3412 3422
f 3425 3418 3429
f 3415 3423 3421
f 3426 3415 3412
f 3258 3424 3416
f 3258 3416 3427
f 3000 2998 2993
f 2992 3269 2998
f 2992 2998 3000
f 3415 3426 3423
f 3005 2994 3269
f 3005 3269 2992
f 2994 3005 2995
f 2994 2995 3264
f 3420 3418 3258
f 3258 3418 3425
f 3429 3421 3423
f 3429 3423 3430
f 3265 3264 2995
f 3264 3265 2996
f 3264 2996 3008
f 3414 3419 3417
f 3414 3417 3413
f 3009 3008 2996
f 3008 3009 2988
f 3431 3416 3428
f 3415 3421 3433
f 3428 3416 3424
f 3428 3424 3422
f 3425 3429 3256
f 3430 3256 3429
f 3419 3411 3432
f 3419 3414 3411
f 3412 3428 3422
f 3434 3421 3429
f 3410 3431 3428
f 3410 3428 3412
f 3433 3421 3434
f 2988 3009 3002
f 2988 3002 2999
f 2999 3002 2989
f 3268 2993 2999
f 3268 2999 2989
f 3430 3423 3257
f 3256 3254 3425
f 3258 3425 3254
f 3426 3263 3257
f 3426 3257 3423
f 3263 3426 3259
f 3422 3255 3259
f 3422 3259 3426
f 3430 3257 3435
f 3256 3430 3435
f 3256 3435 3262
f 3262 3435 3450
f 3262 3450 3441
f 3301 3443 3436
f 3301 3436 3299
f 3270 3437 3436
f 3270 3436 3156
f 3272 3438 3281
f 3188 3438 3184
f 3210 3439 3438
f 3210 3438 3188
f 3223 3439 3210
f 3273 3439 3440
f 3273 3440 3274
f 3274 3440 3441
f 3298 3443 3301
f 3161 3443 3444
f 3161 3444 3164
f 3311 3445 3444
f 3311 3444 3313
f 3267 3445 3165
f 3165 3445 3446
f 3251 3448 3447
f 3251 3447 3252
f 3221 3312 3448
f 3221 3448 3251
f 3409 3312 3221
f 3405 3449 3312
f 3405 3312 3409
f 3247 3254 3262
f 3247 3262 3400
f 3441 3400 3262
f 3261 3275 3435
f 3263 3276 3275
f 3263 3275 3261
f 3276 3263 3259
f 3276 3259 3442
f 3259 3255 3402
f 3252 3447 3305
f 3252 3305 3402
f 3402 3305 3442
f 3402 3442 3259
f 3385 3387 3390
f 3385 3390 3324
f 3386 3324 3390
f 3389 3390 3387
f 3385 3324 3323
f 3385 3323 3322
f 3322 3323 3321
f 3321 3323 3339
f 3321 3339 3342
f 3321 3342 3344
f 3341 3344 3342
f 3341 3343 3344
f 3350 3343 3341
f 3343 3350 3349
f 3349 3350 2975
f 3349 2975 2976
f 2976 2975 2969
f 2969 2975 3373
f 2950 2958 2963
f 2950 2963 2948
f 2958 2950 2940
f 2958 2940 2965
f 2965 2940 2955
f 2965 2955 2964
f 2970 2964 2955
f 3371 2945 3372
f 2954 2933 2937
f 2937 2933 2935
f 3371 2921 2945
f 2935 2933 2921
f 2935 2921 2923
f 2923 2921 2904
f 2904 2921 2902
f 2883 2885 2902
f 2885 2883 2871
f 2859 2871 2883
f 2871 2859 2848
f 2871 2848 2849
f 2823 2849 2848
f 2849 2823 2825
f 2825 2823 3453
f 3459 2800 2806
f 2789 3459 2801
f 3459 2789 2800
f 2772 2780 2792
f 2772 2792 2777
f 2772 2778 2780
f 2778 2772 2762
f 2778 2762 2760
f 1021 2711 2760
f 2759 1532 1021
f 1532 2759 2771
f 1532 2771 3361
f 2776 3362 3361
f 2776 3361 2771
f 3362 2776 2791
f 3362 2791 3363
f 2788 2798 2800
f 2782 2798 2788
f 2798 2804 2806
f 3460 2804 2798
f 3365 2815 2830
f 3365 2830 2858
f 3365 2858 3366
f 3366 2858 3367
f 2882 3367 2858
f 3367 2882 3368
f 3368 2882 2892
f 3368 2892 3369
f 3369 2892 2911
f 3369 2911 3370
f 3370 2911 2921
f 3370 2921 3371
f 3191 3197 3198
f 3191 3198 3195
f 3198 3199 3195
f 3200 3197 3191
f 3203 3194 3200
f 3203 3202 3194
f 3202 3203 3391
f 3202 3391 3201
f 3202 3201 3193
f 3193 3201 3199
f 3193 3199 3198
f 3406 3233 3232
f 3406 3226 3243
f 3226 3231 3243
f 3226 3228 3231
f 3234 3228 3226
f 3228 3234 3230
f 3230 3234 3225
f 3230 3225 3229
f 3229 3225 3227
f 3227 3225 3232
f 3227 3232 3233
f 3418 3413 3434
f 3420 3414 3413
f 3420 3413 3418
f 3414 3420 3431
f 3414 3431 3411
f 3431 3432 3411
f 3432 3431 3410
f 3410 3419 3432
f 3419 3410 3415
f 3419 3415 3417
f 3417 3415 3433
f 3417 3433 3434
f 3417 3434 3413
f 3457 2785 2784
f 2785 3457 2796
f 2797 2767 2796
f 2794 2767 2797
f 2794 2795 2783
f 2781 2783 2795
f 2793 2787 2781
f 3454 2792 2787
f 3454 2787 2793
f 2792 3454 3453
f 2792 3453 2777
f 3452 2791 2777
f 3452 2777 3453
f 2791 3452 3364
f 2791 3364 3363
f 3363 3364 3451
f 3451 2807 2790
f 2799 2790 2807
f 3460 2810 2812
f 3460 2812 2804
f 2804 2812 2820
f 2804 2820 2806
f 2821 3459 2806
f 2821 2806 2820
f 3459 2821 2824
f 3459 2824 2808
f 2811 2808 2824
f 2818 3457 2811
f 3457 2818 2803
f 2819 2803 2818
f 2817 3456 2819
f 3456 2817 2802
f 2816 2793 2809
f 2825 2793 2816
f 2815 3365 3364
f 3364 3365 2814
f 3364 2814 3451
f 3451 2814 2822
f 3451 2822 2807
f 2813 2805 2807
f 2813 2807 2822
f 2810 3460 2805
f 2810 2805 2813
f 3460 2799 2805
f 2807 2805 2799
f 3453 2815 3452
f 2825 3453 3454
f 2825 3454 2793
f 2793 3455 2809
f 2809 3455 2795
f 2809 2795 2802
f 2794 3456 2795
f 3456 2797 2819
f 2819 2797 2803
f 3457 2803 2796
f 3457 3458 2811
f 2811 3458 2808
f 3459 2808 2801
f 2798 2806 2800
f 2782 3460 2798
f 1844 1845 1649
f 1844 1649 3462
f 1844 3462 3461
f 1849 3461 3463
f 1843 2981 2980
f 1842 1849 3463
f 1842 3463 2981
f 1846 2979 1650
f 1667 30 1671
f 1712 62 1702
f 58 1288 1701
f 1701 119 1749
f 3047 1749 1261
f 3055 1263 120
f 1754 3055 120
f 1954 304 1955
f 411 905 2063
f 3062 1266 31
f 872 2611 883
f 1936 283 293
f 1936 293 1942
f 3469 3470 3466
f 3469 3466 3465
f 3470 3471 3467
f 3470 3467 3466
f 3471 3472 3468
f 3471 3468 3467
f 3472 3469 3465
f 3472 3465 3468
f 3465 3466 3467
f 3465 3467 3468
f 3472 3471 3470
f 3472 3470 3469
f 3477 3473 3474
f 3477 3474 3478
f 3478 3474 3475
f 3478 3475 3479
f 3479 3475 3476
f 3479 3476 3480
f 3480 3476 3473
f 3480 3473 3477
f 3473 3476 3475
f 3473 3475 3474
f 3480 3477 3478
f 3480 3478 3479
f 3484 3498 3488
f 3489 3486 3485
f 3490 3486 3489
f 3502 3498 3484
f 3502 3484 3505
f 3501 3497 3500
f 3500 3497 3496
f 3495 3499 3500
f 3495 3500 3496
f 3484 3481 3505
f 3490 3487 3486
f 3494 3487 3490
f 3499 3495 3498
f 3505 3481 3482
f 3505 3482 3506
f 3490 3493 3494
f 3502 3499 3498
f 3506 3482 3483
f 3506 3483 3507
f 3489 3492 3493
f 3489 3493 3490
f 3489 3491 3492
f 3499 3502 3503
f 3499 3503 3500
f 3494 3483 3487
f 3487 3483 3482
f 3487 3482 3486
f 3489 3488 3491
f 3501 3504 3494
f 3504 3483 3494
f 3491 3488 3498
f 3491 3498 3495
f 3491 3495 3496
f 3491 3496 3492
f 3497 3493 3492
f 3497 3492 3496
f 3494 3493 3497
f 3494 3497 3501
f 3486 3482 3481
f 3486 3481 3485
f 3485 3481 3484
f 3504 3501 3500
f 3504 3500 3503
f 3488 3485 3484
f 3504 3507 3483
f 3503 3506 3507
f 3503 3507 3504
f 3489 3485 3488
f 3502 3505 3506
f 3502 3506 3503
f 3518 3512 3513
f 3519 3518 3513
f 3529 3532 3508
f 3526 3528 3525
f 3508 3517 3516
f 3528 3524 3525
f 3523 3524 3528
f 3523 3528 3527
f 3508 3532 3509
f 3519 3513 3514
f 3515 3519 3514
f 3527 3516 3523
f 3532 3533 3510
f 3532 3510 3509
f 3519 3515 3522
f 3529 3508 3516
f 3529 3516 3527
f 3533 3534 3514
f 3533 3514 3510
f 3534 3511 3514
f 3518 3519 3522
f 3518 3522 3521
f 3518 3521 3520
f 3527 3528 3530
f 3527 3530 3529
f 3515 3514 3511
f 3514 3513 3510
f 3518 3520 3517
f 3517 3520 3516
f 3531 3526 3511
f 3526 3515 3511
f 3520 3523 3516
f 3520 3521 3524
f 3520 3524 3523
f 3525 3524 3521
f 3525 3521 3522
f 3515 3526 3525
f 3515 3525 3522
f 3513 3512 3509
f 3513 3509 3510
f 3512 3517 3508
f 3512 3508 3509
f 3531 3530 3528
f 3531 3528 3526
f 3531 3511 3534
f 3530 3531 3534
f 3530 3534 3533
f 3518 3517 3512
f 3529 3530 3533
f 3529 3533 3532
f 3557 3546 3541
f 4879 3558 3540
f 3536 3545 4862
f 3536 4544 3546
f 3545 4574 4915
f 3547 3541 3555
f 4672 3542 3537
f 3537 3538 4681
f 3538 4998 3599
f 3550 3558 4886
f 3550 3554 3539
f 3550 4886 4887
f 3549 5012 3551
f 4574 3546 3557
f 5012 3549 3554
f 3553 3549 4588
f 3537 3548 3538
f 3548 4676 3538
f 3538 4676 4998
f 3551 3552 4676
f 4574 3536 3546
f 4879 4544 3536
f 3541 3547 3557
f 4544 4879 3540
f 4544 3540 3541
f 3551 4675 3549
f 3543 3544 3542
f 3537 3542 3544
f 4675 4588 3549
f 4584 3543 3542
f 4584 3539 3543
f 3548 3537 3544
f 3549 3553 3554
f 3553 4588 3554
f 3548 3544 3543
f 4675 3548 3543
f 4545 4579 3557
f 4675 3551 4676
f 4998 4676 3552
f 3548 4675 4676
f 3539 4588 3543
f 3552 3561 3562
f 3552 3562 4998
f 4675 3543 4588
f 4588 3539 3554
f 4887 3554 3550
f 4887 5012 3554
f 3561 3552 5012
f 3552 3551 5012
f 4547 3555 3539
f 3540 3558 3559
f 3545 3536 4574
f 3539 3555 3559
f 3547 3555 4547
f 4879 3535 3558
f 3535 4879 3556
f 3559 3555 3540
f 3558 3550 3559
f 3557 3547 4545
f 4547 4545 3547
f 3585 3596 3575
f 3535 3556 3565
f 3535 4883 3558
f 4887 4886 3560
f 3561 4887 3560
f 4887 3561 5012
f 4886 3584 3563
f 4885 3584 4886
f 4997 3562 3561
f 5001 3562 4997
f 3571 4878 4880
f 3571 3572 3569
f 3565 4878 3535
f 3571 4880 3572
f 4883 4878 3568
f 3566 3568 3571
f 3567 3573 3566
f 3564 4990 3567
f 3567 3569 3564
f 3567 3566 3569
f 3564 3569 3570
f 3566 3571 3569
f 3569 4889 3570
f 4883 3568 4884
f 4883 4884 4885
f 3568 4878 3571
f 4889 3572 4888
f 3568 3566 4884
f 3569 3572 4889
f 4990 3576 3567
f 3566 3577 4884
f 3577 3584 4885
f 3578 3581 3576
f 3577 4885 4884
f 3570 4889 4901
f 4995 3585 4990
f 3584 3577 3581
f 3577 3566 3573
f 3585 3576 4990
f 3555 3541 3540
f 3596 3582 3575
f 3585 3575 3586
f 3579 3580 3596
f 3573 3576 3577
f 3576 3581 3577
f 3581 3583 3584
f 4999 3587 3578
f 3580 3582 3596
f 3583 3578 3587
f 3574 3563 3587
f 4997 3563 3574
f 3583 3581 3578
f 3582 3580 3590
f 3574 3587 4999
f 3576 3573 3567
f 3575 3578 3586
f 4886 3563 3560
f 3590 4997 3574
f 3578 3575 3582
f 3583 3587 3584
f 3578 3582 4999
f 3582 3574 4999
f 3590 3574 3582
f 3585 3586 3576
f 4997 3590 5001
f 3584 3587 3563
f 3580 3592 3591
f 3592 3580 3579
f 3591 3590 3580
f 3591 5001 3590
f 5001 3591 5011
f 3591 3592 5002
f 3592 3589 5002
f 3591 5002 5011
f 5010 5009 3589
f 3593 5009 5010
f 4637 3593 5010
f 5009 3593 4638
f 3602 5001 5011
f 3602 3599 4998
f 3597 5011 3595
f 3599 3594 3538
f 3597 3599 3602
f 3597 3601 3599
f 3598 3597 3595
f 3588 3594 3600
f 3601 3594 3599
f 3601 4638 3600
f 3597 3598 3601
f 5011 3597 3602
f 4638 3601 3598
f 3600 3594 3601
f 4638 3595 5009
f 3598 3595 4638
f 3610 3760 3761
f 3606 3809 3760
f 3609 4172 3611
f 4170 4190 3607
f 3611 4172 4170
f 4172 3609 4168
f 4168 3609 3603
f 3607 3611 4170
f 3609 3611 3612
f 4164 3603 4165
f 3807 3604 3810
f 3789 3604 3807
f 3604 3789 3760
f 3760 3808 3604
f 3761 3759 3610
f 3605 3808 3809
f 4167 3606 4166
f 4165 3609 4166
f 3608 4165 4166
f 3610 4163 3608
f 4166 3612 4167
f 3608 4166 3610
f 4164 4165 4163
f 3609 3612 4166
f 3608 4163 4165
f 4165 3603 3609
f 4269 4272 4134
f 4435 4434 4623
f 4626 4435 4623
f 4931 4788 4787
f 4931 4787 4948
f 4806 4952 4802
f 3645 3999 4000
f 4809 4405 4811
f 3817 3809 3606
f 3963 3964 3955
f 5007 4991 4634
f 3915 3911 4486
f 4139 4129 4773
f 4762 4129 4124
f 4140 4139 4775
f 4937 4298 4288
f 3672 3613 3673
f 3700 3622 3616
f 3621 3623 3618
f 3617 3618 3619
f 3971 3618 3624
f 3622 3620 3617
f 3629 3625 3630
f 3631 3634 3633
f 3631 3633 3763
f 3763 3635 3784
f 3637 3762 3613
f 3672 3729 3636
f 3641 3640 3642
f 3634 3643 3644
f 3784 3635 3644
f 3651 3661 3668
f 3701 3650 3661
f 3649 3701 3661
f 3697 3652 3655
f 3652 3651 3655
f 3653 3651 3668
f 3653 3668 3657
f 3664 3685 3657
f 3656 3685 3658
f 3655 3654 3660
f 3655 3656 3654
f 3658 3685 3659
f 3654 3658 4313
f 3660 4316 4363
f 3665 3666 3682
f 3682 3666 3667
f 3669 3679 3666
f 3679 3669 3671
f 3670 3662 3672
f 3675 3674 3676
f 3667 3675 3676
f 3675 3679 3680
f 3676 3674 3677
f 3676 3677 3678
f 3687 3686 3683
f 3685 3664 3684
f 3684 3664 3682
f 3682 3681 3684
f 3684 3681 3686
f 3686 3681 3683
f 3686 3685 3684
f 4312 3659 3686
f 3683 3688 3690
f 3683 3681 3688
f 3690 3688 3678
f 3691 4336 3689
f 3691 3690 3692
f 3702 3695 3694
f 3698 3699 3721
f 3649 3695 3702
f 3700 3615 3701
f 4020 3704 3708
f 3706 3698 3721
f 3704 3698 3706
f 3721 3707 3706
f 3709 3707 3722
f 3714 3715 3720
f 3719 3717 4363
f 3719 3715 3717
f 3714 3716 3715
f 4363 3717 3718
f 3707 3723 3722
f 3724 3725 3720
f 3723 3725 3726
f 3727 3728 3662
f 3728 3729 3662
f 3773 3774 3803
f 3951 3950 4189
f 3867 3938 3744
f 3745 3795 3748
f 3820 3730 3822
f 3819 3732 3835
f 3746 3750 3882
f 3867 3744 3746
f 3864 3740 3743
f 3882 3750 3751
f 3944 3814 3920
f 3937 3780 3938
f 3822 3730 3731
f 3731 3735 3738
f 3738 3736 3741
f 3746 3747 3750
f 3740 3867 3743
f 3747 3745 3748
f 3746 3744 3747
f 3765 3764 3784
f 3752 3753 3757
f 3786 3753 3752
f 3754 3755 3756
f 3648 4000 4152
f 3756 3755 4152
f 3781 3775 3770
f 3764 3768 3763
f 3764 3763 3784
f 3781 3771 3765
f 3769 3767 3768
f 3733 3730 3769
f 3770 3771 3781
f 3777 3783 3778
f 3782 3781 3766
f 3783 3782 3773
f 3773 3782 3772
f 3737 3733 3775
f 3776 3737 3777
f 3776 3777 3793
f 3778 3779 3793
f 3777 3778 3793
f 3742 3776 3780
f 3777 3782 3783
f 3766 3788 3772
f 3788 3752 3757
f 3788 3786 3752
f 3772 3787 3789
f 3810 3604 3808
f 3787 3759 3789
f 3789 3761 3760
f 3790 3814 3812
f 3814 3804 3812
f 3812 3804 3803
f 3796 3773 3791
f 3792 3799 3797
f 3792 3791 3803
f 3796 3791 3792
f 3795 3793 3794
f 3793 3779 3796
f 3780 3798 3938
f 3801 3795 3799
f 3802 3804 3805
f 3792 3803 3802
f 3817 3813 3605
f 3949 3790 3813
f 3813 3811 3806
f 3813 3812 3811
f 3805 3814 3944
f 3816 3949 3813
f 3839 3834 3846
f 3851 3830 3831
f 3818 3828 3827
f 3680 3818 3827
f 3673 3820 3821
f 3818 3821 3823
f 3825 3824 3826
f 3825 3826 3833
f 3823 3824 3825
f 3823 3822 3824
f 3677 3827 3829
f 3832 3829 3839
f 3830 3832 3831
f 3833 3837 3845
f 3819 3835 3836
f 3833 3826 3836
f 3838 3835 3739
f 3845 3837 3838
f 3837 3836 3838
f 3831 3832 3840
f 3841 3840 3842
f 3833 3845 3846
f 3842 3846 3847
f 3844 3848 3847
f 3843 3847 3878
f 3851 3852 3853
f 3692 3850 3854
f 3692 3854 3693
f 3855 3850 3853
f 3852 3857 3856
f 3857 3858 3856
f 3872 3746 3882
f 3873 3874 3903
f 3874 3875 3903
f 3902 3893 3906
f 3906 3893 3895
f 3869 3870 3876
f 3868 3739 3864
f 3869 3838 3868
f 3866 3867 3871
f 3871 3746 3872
f 3874 3889 3875
f 3874 3879 3889
f 3878 3848 3876
f 3876 3879 3878
f 3848 3869 3876
f 3892 3881 3888
f 3888 3881 3887
f 3890 3892 3891
f 3879 3883 3880
f 3880 3892 3890
f 3897 3888 3887
f 3884 3872 3882
f 3882 3751 3886
f 3880 3884 3885
f 3879 3880 3889
f 3891 3892 3894
f 3902 3891 3893
f 3859 3873 3860
f 3862 3860 3899
f 3900 3914 4489
f 3917 3916 3908
f 3908 3906 3895
f 3918 3917 3907
f 3907 3898 3909
f 3917 3908 3907
f 4487 3911 3912
f 3901 3913 3914
f 3911 3913 3916
f 4492 3919 3916
f 3912 3919 4492
f 4492 3917 3918
f 3925 3930 3924
f 3932 3924 3930
f 3935 3934 3931
f 3926 3921 3923
f 3926 3927 3948
f 3922 3944 3920
f 3922 3920 3926
f 4193 3930 3925
f 3933 3934 3936
f 3959 3941 3960
f 3941 3943 3939
f 3943 3941 3959
f 3942 3886 3943
f 3952 3946 3948
f 3947 3945 3946
f 3953 3947 3946
f 3951 3949 3816
f 3961 3953 3956
f 3933 3936 3955
f 3957 3909 3958
f 3918 3909 3957
f 4499 4494 3918
f 3965 3957 3960
f 4553 3941 3954
f 3961 3962 3954
f 3962 3961 3964
f 3994 3972 3973
f 4010 3981 3989
f 4010 3989 4040
f 4106 4046 4088
f 4045 4083 4046
f 4054 4057 4009
f 3990 3986 4075
f 3979 3978 3980
f 3976 3977 3978
f 3978 3977 3980
f 3971 3624 3975
f 3640 3971 3991
f 3972 3976 3978
f 3975 3968 3974
f 3968 3970 3974
f 3977 3974 3969
f 3976 3974 3977
f 3975 3974 3976
f 3984 3985 3987
f 3982 3988 3981
f 3977 3969 4035
f 3979 3983 3982
f 3989 3988 3990
f 3642 3640 3992
f 3996 4011 3998
f 3992 3994 3997
f 3991 3972 3992
f 3642 3992 3993
f 3994 3995 3996
f 3993 3998 4003
f 4005 4004 3998
f 4002 4003 4004
f 4040 4055 4010
f 4006 3996 3981
f 4011 3996 4006
f 4007 4006 4008
f 4007 4008 4009
f 4008 4010 4055
f 4015 4014 4012
f 4058 4015 4057
f 4016 4158 4005
f 4016 4014 4015
f 4005 4014 4016
f 4019 4017 4016
f 4182 4017 4019
f 4035 4028 4036
f 4071 4033 4051
f 4020 4023 4021
f 4027 4022 4031
f 4023 4024 4025
f 3710 3709 4023
f 4022 4023 4025
f 4032 4022 4025
f 4033 4032 4049
f 4038 4036 4030
f 4029 4031 4032
f 3984 4037 4039
f 4041 4042 4043
f 4061 4041 4044
f 4041 4040 3989
f 4045 4044 4041
f 4025 4048 4053
f 4048 4684 4053
f 4050 4049 4026
f 4051 4049 4052
f 4051 4052 4691
f 4056 4055 4061
f 4054 4056 4060
f 4054 4009 4055
f 4059 4054 4060
f 4060 4056 4062
f 4062 4046 4107
f 4063 4062 4107
f 4067 4063 4064
f 4069 4066 4068
f 4065 4069 4210
f 4072 4071 4073
f 4042 4075 4077
f 4086 4081 4082
f 4078 4076 4080
f 4039 4030 4076
f 4078 4043 4042
f 4097 4081 4080
f 4080 4076 4079
f 4097 4080 4103
f 4046 4083 4084
f 4084 4085 4086
f 4083 4043 4085
f 4084 4086 4087
f 4090 4691 4091
f 4074 4089 4091
f 4096 4098 4095
f 4102 4100 4095
f 4094 4101 4105
f 4082 4097 4098
f 4116 4096 4100
f 4125 4116 4100
f 4101 4094 4734
f 4099 4097 4094
f 4097 4103 4094
f 4104 4095 4099
f 4130 4118 4136
f 4137 4123 4129
f 4111 4117 4119
f 4064 4109 4111
f 4110 4064 4111
f 4115 4069 4114
f 4132 4114 4113
f 4113 4068 4067
f 4253 4115 4114
f 4118 4119 4120
f 4122 4120 4127
f 4121 4120 4122
f 4123 4136 4121
f 4124 4122 4761
f 4127 4126 4125
f 4142 4140 4147
f 4143 4142 4141
f 4138 4135 4131
f 4142 4143 4135
f 4143 4133 4135
f 4143 4269 4133
f 4137 4131 4136
f 4139 4140 4129
f 4144 4141 4145
f 4144 4143 4141
f 4145 4141 4148
f 4141 4142 4147
f 4282 4269 4146
f 4146 4269 4143
f 4150 4282 4146
f 4149 4147 4779
f 4781 4148 4149
f 4148 4147 4149
f 4211 4210 4255
f 4211 4255 4251
f 4224 4223 4263
f 4180 4178 4197
f 4157 4156 4159
f 4151 4153 4155
f 4156 4002 4158
f 4171 4156 4157
f 4171 4157 4161
f 4184 4161 4162
f 4180 4191 4170
f 3603 4164 4168
f 4167 3612 3611
f 4164 4154 4171
f 4190 4191 4192
f 4189 3606 3607
f 4173 4168 4174
f 4174 4168 4171
f 4181 4018 4182
f 4196 4160 4184
f 4196 4184 4208
f 4192 4185 4193
f 4201 4180 4197
f 4204 4202 4206
f 3935 4193 4203
f 4188 4186 4187
f 4186 4195 4194
f 4193 4185 4188
f 4193 4188 4203
f 4190 4192 3929
f 4201 4192 4191
f 4187 4194 4196
f 4198 4196 4199
f 4194 4176 4160
f 4206 4187 4198
f 4227 4206 4200
f 4204 4206 4227
f 4183 4207 4209
f 4208 4212 4215
f 4181 4183 4208
f 4211 4207 4210
f 4019 4210 4207
f 4213 4212 4214
f 4215 4212 4213
f 4218 4220 4221
f 4235 4219 4221
f 4198 4199 4215
f 4213 4216 4222
f 4221 4220 4222
f 4233 4229 4230
f 4228 4229 4227
f 4231 4229 4233
f 4245 4232 4234
f 4241 4230 4228
f 4239 4241 4868
f 4870 4869 4242
f 4249 4909 4246
f 4244 4226 4246
f 4910 3966 4247
f 4296 4285 4287
f 4255 4210 4115
f 4252 4253 4254
f 4257 4254 4272
f 4258 4259 4257
f 4263 4222 4265
f 4265 4260 4262
f 4222 4260 4265
f 4264 4263 4266
f 4266 4265 4267
f 4276 4275 4281
f 4258 4273 4275
f 4286 4281 4283
f 4281 4275 4282
f 4281 4282 4919
f 4920 4286 4283
f 4288 4285 4284
f 4288 4287 4285
f 4293 4292 4296
f 4293 4291 4279
f 4299 4295 4293
f 4938 4297 4298
f 4302 4297 4938
f 4300 4299 4302
f 4305 4304 4303
f 4307 4290 4300
f 4307 4305 4289
f 4309 4304 4307
f 4310 4308 4306
f 4311 4308 4310
f 4970 4307 4301
f 4428 4412 4410
f 4430 4815 4413
f 4398 4397 4351
f 3659 4312 4314
f 4320 4317 4319
f 4325 4379 4323
f 4327 4328 4325
f 4353 4345 4335
f 4344 4331 4335
f 4335 4341 4352
f 4314 4330 4331
f 4340 4330 4333
f 4340 4333 4338
f 4337 3693 4339
f 4340 4338 4341
f 4338 4337 4342
f 4334 4344 4346
f 4327 4326 4347
f 4351 4397 4350
f 4361 4357 4353
f 4353 4335 4352
f 4355 4356 4358
f 4388 4378 4369
f 3719 4365 4366
f 4366 4371 4367
f 4364 4363 4316
f 4364 4316 4320
f 4372 4365 4368
f 4370 4369 4378
f 4369 4364 4320
f 4371 4383 4367
f 4376 4683 4377
f 4382 4378 4384
f 4383 4382 4384
f 4390 4389 4328
f 4399 4407 4390
f 4375 4381 4394
f 4375 4394 4392
f 4376 4392 4395
f 4392 4394 4406
f 4392 4403 4396
f 4401 4407 4399
f 4416 4409 4401
f 4408 4407 4409
f 4411 4406 4408
f 4412 4411 4408
f 4429 4421 4423
f 4402 4414 4415
f 4397 4414 4349
f 4397 4398 4414
f 4608 4424 4422
f 4429 4431 4428
f 4826 4430 4431
f 4439 4827 4432
f 5006 4441 4436
f 4437 4423 4433
f 4441 4440 4439
f 4479 4478 4508
f 3588 4680 4681
f 4614 4594 4543
f 4598 4639 4515
f 4602 4599 4666
f 4666 4599 4601
f 4475 4476 4512
f 4512 4476 4510
f 4537 4538 4600
f 4600 4538 4601
f 4564 4563 4647
f 4456 4470 4474
f 4342 4444 4452
f 4443 4447 4445
f 4339 3693 4442
f 4449 4450 4451
f 4480 4451 4450
f 4457 4458 4460
f 4457 4464 4458
f 4356 4354 4452
f 4356 4452 4455
f 4452 4446 4454
f 4457 4455 4456
f 4458 4464 4459
f 4589 4460 4461
f 4475 4459 4476
f 4465 4454 4467
f 4446 4466 4467
f 4474 4470 4471
f 4472 4469 4473
f 4478 4471 4473
f 4511 4478 4479
f 4516 4535 4518
f 4505 4484 4522
f 4531 4528 4497
f 4481 4482 4483
f 4480 4485 4484
f 3915 4486 4491
f 4485 4483 4490
f 4488 4486 4487
f 4489 3915 4482
f 4493 4488 4492
f 4501 4492 4494
f 4490 4482 4491
f 4485 4490 4495
f 4495 4490 4496
f 4495 4496 4498
f 4500 4498 4501
f 4531 4501 4502
f 4479 4508 4516
f 4504 4505 4506
f 4507 4504 4506
f 4508 4473 4507
f 4509 4508 4507
f 4515 4543 4597
f 4517 4511 4479
f 4597 4514 4520
f 4479 4516 4519
f 4515 4597 4521
f 4533 4530 4532
f 4533 4534 4526
f 4534 4535 4525
f 4540 4533 4532
f 4506 4523 4526
f 4523 4522 4524
f 4506 4505 4523
f 4526 4525 4506
f 4531 4530 4527
f 4567 4540 4532
f 4567 4532 4531
f 4538 4541 4569
f 4535 4541 4538
f 4542 4541 4540
f 4584 4546 4578
f 4547 4578 4545
f 4544 3541 3546
f 3539 3559 3550
f 4584 4547 3539
f 4583 4580 4561
f 4575 4556 4915
f 4550 3965 4548
f 4570 4552 4550
f 4502 4499 4549
f 4572 4571 4557
f 4557 4571 4555
f 4571 4570 4548
f 4560 4557 4559
f 4556 4577 4560
f 4565 4568 4552
f 4652 4568 4565
f 4667 4666 4569
f 4582 4583 4650
f 4577 4573 4572
f 4582 4576 4579
f 4573 4570 4571
f 4575 4576 4577
f 4579 4575 4574
f 4546 4581 4578
f 4579 4580 4582
f 4670 4546 4584
f 4587 4565 4585
f 4590 4591 4592
f 4591 4603 4589
f 4603 4420 4463
f 4607 4591 4593
f 4595 4475 4512
f 4475 4590 4592
f 4613 4593 4594
f 4543 4594 4596
f 4642 4598 4537
f 4596 4512 4513
f 4600 4601 4599
f 4602 4537 4599
f 4612 4625 4624
f 4609 4605 4606
f 4608 4422 4604
f 4623 4425 4609
f 4623 4427 4425
f 4611 4609 4610
f 4624 4611 4612
f 4616 4615 4613
f 4640 4617 4616
f 4616 4614 4543
f 4616 4639 4640
f 4616 4543 4639
f 4621 4618 4619
f 4618 4622 4629
f 4612 4618 4629
f 4631 4632 4625
f 4627 4631 4625
f 5006 4626 4632
f 4630 4628 4629
f 4680 3600 4630
f 3600 4680 3588
f 4634 4632 4633
f 4637 4627 4628
f 4637 4636 4635
f 5008 4636 4637
f 4637 4630 4638
f 4644 4642 4602
f 4644 4668 4645
f 4677 4679 4663
f 4679 4680 4662
f 4655 4651 4648
f 4650 4647 4648
f 4658 4641 4646
f 4662 4621 4649
f 4677 4664 4655
f 4617 4641 4649
f 4640 4639 4642
f 4641 4617 4640
f 4644 4643 4642
f 4646 4643 4644
f 4641 4643 4646
f 4656 4653 4652
f 4674 4656 4652
f 4665 4654 4653
f 4656 4665 4653
f 4660 4661 4657
f 4664 4663 4660
f 4665 4664 4660
f 4653 4668 4667
f 4669 4645 4668
f 4678 4677 4671
f 4681 4678 4672
f 4672 4562 4670
f 4672 4678 4671
f 4648 4647 4672
f 3542 4672 4670
f 4565 4673 4674
f 4679 4681 4680
f 4681 4679 4678
f 4682 4681 3538
f 4682 3594 3588
f 4721 4708 4713
f 4769 4751 4755
f 4703 4707 4748
f 4850 4716 4722
f 4684 3726 4683
f 4685 4684 4688
f 4688 4687 4689
f 4052 4050 4690
f 4692 4690 4694
f 4050 4689 4690
f 4050 4053 4685
f 4696 4698 4704
f 4704 4808 4701
f 4699 4704 4701
f 4699 4701 4702
f 4702 4706 4703
f 4701 4709 4705
f 4756 4711 4822
f 4722 4713 4714
f 4713 4708 4712
f 4715 4722 4714
f 4717 4718 4846
f 4717 4716 4841
f 4713 4722 4720
f 4721 4713 4720
f 4723 4720 4716
f 4798 4723 4725
f 4798 4725 4724
f 4727 4726 4892
f 4805 4724 4727
f 4740 4732 4741
f 4742 4739 4744
f 4744 4739 4741
f 4745 4746 4742
f 4728 4729 4731
f 4732 4730 4731
f 4731 4733 4732
f 4743 4102 4735
f 4101 4734 4730
f 4128 4125 4738
f 4737 4739 4742
f 4746 4737 4742
f 4751 4738 4743
f 4769 4738 4751
f 4749 4753 4747
f 4752 4746 4747
f 4712 4708 4754
f 4759 4754 4749
f 4741 4757 4744
f 4747 4746 4745
f 4754 4752 4753
f 4750 4757 4756
f 4712 4759 4760
f 4800 4765 4795
f 4724 4800 4795
f 4770 4769 4792
f 4770 4761 4127
f 4766 4761 4770
f 4766 4762 4761
f 4763 4771 4762
f 4762 4124 4761
f 4767 4766 4770
f 4779 4775 4777
f 4777 4776 4782
f 4773 4771 4776
f 4789 4782 4786
f 4783 4778 4781
f 4150 4918 4922
f 4150 4778 4783
f 4779 4777 4780
f 4784 4777 4782
f 4921 4783 4789
f 4772 4763 4799
f 4787 4789 4786
f 4788 4789 4787
f 4787 4785 4803
f 4793 4790 4797
f 4798 4797 4796
f 4798 4795 4797
f 4792 4791 4797
f 4797 4790 4792
f 4792 4755 4791
f 4797 4794 4793
f 4806 4801 4805
f 4799 4800 4803
f 4803 4800 4801
f 4801 4800 4724
f 4948 4804 4802
f 4709 4810 4817
f 4698 4697 4809
f 4809 4697 4405
f 4809 4813 4807
f 4818 4814 4828
f 4814 4812 4828
f 4710 4709 4819
f 4821 4819 4817
f 4820 4819 4821
f 4711 4710 4820
f 4824 4851 4715
f 4837 4832 4840
f 4829 4858 4859
f 4830 4829 4832
f 4832 4855 4830
f 4991 4833 5006
f 4838 4831 4836
f 4835 4840 4832
f 4992 4837 4840
f 4847 4844 4718
f 4836 4849 4854
f 4825 4842 4852
f 4854 4843 4852
f 4831 4848 4849
f 4843 4847 4841
f 4718 4841 4847
f 4849 4847 4843
f 4849 4848 4847
f 4852 4850 4715
f 4854 4842 4855
f 4838 4857 4848
f 4857 4845 4848
f 4856 4845 4857
f 4892 4845 4856
f 4816 4826 4858
f 4440 4827 4439
f 4859 4440 4834
f 4976 4975 4942
f 4977 4875 4917
f 3545 4863 4862
f 3545 4915 4863
f 4882 4864 4871
f 4860 4866 4863
f 4872 4864 4865
f 4877 4862 4864
f 4866 4865 4862
f 4868 4867 4240
f 4876 4873 4874
f 4874 4873 4869
f 4862 4877 3536
f 4883 4885 4886
f 4877 4880 3565
f 3556 4879 3536
f 4882 4880 4881
f 5003 4892 4890
f 4904 5003 4891
f 4904 4893 5003
f 4894 4953 5003
f 4894 4893 4905
f 4896 4895 4894
f 4898 4897 4876
f 4898 4899 4908
f 3570 4901 4904
f 4907 4906 4898
f 4904 4906 4905
f 4905 4906 4907
f 4896 4905 4907
f 4965 4898 4908
f 4916 4911 4913
f 4912 4909 4860
f 4912 4911 4910
f 4916 4913 4860
f 4916 4559 4558
f 4937 4930 4939
f 4960 4958 4963
f 4949 4931 4948
f 4932 4927 4928
f 4283 4919 4924
f 4922 4921 4933
f 4920 4283 4924
f 4920 4923 4925
f 4926 4927 4929
f 4937 4926 4929
f 4934 4928 4925
f 4927 4925 4928
f 4957 4932 4954
f 4933 4788 4949
f 4933 4921 4788
f 4935 4933 4949
f 4945 4939 4944
f 4940 4302 4938
f 4940 4937 4939
f 4974 4302 4940
f 4946 4941 4945
f 4947 4943 4941
f 4948 4951 4950
f 4956 4949 4950
f 4954 4936 4956
f 4955 4950 4953
f 4984 4981 4986
f 4968 4311 4969
f 4972 4969 4970
f 4975 4970 4301
f 4977 4973 4978
f 4980 4977 4978
f 4984 4980 4978
f 4984 4987 4983
f 4982 4980 4983
f 4983 4980 4984
f 4900 4982 4959
f 4987 4984 4986
f 3589 5009 5002
f 4995 4989 4988
f 4990 3564 4989
f 4989 4891 5005
f 3570 4891 3564
f 4996 4839 4991
f 4996 4991 5007
f 5000 4996 5007
f 4995 4988 4993
f 4992 4996 4994
f 3585 4995 4994
f 3596 4994 4996
f 3602 3562 5001
f 3560 3563 4997
f 3578 3576 3586
f 3592 3579 3589
f 4890 4988 5005
f 5008 5007 4636
f 5000 5008 5010
f 5011 5002 5009
f 3613 3820 3673
f 3613 3767 3820
f 3762 3631 3768
f 3631 3763 3768
f 3762 3767 3613
f 3784 3647 3785
f 4002 4004 4158
f 4254 4253 4134
f 4254 4134 4272
f 4919 4282 4150
f 4360 4359 4358
f 4434 4427 4623
f 4604 4420 4603
f 4922 4918 4921
f 4948 4802 4951
f 4802 4952 4951
f 4890 4856 5004
f 4023 4020 3710
f 3723 3726 4048
f 3646 3642 3999
f 3646 3999 3645
f 3645 4000 3648
f 4376 4686 4683
f 4376 4391 4686
f 4697 4396 4404
f 4404 4405 4697
f 4815 4812 4413
f 4833 4440 4441
f 4833 4441 5006
f 3760 3610 4166
f 4153 4151 3610
f 3817 3606 4189
f 3936 3934 4225
f 3606 3760 4166
f 5010 5008 4637
f 4333 3689 4336
f 4329 4332 4330
f 4312 4329 4330
f 4333 4332 3687
f 3691 3693 4336
f 3720 3715 4366
f 3854 3855 4443
f 4487 4486 3911
f 4488 4487 3912
f 4691 4728 4093
f 4052 4690 4691
f 4093 4728 4731
f 4734 4093 4731
f 4125 4102 4743
f 4129 4774 4773
f 4122 4127 4761
f 4129 4762 4774
f 4140 4775 4779
f 4139 4773 4775
f 4780 4149 4779
f 4912 4247 4909
f 4249 4914 4909
f 4968 4917 4250
f 4938 4298 4937
f 4937 4288 4926
f 3614 3616 3626
f 3657 3668 3664
f 3697 3655 3711
f 3650 3628 3727
f 3663 3650 3662
f 3615 3628 3650
f 3620 3705 4020
f 3620 4020 3623
f 4020 3967 3623
f 3614 3615 3700
f 3703 3622 3700
f 3616 3622 3617
f 3700 3616 3614
f 3620 3623 3621
f 3621 3618 3617
f 3971 3619 3618
f 3971 3640 3619
f 3703 3620 3622
f 3620 3621 3617
f 3623 3624 3618
f 3623 3967 3624
f 3639 3641 3643
f 3641 3646 3643
f 3617 3638 3626
f 3634 3644 3635
f 3648 3755 3647
f 3629 3626 3625
f 3626 3627 3625
f 3614 3626 3629
f 3626 3616 3617
f 3632 3627 3639
f 3625 3627 3632
f 3615 3629 3628
f 3628 3629 3727
f 3615 3614 3629
f 3629 3630 3727
f 3630 3728 3727
f 3632 3634 3631
f 3625 3632 3631
f 3630 3625 3637
f 3625 3631 3637
f 3631 3762 3637
f 3639 3634 3632
f 3633 3634 3763
f 3634 3635 3763
f 3728 3636 3729
f 3728 3630 3636
f 3630 3637 3636
f 3636 3637 3613
f 3672 3636 3613
f 3626 3638 3619
f 3638 3617 3619
f 3619 3639 3627
f 3619 3641 3639
f 3626 3619 3627
f 3619 3640 3641
f 3646 3641 3642
f 3644 3645 3647
f 3645 3648 3647
f 3634 3639 3643
f 3643 3645 3644
f 3784 3644 3647
f 3646 3645 3643
f 3655 3651 3653
f 3655 3660 3711
f 3649 3651 3652
f 3661 3651 3649
f 3655 3653 3656
f 3657 3685 3656
f 3656 3658 3654
f 3653 3657 3656
f 3658 3659 4313
f 4316 3660 4317
f 3654 4317 3660
f 3660 4363 3718
f 3683 3689 3687
f 3687 3689 4333
f 3664 3665 3682
f 3682 3667 3681
f 3667 3676 3688
f 3665 3663 3669
f 3661 3663 3665
f 3663 3671 3669
f 3661 3650 3663
f 3671 3663 3662
f 3668 3665 3664
f 3665 3668 3661
f 3669 3666 3665
f 3729 3672 3662
f 3680 3670 3818
f 3674 3680 3827
f 3679 3670 3680
f 3662 3670 3679
f 3671 3662 3679
f 3672 3818 3670
f 3672 3673 3818
f 3675 3667 3666
f 3679 3675 3666
f 3675 3680 3674
f 3677 3674 3827
f 4332 3686 3687
f 3685 3686 3659
f 4312 3686 4329
f 4332 4329 3686
f 3681 3667 3688
f 3676 3678 3688
f 3690 3678 3692
f 3678 3849 3692
f 3683 3690 3689
f 3689 3690 3691
f 3691 3692 3693
f 3694 3703 3702
f 3703 3694 3705
f 3694 3704 3705
f 3694 3698 3704
f 3699 3720 3721
f 3695 3698 3694
f 3696 3695 3712
f 3697 3711 3712
f 3695 3697 3712
f 3696 3699 3698
f 3695 3696 3698
f 3649 3652 3697
f 3649 3697 3695
f 3702 3700 3701
f 3701 3649 3702
f 3650 3701 3615
f 3700 3702 3703
f 3708 3706 3709
f 3706 3707 3709
f 3704 3706 3708
f 3703 3705 3620
f 3705 3704 4020
f 4020 3708 3710
f 3708 3709 3710
f 3709 3722 4024
f 3699 3713 3714
f 3711 3717 3716
f 3711 3660 3717
f 3699 3714 3720
f 3696 3712 3713
f 3713 3712 3716
f 3711 3716 3712
f 3714 3713 3716
f 3696 3713 3699
f 3716 3717 3715
f 3717 3660 3718
f 3707 3725 3723
f 3725 3724 3726
f 3721 3725 3707
f 3720 3725 3721
f 3723 4048 3722
f 3650 3727 3662
f 3742 3780 3937
f 3741 3742 3937
f 3774 3811 3803
f 3779 3773 3796
f 3817 4189 3950
f 3838 3739 3868
f 3848 3838 3869
f 3848 3878 3847
f 3843 3878 3873
f 3860 3862 3859
f 3923 3790 3928
f 3948 3933 3952
f 3944 3922 3815
f 3929 3928 3949
f 3951 4189 3929
f 3929 3949 3951
f 3730 3733 3735
f 3736 3733 3737
f 3745 3744 3795
f 3937 3938 3867
f 3822 3732 3824
f 3740 3864 3739
f 3864 3743 3865
f 3743 3867 3866
f 3865 3743 3866
f 3867 3746 3871
f 3921 3790 3923
f 3920 3790 3921
f 3801 3939 3943
f 3928 3790 3949
f 3735 3733 3736
f 3731 3738 3732
f 3731 3730 3735
f 3730 3820 3767
f 3822 3731 3732
f 3738 3734 3835
f 3732 3738 3835
f 3735 3736 3738
f 3734 3741 3740
f 3835 3734 3739
f 3734 3738 3741
f 3739 3734 3740
f 3736 3737 3742
f 3736 3742 3741
f 3747 3749 3750
f 3749 3748 3751
f 3740 3741 3867
f 3741 3937 3867
f 3745 3747 3744
f 3747 3748 3749
f 3750 3749 3751
f 3786 3788 3766
f 3765 3784 3785
f 3785 3753 3786
f 3753 3754 3757
f 3785 3754 3753
f 3785 3647 3754
f 3647 3755 3754
f 3648 4152 3755
f 3756 4152 3758
f 3756 3758 3757
f 3754 3756 3757
f 3758 4153 3757
f 3759 4153 3610
f 3757 4153 3759
f 3768 3764 3771
f 3770 3768 3771
f 3771 3764 3765
f 3781 3765 3766
f 3767 3762 3768
f 3730 3767 3769
f 3769 3768 3770
f 3733 3769 3775
f 3769 3770 3775
f 3737 3776 3742
f 3766 3772 3782
f 3778 3773 3779
f 3772 3774 3773
f 3783 3773 3778
f 3737 3775 3777
f 3776 3793 3798
f 3776 3798 3780
f 3775 3782 3777
f 3775 3781 3782
f 3785 3786 3765
f 3765 3786 3766
f 3788 3757 3787
f 3788 3787 3772
f 3772 3789 3774
f 3806 3789 3807
f 3811 3774 3806
f 3774 3789 3806
f 3757 3759 3787
f 3810 3808 3605
f 3789 3759 3761
f 3790 3812 3813
f 3790 3920 3814
f 3817 3605 3809
f 3812 3803 3811
f 3794 3797 3799
f 3795 3794 3799
f 3800 3792 3939
f 3796 3797 3793
f 3796 3792 3797
f 3773 3803 3791
f 3793 3797 3794
f 3795 3798 3793
f 3795 3744 3798
f 3798 3744 3938
f 3795 3801 3748
f 3799 3792 3800
f 3799 3800 3801
f 3748 3801 3751
f 3801 3800 3939
f 3803 3804 3802
f 3792 3802 3939
f 3805 3804 3814
f 3939 3802 3805
f 3605 3807 3810
f 3605 3806 3807
f 3809 3808 3760
f 3805 3815 3945
f 3813 3806 3605
f 3805 3944 3815
f 3813 3817 3816
f 3816 3817 3950
f 3834 3833 3846
f 3853 3861 3855
f 3678 3830 3849
f 3830 3851 3849
f 3851 3831 3852
f 3831 3857 3852
f 3857 3841 3858
f 3843 3859 3858
f 3828 3825 3834
f 3829 3828 3834
f 3823 3825 3828
f 3829 3830 3677
f 3824 3732 3819
f 3829 3834 3839
f 3824 3819 3826
f 3820 3822 3821
f 3673 3821 3818
f 3822 3823 3821
f 3818 3823 3828
f 3827 3828 3829
f 3678 3677 3830
f 3830 3829 3832
f 3834 3825 3833
f 3842 3847 3843
f 3839 3846 3842
f 3842 3843 3858
f 3819 3836 3826
f 3836 3837 3833
f 3845 3838 3848
f 3835 3838 3836
f 3832 3839 3840
f 3831 3840 3857
f 3840 3839 3842
f 3857 3840 3841
f 3841 3842 3858
f 3846 3844 3847
f 3846 3845 3844
f 3845 3848 3844
f 3692 3849 3850
f 3849 3851 3850
f 3851 3853 3850
f 3850 3855 3854
f 3861 3863 4448
f 3852 3856 3853
f 3856 3861 3853
f 3858 3859 3856
f 3861 3856 3859
f 3861 4448 3855
f 3859 3862 3863
f 3861 3859 3863
f 3862 3900 3863
f 3899 3903 3904
f 3843 3873 3859
f 3875 3902 3903
f 3902 3906 3905
f 3878 3879 3874
f 3865 3870 3864
f 3878 3874 3873
f 3876 3870 3877
f 3868 3870 3869
f 3868 3864 3870
f 3865 3866 3871
f 3877 3872 3879
f 3877 3865 3871
f 3870 3865 3877
f 3871 3872 3877
f 3879 3872 3883
f 3876 3877 3879
f 3894 3888 3897
f 3892 3880 3881
f 3894 3892 3888
f 3887 3886 3942
f 3872 3884 3883
f 3884 3882 3885
f 3882 3886 3885
f 3883 3884 3880
f 3885 3886 3887
f 3881 3885 3887
f 3880 3885 3881
f 3889 3891 3875
f 3880 3890 3889
f 3889 3890 3891
f 3875 3891 3902
f 3893 3894 3897
f 3893 3891 3894
f 3895 3893 3897
f 3895 3897 3898
f 3887 3942 3896
f 3897 3887 3896
f 3898 3897 3896
f 3898 3896 3909
f 3862 3899 3901
f 3860 3873 3903
f 3860 3903 3899
f 3863 3900 4481
f 3900 4489 4481
f 3900 3901 3914
f 3862 3901 3900
f 3910 3908 3916
f 3901 3904 3913
f 3908 3898 3907
f 3913 3910 3916
f 3911 3919 3912
f 3904 3910 3913
f 3904 3902 3905
f 3903 3902 3904
f 3899 3904 3901
f 3905 3910 3904
f 3908 3895 3898
f 3905 3908 3910
f 3905 3906 3908
f 3918 3907 3909
f 4489 3914 3915
f 3911 3916 3919
f 3914 3913 3911
f 3916 3917 4492
f 3914 3911 3915
f 3912 4492 4488
f 4492 3918 4494
f 3927 3932 3933
f 3932 3930 3931
f 3925 3923 3928
f 3948 3927 3933
f 3932 3931 3933
f 3935 3931 4193
f 3926 3924 3927
f 3920 3921 3926
f 3927 3924 3932
f 3926 3923 3924
f 3922 3926 3948
f 3924 3923 3925
f 3931 3930 4193
f 3925 3928 3929
f 4192 3925 3929
f 4193 3925 4192
f 3931 3934 3933
f 3801 3943 3751
f 3939 3805 3947
f 3965 3960 4553
f 4548 3965 4553
f 3964 3961 3956
f 3956 3955 3964
f 3939 3947 3941
f 3896 3958 3909
f 3958 3943 3959
f 3751 3943 3886
f 3942 3943 3958
f 3896 3942 3958
f 3941 3947 3940
f 3946 3952 3953
f 3940 3947 3953
f 3815 3922 3948
f 3815 3946 3945
f 3946 3815 3948
f 3805 3945 3947
f 3951 3816 3950
f 3940 3953 3954
f 3954 3953 3961
f 3940 3954 3941
f 3933 3955 3956
f 3952 3933 3956
f 3952 3956 3953
f 3958 3959 3957
f 3959 3960 3957
f 4499 3957 4549
f 4499 3918 3957
f 4549 3957 3965
f 4549 3965 4550
f 4553 3962 4554
f 3962 3966 4554
f 3941 4553 3960
f 3954 3962 4553
f 3962 3964 3966
f 3966 3964 3963
f 4553 4554 4555
f 4910 4554 3966
f 3994 3973 3995
f 3995 3973 3981
f 4107 4046 4106
f 4071 4051 4073
f 4071 4072 4070
f 4051 4090 4073
f 4045 4043 4083
f 3986 4039 4075
f 4069 4115 4210
f 3967 4021 3968
f 4035 4036 4037
f 4057 4054 4059
f 3990 4075 4042
f 3969 4028 4035
f 3969 3970 4028
f 3967 3968 3624
f 3991 3975 3976
f 3971 3975 3991
f 3991 3976 3972
f 3978 3979 3972
f 3972 3979 3973
f 3624 3968 3975
f 3970 3969 3974
f 3983 3984 3987
f 3990 3985 3986
f 3987 3985 3990
f 3983 4037 3984
f 3982 3987 3988
f 3982 3983 3987
f 3979 3982 3973
f 3981 3973 3982
f 3977 4035 3980
f 4035 4037 3980
f 3980 4037 3983
f 3979 3980 3983
f 3985 3984 3986
f 3981 3988 3989
f 3989 3990 4042
f 3987 3990 3988
f 4013 4011 4012
f 4013 4012 4014
f 3998 4011 4013
f 3992 3997 3993
f 3996 3998 3997
f 3992 3972 3994
f 3640 3991 3992
f 3642 3993 3999
f 3993 4001 3999
f 3994 3996 3997
f 3997 3998 3993
f 4001 4003 4002
f 4005 3998 4013
f 4158 4004 4005
f 4000 3999 4001
f 4000 4001 4152
f 4152 4001 4002
f 4003 3998 4004
f 3993 4003 4001
f 3995 3981 3996
f 4008 4006 4010
f 4006 4007 4011
f 4006 3981 4010
f 4007 4009 4057
f 4008 4055 4009
f 4012 4007 4057
f 4015 4012 4057
f 4012 4011 4007
f 4005 4013 4014
f 4015 4058 4065
f 4016 4015 4065
f 4158 4016 4017
f 4018 4158 4017
f 4019 4016 4065
f 4018 4017 4182
f 4036 4038 4037
f 4038 4030 4039
f 4027 4031 4029
f 3970 4027 4029
f 4024 4047 4025
f 4033 4049 4051
f 4026 4049 4032
f 4023 4022 4021
f 3967 4020 4021
f 4027 3970 3968
f 4021 4027 3968
f 4022 4027 4021
f 3709 4024 4023
f 4031 4022 4032
f 4025 4026 4032
f 4029 4032 4033
f 4029 4034 4036
f 4034 4071 4070
f 4036 4028 4029
f 4028 3970 4029
f 4036 4034 4070
f 4036 4070 4030
f 4034 4029 4033
f 4071 4034 4033
f 3984 4039 3986
f 4037 4038 4039
f 4041 4043 4045
f 4061 4044 4062
f 4040 4041 4061
f 4041 3989 4042
f 4044 4045 4062
f 4045 4046 4062
f 4047 4048 4025
f 4024 3722 4047
f 4047 3722 4048
f 4025 4053 4026
f 3726 4684 4048
f 4049 4050 4052
f 4051 4691 4090
f 4050 4026 4053
f 4063 4107 4064
f 4056 4061 4062
f 4061 4055 4040
f 4055 4056 4054
f 4057 4059 4058
f 4059 4060 4058
f 4058 4060 4066
f 4060 4062 4063
f 4063 4067 4066
f 4060 4063 4066
f 4066 4069 4065
f 4058 4066 4065
f 4066 4067 4068
f 4069 4068 4114
f 4019 4065 4210
f 4103 4079 4074
f 4103 4074 4092
f 4103 4092 4094
f 4087 4082 4096
f 4116 4088 4096
f 4030 4070 4072
f 4076 4030 4072
f 4074 4072 4073
f 4076 4072 4079
f 4079 4072 4074
f 4078 4085 4043
f 4085 4081 4086
f 4086 4082 4087
f 4078 4080 4085
f 4075 4076 4078
f 4075 4039 4076
f 4077 4075 4078
f 4042 4077 4078
f 4080 4079 4103
f 4085 4080 4081
f 4081 4097 4082
f 4084 4096 4088
f 4088 4046 4084
f 4083 4085 4084
f 4084 4087 4096
f 4073 4090 4089
f 4089 4090 4091
f 4074 4073 4089
f 4074 4091 4092
f 4691 4093 4091
f 4091 4094 4092
f 4091 4093 4094
f 4094 4093 4734
f 4096 4082 4098
f 4096 4095 4100
f 4102 4104 4735
f 4102 4095 4104
f 4104 4105 4735
f 4098 4097 4099
f 4098 4099 4095
f 4099 4094 4105
f 4104 4099 4105
f 4100 4102 4125
f 4113 4067 4110
f 4113 4110 4130
f 4130 4110 4118
f 4136 4123 4137
f 4117 4108 4116
f 4112 4119 4110
f 4109 4117 4111
f 4107 4109 4064
f 4107 4106 4109
f 4109 4106 4108
f 4109 4108 4117
f 4106 4088 4108
f 4108 4088 4116
f 4110 4111 4112
f 4067 4064 4110
f 4112 4111 4119
f 4253 4114 4132
f 4114 4068 4113
f 4132 4113 4130
f 4253 4132 4133
f 4253 4133 4134
f 4120 4126 4127
f 4118 4120 4121
f 4117 4116 4126
f 4119 4117 4126
f 4119 4126 4120
f 4110 4119 4118
f 4118 4121 4136
f 4126 4116 4125
f 4123 4121 4124
f 4121 4122 4124
f 4123 4124 4129
f 4127 4125 4128
f 4142 4135 4138
f 4138 4140 4142
f 4135 4132 4131
f 4138 4137 4140
f 4137 4129 4140
f 4132 4130 4131
f 4131 4130 4136
f 4133 4132 4135
f 4134 4133 4269
f 4138 4131 4137
f 4147 4140 4779
f 4144 4145 4146
f 4145 4781 4778
f 4146 4145 4778
f 4145 4148 4781
f 4141 4147 4148
f 4146 4143 4144
f 4150 4146 4778
f 4781 4149 4780
f 4249 4234 4914
f 4264 4268 4303
f 4268 4289 4305
f 4214 4251 4216
f 4211 4251 4214
f 4223 4222 4263
f 4222 4216 4260
f 4224 4263 4264
f 4306 4238 4303
f 4308 4238 4306
f 4968 4250 4308
f 4195 4197 4177
f 4183 4182 4207
f 4184 4181 4208
f 4175 4160 4176
f 4018 4181 4162
f 4158 4018 4159
f 4151 4163 3610
f 4159 4018 4162
f 4155 4156 4154
f 4152 4155 3758
f 4152 4002 4155
f 4151 4155 4154
f 3758 4155 4153
f 4156 4158 4159
f 4002 4156 4155
f 4154 4156 4171
f 4157 4162 4161
f 4160 4161 4184
f 4175 4161 4160
f 4171 4161 4175
f 4157 4159 4162
f 4162 4181 4184
f 4179 4178 4180
f 4180 4170 4179
f 4151 4154 4163
f 4163 4154 4164
f 4167 3611 3607
f 4167 3607 3606
f 4164 4171 4168
f 4190 4170 4191
f 4169 3607 4190
f 4189 3607 4169
f 4189 4169 4190
f 4174 4175 4177
f 4174 4177 4178
f 4177 4197 4178
f 4168 4173 4172
f 4174 4178 4179
f 4170 4173 4179
f 4173 4174 4179
f 4174 4171 4175
f 4172 4173 4170
f 4177 4175 4176
f 4176 4195 4177
f 4181 4182 4183
f 4228 4200 4219
f 4215 4213 4220
f 4233 4230 4240
f 4225 4205 4231
f 4227 4200 4228
f 4236 4224 4238
f 4196 4208 4199
f 4201 4185 4192
f 3935 4225 3934
f 4195 4185 4197
f 4201 4191 4180
f 4188 4187 4202
f 4217 4200 4198
f 4188 4185 4186
f 4186 4185 4195
f 4187 4186 4194
f 4190 3929 4189
f 4187 4196 4198
f 4194 4160 4196
f 4195 4176 4194
f 4197 4185 4201
f 4206 4198 4200
f 4203 4202 4205
f 4188 4202 4203
f 4202 4204 4205
f 4203 4205 4225
f 3935 4203 4225
f 4187 4206 4202
f 4207 4212 4209
f 4182 4019 4207
f 4183 4209 4208
f 4208 4215 4199
f 4209 4212 4208
f 4212 4207 4211
f 4211 4214 4212
f 4213 4214 4216
f 4215 4220 4218
f 4235 4221 4236
f 4217 4215 4218
f 4217 4198 4215
f 4220 4213 4222
f 4200 4217 4221
f 4221 4217 4218
f 4219 4200 4221
f 4236 4221 4223
f 4221 4222 4223
f 4238 4224 4303
f 4224 4236 4223
f 3936 4225 4226
f 4226 4231 4232
f 4225 4231 4226
f 4226 4232 4245
f 4204 4227 4205
f 4230 4229 4228
f 4205 4227 4229
f 4205 4229 4231
f 4231 4233 4232
f 4232 4240 4234
f 4245 4234 4249
f 4232 4233 4240
f 4228 4219 4235
f 4242 4241 4235
f 4241 4242 4869
f 4228 4235 4241
f 4237 4235 4238
f 4235 4236 4238
f 4242 4235 4237
f 4238 4308 4237
f 4239 4230 4241
f 4240 4230 4239
f 4240 4239 4868
f 4868 4241 4869
f 4870 4250 4917
f 4870 4242 4250
f 4250 4242 4308
f 4242 4237 4308
f 3963 4244 4248
f 4244 4246 4247
f 4245 4249 4246
f 4226 4245 4246
f 4243 4226 4244
f 3936 4226 4243
f 3963 4243 4244
f 3955 4243 3963
f 3955 3936 4243
f 4247 4246 4909
f 3966 4248 4247
f 4910 4247 4912
f 3966 3963 4248
f 4248 4244 4247
f 4267 4256 4277
f 4216 4251 4260
f 4262 4261 4256
f 4260 4261 4262
f 4262 4256 4267
f 4292 4285 4296
f 4256 4258 4274
f 4278 4256 4274
f 4256 4278 4277
f 4267 4277 4291
f 4267 4291 4294
f 4251 4252 4259
f 4256 4259 4258
f 4257 4272 4273
f 4257 4259 4252
f 4251 4255 4252
f 4252 4254 4257
f 4252 4115 4253
f 4115 4252 4255
f 4261 4259 4256
f 4251 4259 4261
f 4260 4251 4261
f 4258 4257 4273
f 4265 4262 4267
f 4264 4266 4268
f 4266 4267 4268
f 4267 4294 4268
f 4265 4266 4263
f 4224 4264 4303
f 4268 4294 4289
f 4292 4271 4285
f 4284 4276 4286
f 4274 4276 4284
f 4280 4270 4274
f 4274 4270 4278
f 4271 4292 4279
f 4278 4271 4279
f 4280 4285 4271
f 4271 4270 4280
f 4278 4270 4271
f 4274 4258 4276
f 4258 4275 4276
f 4273 4272 4269
f 4273 4269 4282
f 4275 4273 4282
f 4277 4278 4279
f 4280 4274 4284
f 4283 4281 4919
f 4276 4281 4286
f 4285 4280 4284
f 4288 4284 4926
f 4925 4286 4920
f 4925 4284 4286
f 4284 4925 4926
f 4287 4288 4298
f 4294 4291 4295
f 4293 4296 4299
f 4290 4295 4299
f 4291 4293 4295
f 4291 4277 4279
f 4293 4279 4292
f 4290 4294 4295
f 4289 4294 4290
f 4296 4287 4298
f 4297 4296 4298
f 4302 4299 4297
f 4299 4296 4297
f 4302 4974 4300
f 4300 4974 4301
f 4290 4299 4300
f 4303 4268 4305
f 4310 4306 4309
f 4306 4304 4309
f 4304 4305 4307
f 4307 4289 4290
f 4306 4303 4304
f 4309 4307 4970
f 4969 4310 4309
f 4969 4309 4970
f 4311 4310 4969
f 4968 4308 4311
f 4307 4300 4301
f 4318 4334 4343
f 4430 4413 4412
f 4379 4325 4389
f 4328 4389 4325
f 4328 4327 4400
f 4398 4362 4419
f 4419 4362 4420
f 4403 4404 4396
f 4319 4321 4324
f 4388 4319 4323
f 4321 4343 4324
f 4321 4317 4318
f 4313 4317 3654
f 4343 4322 4318
f 4317 4314 4318
f 4314 4315 4318
f 4313 3659 4314
f 4313 4314 4317
f 4316 4317 4320
f 4320 4319 4388
f 4317 4321 4319
f 4321 4322 4343
f 4321 4318 4322
f 4325 4323 4326
f 4319 4324 4323
f 4323 4379 4388
f 4324 4347 4326
f 4324 4343 4347
f 4324 4326 4323
f 4325 4326 4327
f 4357 4345 4353
f 4343 4334 4346
f 4331 4330 4340
f 4314 4331 4315
f 4312 4330 4314
f 4330 4332 4333
f 4318 4331 4334
f 4318 4315 4331
f 4334 4331 4344
f 4331 4340 4335
f 4337 4339 4342
f 4336 4338 4333
f 4336 3693 4337
f 4336 4337 4338
f 4340 4341 4335
f 4352 4341 4354
f 4338 4342 4354
f 4341 4338 4354
f 4346 4348 4347
f 4350 4347 4348
f 4346 4344 4348
f 4357 4348 4345
f 4350 4348 4351
f 4344 4345 4348
f 4344 4335 4345
f 4343 4346 4347
f 4327 4347 4350
f 4327 4349 4400
f 4349 4327 4350
f 4349 4350 4397
f 4348 4357 4351
f 4361 4353 4359
f 4352 4355 4353
f 4352 4354 4355
f 4353 4355 4359
f 4354 4356 4355
f 4355 4358 4359
f 4361 4359 4360
f 4357 4361 4351
f 4398 4361 4362
f 4351 4361 4398
f 4463 4362 4360
f 4362 4361 4360
f 4362 4463 4420
f 4369 4320 4388
f 3720 4367 3724
f 4367 4383 4381
f 4381 4385 4394
f 4375 4376 4377
f 4366 4365 4372
f 4371 4372 4373
f 4382 4371 4373
f 3719 4366 3715
f 4370 4378 4373
f 4366 4372 4371
f 4364 4365 3719
f 4364 3719 4363
f 4364 4368 4365
f 3720 4366 4367
f 4370 4368 4369
f 4368 4364 4369
f 4372 4368 4370
f 4372 4370 4373
f 4371 4382 4383
f 4382 4373 4378
f 3724 4374 3726
f 4367 4381 4374
f 3724 4367 4374
f 4381 4375 4374
f 4374 4375 4377
f 4374 4377 3726
f 3726 4377 4683
f 4385 4380 4386
f 4383 4384 4385
f 4384 4380 4385
f 4387 4386 4407
f 4384 4378 4380
f 4380 4388 4379
f 4378 4388 4380
f 4383 4385 4381
f 4385 4386 4387
f 4394 4385 4387
f 4380 4379 4389
f 4386 4389 4390
f 4386 4380 4389
f 4407 4386 4390
f 4390 4328 4400
f 4399 4390 4400
f 4395 4392 4396
f 4376 4375 4392
f 4391 4376 4395
f 4395 4393 4391
f 4394 4387 4406
f 4392 4406 4403
f 4395 4396 4393
f 4406 4387 4407
f 4409 4407 4401
f 4402 4401 4399
f 4399 4400 4402
f 4401 4402 4416
f 4409 4416 4410
f 4403 4406 4411
f 4404 4811 4405
f 4404 4403 4411
f 4408 4406 4407
f 4811 4404 4411
f 4412 4409 4410
f 4408 4409 4412
f 4812 4811 4411
f 4413 4411 4412
f 4812 4411 4413
f 4417 4418 4421
f 4414 4419 4418
f 4398 4419 4414
f 4414 4418 4417
f 4437 4429 4423
f 4433 4427 4434
f 4428 4417 4429
f 4410 4416 4428
f 4400 4414 4402
f 4414 4400 4349
f 4414 4417 4415
f 4402 4415 4416
f 4428 4416 4417
f 4417 4416 4415
f 4429 4417 4421
f 4418 4420 4604
f 4418 4604 4422
f 4421 4418 4422
f 4427 4433 4426
f 4424 4421 4422
f 4418 4419 4420
f 4421 4424 4423
f 4426 4423 4424
f 4426 4433 4423
f 4426 4425 4427
f 4426 4424 4425
f 4424 4608 4425
f 4826 4431 4827
f 4430 4412 4431
f 4412 4428 4431
f 4431 4429 4432
f 4437 4432 4429
f 4826 4815 4430
f 4439 4432 4437
f 4431 4432 4827
f 4441 4438 4436
f 4438 4434 4435
f 4436 4438 4435
f 4436 4435 4626
f 5006 4436 4626
f 4433 4434 4438
f 4439 4437 4438
f 4437 4433 4438
f 4439 4438 4441
f 4666 4601 4569
f 4480 4448 4481
f 4478 4473 4508
f 4579 4545 4578
f 4596 4595 4512
f 4543 4596 4597
f 4621 4617 4649
f 4614 4613 4594
f 4639 4543 4515
f 4598 4515 4521
f 4602 4666 4668
f 4521 4537 4598
f 4537 4600 4599
f 4564 4647 4650
f 4563 4562 4647
f 4670 4584 3542
f 4650 4673 4587
f 4673 4565 4587
f 3855 4448 4443
f 4445 4449 4446
f 4456 4455 4465
f 4342 4452 4354
f 4452 4444 4446
f 4446 4449 4466
f 4468 4466 4451
f 4451 4503 4468
f 4339 4442 4342
f 3693 3854 4442
f 3854 4443 4442
f 4342 4445 4444
f 4442 4445 4342
f 4445 4446 4444
f 4445 4442 4443
f 4448 4447 4443
f 4448 4480 4450
f 4448 4450 4447
f 4448 3863 4481
f 4445 4447 4449
f 4447 4450 4449
f 4466 4449 4451
f 4451 4480 4503
f 4462 4360 4457
f 4459 4464 4474
f 4358 4455 4457
f 4356 4455 4358
f 4455 4453 4465
f 4452 4453 4455
f 4452 4454 4453
f 4457 4456 4464
f 4456 4474 4464
f 4462 4460 4589
f 4360 4358 4457
f 4457 4460 4462
f 4461 4592 4589
f 4460 4458 4461
f 4458 4459 4461
f 4461 4459 4592
f 4360 4462 4463
f 4463 4462 4589
f 4472 4473 4471
f 4459 4477 4476
f 4470 4456 4472
f 4477 4474 4478
f 4474 4471 4478
f 4453 4454 4465
f 4446 4467 4454
f 4472 4465 4467
f 4456 4465 4472
f 4467 4466 4468
f 4467 4469 4472
f 4467 4468 4469
f 4469 4468 4503
f 4472 4471 4470
f 4473 4469 4507
f 4459 4474 4477
f 4459 4475 4592
f 4477 4511 4476
f 4476 4511 4510
f 4477 4478 4511
f 4516 4509 4535
f 4509 4525 4535
f 4537 4521 4536
f 4503 4484 4504
f 4504 4484 4505
f 4505 4522 4523
f 4497 4528 4522
f 4531 4497 4500
f 4531 4502 4566
f 4485 4481 4483
f 4480 4481 4485
f 4489 4482 4481
f 4480 4484 4503
f 4491 4488 4493
f 4490 4491 4496
f 4491 4498 4496
f 4499 4501 4494
f 4486 4488 4491
f 4483 4482 4490
f 4482 3915 4491
f 4493 4492 4498
f 4491 4493 4498
f 4498 4492 4501
f 4485 4522 4484
f 4522 4485 4495
f 4495 4497 4522
f 4500 4497 4498
f 4497 4495 4498
f 4502 4501 4499
f 4531 4500 4501
f 4507 4469 4504
f 4513 4510 4517
f 4510 4511 4517
f 4512 4510 4513
f 4469 4503 4504
f 4507 4506 4525
f 4508 4509 4516
f 4509 4507 4525
f 4597 4513 4514
f 4517 4514 4513
f 4597 4520 4521
f 4520 4536 4521
f 4517 4519 4514
f 4519 4518 4520
f 4479 4519 4517
f 4519 4516 4518
f 4514 4519 4520
f 4534 4533 4539
f 4526 4524 4529
f 4533 4526 4529
f 4541 4534 4539
f 4534 4525 4526
f 4532 4530 4531
f 4540 4567 4542
f 4523 4524 4526
f 4530 4529 4527
f 4529 4524 4527
f 4522 4527 4524
f 4522 4528 4527
f 4531 4527 4528
f 4529 4530 4533
f 4567 4531 4566
f 4520 4518 4536
f 4537 4535 4538
f 4535 4534 4541
f 4518 4535 4536
f 4541 4542 4569
f 4536 4535 4537
f 4601 4538 4569
f 4541 4539 4540
f 4540 4539 4533
f 4584 4578 4547
f 4565 4570 4585
f 4583 4564 4650
f 4562 4561 4580
f 4563 4564 4583
f 4552 4568 4551
f 4577 4556 4575
f 4577 4572 4560
f 4570 4550 4548
f 4549 4550 4551
f 4549 4551 4502
f 4550 4552 4551
f 4572 4557 4560
f 4548 4553 4555
f 4557 4555 4554
f 4557 4554 4910
f 4557 4910 4558
f 4548 4555 4571
f 4559 4557 4558
f 4556 4560 4559
f 4565 4552 4570
f 4561 4562 4563
f 4583 4561 4563
f 4502 4568 4566
f 4502 4551 4568
f 4566 4568 4667
f 4667 4569 4566
f 4566 4569 4567
f 4569 4542 4567
f 4667 4568 4652
f 4573 4576 4586
f 4577 4576 4573
f 4582 4650 4587
f 4585 4570 4573
f 4585 4573 4586
f 4573 4571 4572
f 3557 4579 4574
f 4579 4576 4575
f 4915 4574 4575
f 4580 4583 4582
f 4579 4578 4580
f 4581 4546 4670
f 4581 4670 4562
f 4580 4578 4581
f 4576 4582 4586
f 4580 4581 4562
f 4582 4587 4586
f 4585 4586 4587
f 4607 4593 4613
f 4591 4589 4592
f 4603 4463 4589
f 4593 4591 4590
f 4590 4475 4595
f 4593 4590 4595
f 4596 4594 4595
f 4594 4593 4595
f 4642 4537 4602
f 4597 4596 4513
f 4610 4615 4619
f 4607 4613 4610
f 4618 4610 4619
f 4635 4627 4637
f 4630 4629 4622
f 4630 4622 4662
f 4630 4662 4680
f 5006 4632 4634
f 3600 4638 4630
f 4604 4607 4606
f 4624 4609 4611
f 4604 4605 4608
f 4610 4618 4611
f 4603 4591 4607
f 4604 4603 4607
f 4604 4606 4605
f 4606 4607 4610
f 4608 4609 4425
f 4608 4605 4609
f 4623 4609 4624
f 4611 4618 4612
f 4609 4606 4610
f 4619 4615 4617
f 4620 4619 4617
f 4618 4621 4622
f 4613 4615 4610
f 4616 4613 4614
f 4615 4616 4617
f 4621 4619 4620
f 4621 4620 4617
f 4621 4662 4622
f 4623 4624 4625
f 4626 4625 4632
f 4626 4623 4625
f 4625 4612 4627
f 4612 4629 4627
f 4628 4627 4629
f 4633 4632 4631
f 4631 4627 4635
f 4633 4631 4635
f 4633 4635 4636
f 4634 4633 4636
f 5007 4634 4636
f 4637 4628 4630
f 4637 4638 3593
f 4668 4644 4602
f 4669 4659 4645
f 4679 4662 4663
f 4650 4674 4673
f 4674 4652 4565
f 4660 4657 4658
f 4655 4648 4671
f 4650 4648 4651
f 4653 4654 4669
f 4660 4658 4654
f 4646 4659 4658
f 4659 4669 4654
f 4649 4657 4661
f 4662 4649 4661
f 4677 4655 4671
f 4665 4655 4664
f 4649 4641 4657
f 4641 4640 4642
f 4642 4639 4598
f 4657 4641 4658
f 4641 4642 4643
f 4659 4646 4645
f 4646 4644 4645
f 4674 4650 4655
f 4656 4655 4665
f 4674 4655 4656
f 4651 4655 4650
f 4654 4658 4659
f 4663 4661 4660
f 4662 4661 4663
f 4677 4663 4664
f 4665 4660 4654
f 4653 4667 4652
f 4668 4666 4667
f 4669 4668 4653
f 4682 3588 4681
f 4681 4672 3537
f 4562 4672 4647
f 4671 4648 4672
f 4678 4679 4677
f 4682 3538 3594
f 4768 4738 4769
f 4128 4738 4768
f 4755 4708 4791
f 4828 4815 4826
f 4818 4816 4853
f 4852 4851 4825
f 4821 4853 4842
f 4729 4695 4733
f 4695 4703 4733
f 4760 4714 4712
f 4791 4720 4796
f 4708 4721 4791
f 4824 4760 4823
f 4760 4758 4823
f 4850 4841 4716
f 4846 4718 4844
f 4846 4844 4845
f 4850 4722 4715
f 4689 4696 4699
f 4707 4706 4711
f 4696 4704 4699
f 4689 4687 4696
f 4699 4700 4693
f 4053 4684 4685
f 4684 4683 4688
f 4683 4686 4688
f 4686 4687 4688
f 4688 4689 4685
f 4693 4700 4694
f 4685 4689 4050
f 4691 4690 4692
f 4691 4692 4728
f 4728 4692 4729
f 4690 4689 4693
f 4690 4693 4694
f 4693 4689 4699
f 4694 4695 4692
f 4692 4695 4729
f 4391 4393 4687
f 4686 4391 4687
f 4687 4393 4696
f 4696 4393 4698
f 4393 4697 4698
f 4396 4697 4393
f 4704 4698 4808
f 4701 4808 4709
f 4700 4702 4703
f 4699 4702 4700
f 4703 4706 4707
f 4700 4703 4694
f 4694 4703 4695
f 4701 4705 4706
f 4701 4706 4702
f 4705 4709 4710
f 4705 4710 4706
f 4706 4710 4711
f 4707 4711 4756
f 4756 4822 4758
f 4824 4714 4760
f 4713 4712 4714
f 4715 4714 4824
f 4727 4724 4725
f 4725 4719 4727
f 4716 4717 4719
f 4796 4723 4798
f 4723 4716 4719
f 4724 4795 4798
f 4717 4841 4718
f 4717 4846 4719
f 4719 4846 4726
f 4721 4720 4791
f 4796 4720 4723
f 4720 4722 4716
f 4723 4719 4725
f 4719 4726 4727
f 4727 4892 4806
f 4806 4805 4727
f 4730 4732 4740
f 4741 4748 4757
f 4732 4733 4741
f 4745 4742 4744
f 4734 4731 4730
f 4729 4733 4731
f 4743 4735 4737
f 4743 4737 4751
f 4752 4737 4746
f 4751 4737 4752
f 4739 4730 4740
f 4737 4736 4739
f 4105 4101 4736
f 4736 4101 4739
f 4735 4105 4736
f 4101 4730 4739
f 4735 4736 4737
f 4125 4743 4738
f 4739 4740 4741
f 4733 4703 4748
f 4733 4748 4741
f 4760 4749 4750
f 4752 4747 4753
f 4750 4758 4760
f 4748 4707 4757
f 4712 4754 4759
f 4759 4749 4760
f 4744 4757 4750
f 4747 4744 4749
f 4747 4745 4744
f 4749 4744 4750
f 4751 4752 4708
f 4708 4752 4754
f 4755 4751 4708
f 4754 4753 4749
f 4707 4756 4757
f 4750 4756 4758
f 4763 4765 4799
f 4799 4765 4800
f 4785 4799 4803
f 4763 4764 4765
f 4762 4766 4764
f 4763 4762 4764
f 4762 4771 4774
f 4770 4127 4768
f 4127 4128 4768
f 4767 4770 4790
f 4765 4766 4793
f 4764 4766 4765
f 4766 4767 4793
f 4770 4768 4769
f 4773 4776 4775
f 4774 4771 4773
f 4782 4789 4784
f 4921 4789 4788
f 4776 4771 4782
f 4771 4772 4782
f 4771 4763 4772
f 4772 4786 4782
f 4775 4776 4777
f 4784 4781 4780
f 4783 4781 4784
f 4783 4784 4789
f 4150 4922 4919
f 4780 4777 4784
f 4150 4783 4918
f 4783 4921 4918
f 4786 4799 4785
f 4786 4772 4799
f 4787 4786 4785
f 4787 4803 4804
f 4787 4804 4948
f 4793 4767 4790
f 4797 4791 4796
f 4769 4755 4792
f 4790 4770 4792
f 4795 4794 4797
f 4765 4793 4794
f 4765 4794 4795
f 4801 4724 4805
f 4803 4802 4804
f 4802 4803 4801
f 4802 4801 4806
f 4698 4807 4808
f 4698 4809 4807
f 4813 4812 4814
f 4810 4814 4817
f 4809 4811 4813
f 4807 4814 4810
f 4709 4808 4810
f 4808 4807 4810
f 4813 4811 4812
f 4807 4813 4814
f 4828 4812 4815
f 4818 4828 4816
f 4821 4817 4818
f 4814 4818 4817
f 4821 4818 4853
f 4820 4842 4825
f 4819 4709 4817
f 4819 4820 4710
f 4820 4821 4842
f 4711 4820 4822
f 4823 4825 4824
f 4823 4820 4825
f 4822 4823 4758
f 4824 4825 4851
f 4822 4820 4823
f 4846 4845 4726
f 4833 4834 4440
f 4829 4816 4858
f 4829 4859 4835
f 4853 4830 4855
f 4830 4816 4829
f 4830 4853 4816
f 4836 4855 4837
f 4832 4829 4835
f 4855 4832 4837
f 4835 4834 4833
f 4839 4840 4835
f 4835 4859 4834
f 4839 4833 4991
f 4835 4833 4839
f 4838 4836 4837
f 4840 4839 4992
f 4993 4838 4837
f 4837 4992 4993
f 4854 4852 4842
f 4849 4843 4854
f 4843 4841 4852
f 4841 4850 4852
f 4844 4847 4848
f 4844 4848 4845
f 4852 4715 4851
f 4842 4853 4855
f 4836 4854 4855
f 4849 4836 4831
f 4838 4848 4831
f 5004 4857 4838
f 4726 4845 4892
f 5004 4856 4857
f 4892 4856 4890
f 4858 4826 4827
f 4816 4828 4826
f 4858 4827 4859
f 4859 4827 4440
f 4967 4985 4987
f 4895 4896 4963
f 4952 4806 4953
f 4955 4895 4963
f 4953 4895 4955
f 4896 4907 4965
f 4959 4985 4908
f 4965 4908 4985
f 4917 4968 4971
f 4977 4917 4971
f 4891 3570 4904
f 4872 4865 4867
f 4871 4872 4873
f 4867 4234 4240
f 4881 4864 4882
f 4871 4873 4876
f 4865 4866 4861
f 4865 4861 4867
f 4234 4867 4861
f 4861 4914 4234
f 4914 4861 4866
f 4914 4866 4860
f 4864 4862 4865
f 4877 4864 4881
f 4864 4872 4871
f 4866 4862 4863
f 4869 4870 4874
f 4872 4868 4873
f 4872 4867 4868
f 4873 4868 4869
f 4874 4917 4875
f 4870 4917 4874
f 4876 4874 4899
f 4900 4874 4875
f 4899 4874 4900
f 3558 4883 4886
f 4877 4881 4880
f 3556 3536 4877
f 3556 4877 3565
f 4880 4878 3565
f 4888 4882 4871
f 4880 4882 3572
f 3572 4882 4888
f 4878 4883 3535
f 4889 4888 4901
f 4895 4953 4894
f 4893 4894 5003
f 4905 4893 4904
f 5003 5005 4891
f 4953 4806 4892
f 4953 4892 5003
f 4896 4894 4905
f 4903 4897 4898
f 4907 4898 4965
f 4906 4903 4898
f 4901 4888 4902
f 4902 4897 4903
f 4871 4876 4902
f 4902 4876 4897
f 4888 4871 4902
f 4898 4876 4899
f 4900 4959 4899
f 4899 4959 4908
f 4903 4906 4904
f 4901 4902 4903
f 4903 4904 4901
f 4916 4558 4911
f 4912 4860 4913
f 4558 4910 4911
f 4913 4911 4912
f 4909 4914 4860
f 4916 4863 4915
f 4559 4916 4915
f 4916 4860 4863
f 4559 4915 4556
f 4957 4961 4946
f 4962 4946 4961
f 4936 4935 4956
f 4931 4949 4788
f 4932 4957 4944
f 4936 4928 4935
f 4934 4924 4933
f 4930 4944 4939
f 4930 4932 4944
f 4924 4919 4922
f 4924 4922 4933
f 4920 4924 4923
f 4923 4924 4934
f 4929 4927 4932
f 4926 4925 4927
f 4937 4929 4930
f 4934 4925 4923
f 4930 4929 4932
f 4932 4928 4936
f 4932 4936 4954
f 4934 4933 4935
f 4935 4949 4956
f 4935 4928 4934
f 4941 4946 4962
f 4942 4943 4981
f 4938 4937 4940
f 4974 4943 4942
f 4974 4940 4943
f 4943 4940 4941
f 4939 4945 4940
f 4940 4945 4941
f 4945 4944 4946
f 4944 4957 4946
f 4981 4943 4947
f 4947 4962 4986
f 4947 4941 4962
f 4942 4981 4976
f 4981 4947 4986
f 4949 4948 4950
f 4951 4953 4950
f 4953 4951 4952
f 4956 4958 4954
f 4958 4950 4955
f 4956 4950 4958
f 4957 4954 4958
f 4958 4955 4963
f 4964 4896 4965
f 4966 4960 4964
f 4961 4958 4960
f 4961 4957 4958
f 4986 4962 4961
f 4961 4960 4986
f 4986 4960 4966
f 4986 4966 4967
f 4963 4896 4964
f 4963 4964 4960
f 4966 4965 4967
f 4966 4964 4965
f 4967 4965 4985
f 4976 4972 4975
f 4979 4976 4981
f 4968 4969 4972
f 4977 4972 4973
f 4972 4971 4968
f 4972 4970 4975
f 4977 4971 4972
f 4973 4972 4976
f 4942 4301 4974
f 4975 4301 4942
f 4875 4977 4982
f 4973 4976 4979
f 4973 4979 4978
f 4982 4977 4980
f 4875 4982 4900
f 4984 4978 4979
f 4979 4981 4984
f 4959 4983 4987
f 4959 4982 4983
f 4985 4959 4987
f 4987 4986 4967
f 5005 4988 4989
f 4991 5006 4634
f 3579 4996 5000
f 4988 5004 4993
f 5004 4838 4993
f 4995 4990 4989
f 4989 3564 4891
f 4996 4992 4839
f 4993 4994 4995
f 4994 4993 4992
f 3585 4994 3596
f 3596 4996 3579
f 3602 4998 3562
f 3560 4997 3561
f 5000 3589 3579
f 4890 5004 4988
f 5003 4890 5005
f 5000 5007 5008
f 5000 5010 3589
f 5011 5009 3595
